
CREATE TABLE IF NOT EXISTS "CLIENT"(
	"numClient" TEXT,
	"nomClient" TEXT,
	"prénomClient" TEXT,
	"adresseRueClient" TEXT,
	"cpClient" NUMERIC,
	"adrVilleClient" TEXT,
	"mailClient" TEXT,
	"telClient" NUMERIC
);

CREATE TABLE IF NOT EXISTS "SEJOUR"(
	"CodeSéjour" TEXT,
	"LibelléSéjour" TEXT
);

CREATE TABLE IF NOT EXISTS "RESERVER"(
	"numClient" TEXT,
	"CodeSéjour" TEXT,
	"DateDébutSéjour" DATETIME
);

CREATE TABLE IF NOT EXISTS "PLANIFIER"(
	"numClient" TEXT,
	"dateSoin" DATETIME,
	"codeSoin" TEXT,
	"heureSoin" TEXT,
	"numPersonnel" NUMERIC
);

CREATE TABLE IF NOT EXISTS "SOIN"(
	"codeSoin" TEXT,
	"libelléSoin" TEXT,
	"duréeSoin" NUMERIC,
	"codeSalon" NUMERIC
);

CREATE TABLE IF NOT EXISTS "SALON"(
	"codeSalon" INTEGER,
	"libelléSalon" TEXT,
	"nombreCabines" NUMERIC,
	PRIMARY KEY("codeSalon" AUTOINCREMENT)
);

CREATE TABLE IF NOT EXISTS "PERSONNEL"(
	"numPersonnel" INTEGER,
	"nomPersonnel" TEXT,
	"prénomPersonnel" TEXT,
	"codeSalon" NUMERIC,
	PRIMARY KEY("numPersonnel" AUTOINCREMENT)
);


INSERT INTO CLIENT VALUES
('CL/ALA1203','ALARDI','Paulette','3 rue de la république',75000,'Paris','paulette.alardi@yahoo.fr',601020304),
('CL/BlN540','BINOUR','Andrée','5 avenue des marroniers',6000,'Nice','a.binour@gmail.com',703020104),
('CL/ CHA901','CHASHAM','Samira','4 place de la résistance',33000,'Bordeaux','samira.chasham@msn.fr',609080704),
('CL/COT753','COTTIN','Madeleine','16 avenue des allouettes',24000,'Périgueux','madeleine.cottin@yahoo.fr',604070809),
('CL/DON2008','DONATELLO','Pierre','23 rue Colette',11000,'Carcassone',Null,705020306),
('CL/EST3503','ESTINUT','Alain','9 bis impasse des Chenus',14000,'Caen','alain.estinut33@yahoo.fr',Null),
('CL/FAR15204','FARAD','Mohammed','12 rue du moulin',16000,'Angoulême','mohammed.farad@hotmail.com',605040603),
('CL/GAR42815','GARRIJO','Esteban','96 boulevard du palais',21000,'Dijon','esteban.garrijo@laposte.net',709005781),
('CL/HEU42816','HEUSTACHE','Linda','1ter rue du cerf-volant',67000,'Strasbourg','linda.heustache@gmail.com',601080604),
('CL/RAF3376','RAFFAEL','Alberto',Null,Null,Null,Null,Null),
('CL/MOR433','MOREL','Jacques',Null,Null,Null,Null,Null),
('CL/ANT1834','ANTUNES','Filipe',Null,Null,Null,Null,Null),
('CL/MES4891','MESANA','Solange',Null,Null,Null,Null,Null),
('CL/WAG694','WAGNER','Emeline',Null,Null,Null,Null,Null),
('CL/DEG469','DEGREMONT','Margot',Null,Null,Null,Null,Null),
('CL/INC945','INCORVAIA','Claire',Null,Null,Null,Null,Null),
('CL/DEG3331','DEGREMONT','Marc',Null,Null,Null,Null,Null),
('CL/GIR1169','GIRY','Ledy',Null,Null,Null,Null,Null),
('CL/BOS1105','BOSSET','Olivier',Null,Null,Null,Null,Null),
('CL/FRU801','FRUTOS','Diego',Null,Null,Null,Null,Null),
('CL/BUE3447','BUETAS','Agnes',Null,Null,Null,Null,Null),
('CL/CAT3119','CATOIR','Manon',Null,Null,Null,Null,Null),
('CL/COR1716','CORDOVADO','Aurore',Null,Null,Null,Null,Null),
('CL/DUR4633','DURAND','Ludivine',Null,Null,Null,Null,Null),
('CL/LEG2937','LEGROUX','Berenice',Null,Null,Null,Null,Null),
('CL/VIL1860','VILLALBA','Magalie',Null,Null,Null,Null,Null),
('CL/IMI1355','IMIZA','Jerome',Null,Null,Null,Null,Null),
('CL/PAL3878','PALANDRE','Amandine',Null,Null,Null,Null,Null),
('CL/JAN3387','JANSON','Marie',Null,Null,Null,Null,Null),
('CL/SIL1153','SILVA','William',Null,Null,Null,Null,Null),
('CL/DEM1439','DEMONT','Pierre',Null,Null,Null,Null,Null),
('CL/WIL2386','WILLEM','Marine',Null,Null,Null,Null,Null),
('CL/DUP4202','DUPIN','Severine',Null,Null,Null,Null,Null),
('CL/ROU4018','ROUQUETTE','Gregory',Null,Null,Null,Null,Null),
('CL/DAU1443','DAURELLE','Clementine',Null,Null,Null,Null,Null),
('CL/BLA2688','BLACHON','Florian',Null,Null,Null,Null,Null),
('CL/BON2141','BONJEAN','Eloise',Null,Null,Null,Null,Null),
('CL/LER4475','LERAT','Marie',Null,Null,Null,Null,Null),
('CL/LER4837','LERAT','Lorraine',Null,Null,Null,Null,Null),
('CL/DEV1358','DEVIGNE','Pauline',Null,Null,Null,Null,Null),
('CL/KEL3794','KELLER','Elsa',Null,Null,Null,Null,Null),
('CL/VIL1353','VILLEMOT','Aline',Null,Null,Null,Null,Null),
('CL/MIT1868','MITHIEUX','Francois',Null,Null,Null,Null,Null),
('CL/LAB4902','LABOURIER','Marie',Null,Null,Null,Null,Null),
('CL/SOY2413','SOYERE','Nathalie',Null,Null,Null,Null,Null),
('CL/TUR2946','TURGIS','Nathalie',Null,Null,Null,Null,Null),
('CL/CHO3748','CHOMEL','Perrine',Null,Null,Null,Null,Null),
('CL/GUY450','GUYOTOT','Marine',Null,Null,Null,Null,Null),
('CL/AVO1647','AVONS','Laure',Null,Null,Null,Null,Null),
('CL/BEA1308','BEAL','Mickael',Null,Null,Null,Null,Null),
('CL/COT2178','COTTIN','Nolwenn',Null,Null,Null,Null,Null),
('CL/COE1556','COEURJOLLY','Anne',Null,Null,Null,Null,Null),
('CL/JUL2336','JULIEN','Vallin',Null,Null,Null,Null,Null),
('CL/CHA4062','CHAILLET','Jean',Null,Null,Null,Null,Null),
('CL/JOU3219','JOUTY','Fabienne',Null,Null,Null,Null,Null),
('CL/LAR4434','LARESE','Alexandra',Null,Null,Null,Null,Null),
('CL/BEA4237','BEAUVAIS','SANIS',Null,Null,Null,Null,Null),
('CL/BOI3009','BOISSE','Martin',Null,Null,Null,Null,Null),
('CL/FOU4307','FOULATIER','Cecile',Null,Null,Null,Null,Null),
('CL/ROB1406','ROBATEL','Line',Null,Null,Null,Null,Null),
('CL/PUT3360','PUTZOLA','Vincent',Null,Null,Null,Null,Null),
('CL/ORA4214','ORAZI','Fred',Null,Null,Null,Null,Null),
('CL/BOT4530','BOTTO','Valentin',Null,Null,Null,Null,Null),
('CL/SAR2417','SARRE','Ghislaine',Null,Null,Null,Null,Null),
('CL/CLE1661','CLERY','Alexandre',Null,Null,Null,Null,Null),
('CL/SAR3097','SARRE','Thierry',Null,Null,Null,Null,Null),
('CL/CHA2196','CHAREYRE','Philippe',Null,Null,Null,Null,Null),
('CL/BAU4972','BAUDRY','Delphine',Null,Null,Null,Null,Null),
('CL/RAP1616','RAPY','Justine',Null,Null,Null,Null,Null),
('CL/DEL3242','DELAUNAY','Clothilde',Null,Null,Null,Null,Null),
('CL/COT705','COTE','Gael',Null,Null,Null,Null,Null),
('CL/MAS2238','MASUREL','Dominique',Null,Null,Null,Null,Null),
('CL/QUE1533','QUER','Dorothee',Null,Null,Null,Null,Null),
('CL/MAR4004','MARTIN','Frederick',Null,Null,Null,Null,Null),
('CL/BRU1234','BRUJAS','Vincent',Null,Null,Null,Null,Null),
('CL/MAU3452','MAURANDI','Brice',Null,Null,Null,Null,Null),
('CL/GUI3223','GUILLERMARD','Bertrand',Null,Null,Null,Null,Null),
('CL/BOU511','BOURMEAU','Adrien',Null,Null,Null,Null,Null),
('CL/MOU2713','MOUROUGANE','Chanemougam',Null,Null,Null,Null,Null),
('CL/CHE4225','CHEVALLIER','Camille',Null,Null,Null,Null,Null),
('CL/PET3816','PETAUD','Tanguy',Null,Null,Null,Null,Null),
('CL/CHO2265','CHOLLEY','Julie',Null,Null,Null,Null,Null),
('CL/BRE4778','BRETHEAU','Nuria',Null,Null,Null,Null,Null),
('CL/JEH3925','JEHANNO','Didier',Null,Null,Null,Null,Null),
('CL/HOU4347','HOUEIX','Yves',Null,Null,Null,Null,Null),
('CL/LEL3225','LELOUP','Gauthier',Null,Null,Null,Null,Null),
('CL/BRE4993','BRETHEAU','Morgane',Null,Null,Null,Null,Null),
('CL/EMM1258','EMMANUELLE','Chaleat',Null,Null,Null,Null,Null),
('CL/LUA2624','LUANGPHAKDY','Caroline',Null,Null,Null,Null,Null),
('CL/RIG2748','RIGNAULT','David',Null,Null,Null,Null,Null),
('CL/TAR473','TARDY','Lydie',Null,Null,Null,Null,Null),
('CL/SER3060','SERRA','Frederic',Null,Null,Null,Null,Null),
('CL/GUI4430','GUILLERMARD','Alizee',Null,Null,Null,Null,Null),
('CL/AND3630','ANDRE','Aline',Null,Null,Null,Null,Null),
('CL/CHA3449','CHAMPAGNE','Romain',Null,Null,Null,Null,Null),
('CL/NAG519','NAGAHAMA','Mauricio',Null,Null,Null,Null,Null),
('CL/AMJ2081','AMJOD','Abdellah',Null,Null,Null,Null,Null),
('CL/TAY3140','TAYANE','Nora',Null,Null,Null,Null,Null),
('CL/TAO3386','TAOUFIK','Moulay',Null,Null,Null,Null,Null),
('CL/SIN1492','SINTES','Regina',Null,Null,Null,Null,Null),
('CL/BER2955','BERTHOULOUX','Ludivine',Null,Null,Null,Null,Null),
('CL/JUL1587','JULLIE','Marie',Null,Null,Null,Null,Null),
('CL/LE 2258','LE BORGNE','Marc',Null,Null,Null,Null,Null),
('CL/HER571','HERBERT','Aurelie',Null,Null,Null,Null,Null),
('CL/GRU1221','GRUFFAT','Hugo',Null,Null,Null,Null,Null),
('CL/AHS3975','AHSBAHS','Isabelle',Null,Null,Null,Null,Null),
('CL/LIE4857','LIEUTAUD','Regis',Null,Null,Null,Null,Null),
('CL/SAL4530','SALLANDRE','Thierry',Null,Null,Null,Null,Null),
('CL/VEU3419','VEUILLET','Jacques',Null,Null,Null,Null,Null),
('CL/VID4103','VIDOT','Elphege',Null,Null,Null,Null,Null),
('CL/FOR922','FORNAS','Charles',Null,Null,Null,Null,Null),
('CL/MAT3556','MATAGNE','Clara',Null,Null,Null,Null,Null),
('CL/CHI3573','CHINA','Katia',Null,Null,Null,Null,Null),
('CL/MAT2401','MATAGNE','Isabelle',Null,Null,Null,Null,Null),
('CL/ROC4323','ROCHER','Camille',Null,Null,Null,Null,Null),
('CL/THE2882','THEBAULT','Jeremie',Null,Null,Null,Null,Null),
('CL/SAL1004','SALLE','Sebastien',Null,Null,Null,Null,Null),
('CL/DE 4440','DE PRAT','Raphael',Null,Null,Null,Null,Null),
('CL/D''A2015','D''ANTONA','Laurine',Null,Null,Null,Null,Null),
('CL/DAA4663','DAANTONA','Aurelie',Null,Null,Null,Null,Null),
('CL/BON3908','BONNIN','Malorie',Null,Null,Null,Null,Null),
('CL/GUE3815','GUEZ','Servane',Null,Null,Null,Null,Null),
('CL/BAL578','BALTZER','Vanessa',Null,Null,Null,Null,Null),
('CL/BEA1826','BEAUSIRE','Marc',Null,Null,Null,Null,Null),
('CL/LHE1670','LHERBIER','Romeo',Null,Null,Null,Null,Null),
('CL/FIO1971','FIORE','Lucien',Null,Null,Null,Null,Null),
('CL/LER1541','LERMA','Yann',Null,Null,Null,Null,Null),
('CL/MOL821','MOLES','Raphael',Null,Null,Null,Null,Null),
('CL/UZU1371','UZUNER','Gulcan',Null,Null,Null,Null,Null),
('CL/FRA2359','FRANCK','Marlene',Null,Null,Null,Null,Null),
('CL/SAB1595','SABRAS','Audrey',Null,Null,Null,Null,Null),
('CL/DUC3643','DUCOROY','Patrick',Null,Null,Null,Null,Null),
('CL/SYL2553','SYLVIE','Papin',Null,Null,Null,Null,Null),
('CL/TRO2175','TROUILLET','Alice',Null,Null,Null,Null,Null),
('CL/BEN3861','BENYOUNES','Oualid',Null,Null,Null,Null,Null),
('CL/FEL3569','FELBER','Philippe',Null,Null,Null,Null,Null),
('CL/LES792','LESUR','Ludovic',Null,Null,Null,Null,Null),
('CL/JEH2561','JEHANNO','Julia',Null,Null,Null,Null,Null),
('CL/BER2403','BERGER','Emile',Null,Null,Null,Null,Null),
('CL/VIL851','VILLALBA','Manon',Null,Null,Null,Null,Null),
('CL/ROD4071','RODRIGUES','Steve',Null,Null,Null,Null,Null),
('CL/DOU1502','DOUAUD','Charlotte',Null,Null,Null,Null,Null),
('CL/CON691','CONSTANTINIDES','Thierry',Null,Null,Null,Null,Null),
('CL/GOU745','GOURLET','Isabelle',Null,Null,Null,Null,Null),
('CL/WIL4788','WILLIAMS','Pamela',Null,Null,Null,Null,Null),
('CL/HOL406','HOLMES','Laurence',Null,Null,Null,Null,Null),
('CL/ROM3956','ROMEO','Juliet',Null,Null,Null,Null,Null),
('CL/SAU4263','SAUNIER','Theophane',Null,Null,Null,Null,Null),
('CL/DEL1348','DELISLE','Patric',Null,Null,Null,Null,Null),
('CL/DEL2251','DELISLE','Albane',Null,Null,Null,Null,Null),
('CL/DEC475','DECONINCK','Louis',Null,Null,Null,Null,Null),
('CL/CHA3371','CHARMION','Anne',Null,Null,Null,Null,Null),
('CL/COU1229','COURTES','Dorothee',Null,Null,Null,Null,Null),
('CL/AUB854','AUBERT','Emmanuelle',Null,Null,Null,Null,Null),
('CL/HUS4103','HUSSON','Nathan',Null,Null,Null,Null,Null),
('CL/NOC1988','NOCA','Dominique',Null,Null,Null,Null,Null),
('CL/BES622','BESSIERE','Florence',Null,Null,Null,Null,Null),
('CL/ORT2254','ORTEGA','Sylvain',Null,Null,Null,Null,Null),
('CL/ZYL569','ZYLBERBLAT','Marc',Null,Null,Null,Null,Null),
('CL/VAC3458','VACHETTE','Marie',Null,Null,Null,Null,Null),
('CL/GIO2725','GIORDANO','Lucas',Null,Null,Null,Null,Null),
('CL/CHR4407','CHRISTEL','Chabert',Null,Null,Null,Null,Null)
;
INSERT INTO SEJOUR VALUES
('MRF','MER & REMISE EN FORME'),
('MDT','MER & DÉTENTE'),
('MRD','MER & RÉÉDUCATION'),
('MSJ','MER & SOINS DES JAMBES'),
('MSD','MER & SOINS DU DOS'),
('MCS','MER & CAPITAL SOMMEIL'),
('MPL','MER & PLÉNITUDE'),
('MBI','MER & BIEN ÊTRE INTENSE'),
('MAA','MER & ANTI-ÂGE'),
('MMD','MER & MÉDITATION'),
('MPF','MER & POIDS FORME'),
('MDX','MER & DÉTOX'),
('MMM','MER & MINCEUR AU MASCULIN'),
('MMF','MER & MINCEUR AU FEMININ'),
('MJM','MER & JEUNE MAMAN'),
('MMB','MER & MAMAN BÉBÉ')
;
INSERT INTO RESERVER VALUES
('CL/ROB1406','MMM','2021-01-18'),
('CL/BOS1105','MMM','2021-03-08'),
('CL/CHA4062','MSJ','2021-03-15'),
('CL/FRU801','MRF','2021-03-29'),
('CL/MAS2238','MJM','2021-06-07'),
('CL/COT2178','MPF','2021-07-05'),
('CL/CHI3573','MRF','2021-08-16'),
('CL/HER571','MMM','2021-09-06'),
('CL/ZYL569','MAA','2021-09-27'),
('CL/INC945','MDX','2021-10-11'),
('CL/PAL3878','MRD','2021-10-25'),
('CL/BEN3861','MMF','2021-11-08'),
('CL/FEL3569','MSJ','2021-12-06'),
('CL/FEL3569','MCS','2022-01-03'),
('CL/BRE4993','MSD','2022-01-10'),
('CL/MES4891','MBI','2022-01-24'),
('CL/ROM3956','MPL','2022-02-07'),
('CL/JOU3219','MPL','2022-02-14'),
('CL/LIE4857','MCS','2022-02-21'),
('CL/FEL3569','MRF','2022-02-28'),
('CL/EMM1258','MRF','2022-03-14'),
('CL/LAR4434','MMF','2022-04-04'),
('CL/COE1556','MSD','2022-04-11'),
('CL/BAL578','MSJ','2022-05-09'),
('CL/DE 4440','MPF','2022-05-30'),
('CL/LE 2258','MMF','2022-06-13'),
('CL/BAU4972','MRF','2022-06-13'),
('CL/GUI4430','MAA','2022-06-27'),
('CL/THE2882','MMD','2022-08-01'),
('CL/D''A2015','MJM','2022-08-08'),
('CL/BER2955','MPF','2022-08-15'),
('CL/COT2178','MBI','2022-09-19'),
('CL/TAR473','MMD','2022-10-03'),
('CL/AUB854','MCS','2022-10-10'),
('CL/COT705','MRF','2022-10-31'),
('CL/GUI4430','MDT','2022-11-14'),
('CL/LIE4857','MJM','2022-11-28'),
('CL/BOS1105','MCS','2022-12-12'),
('CL/UZU1371','MSJ','2023-01-09'),
('CL/BRE4778','MCS','2023-01-09'),
('CL/AUB854','MPF','2023-01-09'),
('CL/GUE3815','MSD','2023-01-16'),
('CL/DEV1358','MAA','2023-01-23'),
('CL/TAO3386','MMD','2023-01-30'),
('CL/DEV1358','MRF','2023-01-30'),
('CL/MAU3452','MMM','2023-02-06'),
('CL/SIN1492','MPF','2023-02-20'),
('CL/LAB4902','MMD','2023-02-20'),
('CL/DEM1439','MPF','2023-02-20'),
('CL/DUC3643','MSJ','2023-02-27'),
('CL/SAR2417','MMB','2023-03-06'),
('CL/BEA4237','MPF','2023-03-13'),
('CL/CHR4407','MPF','2023-03-20'),
('CL/LHE1670','MRF','2023-03-27'),
('CL/LER4475','MDT','2023-04-03'),
('CL/WAG694','MMD','2023-04-10'),
('CL/DEL2251','MSJ','2023-04-10'),
('CL/VIL1860','MJM','2023-04-17'),
('CL/CHA3449','MDX','2023-04-17'),
('CL/BEN3861','MBI','2023-04-17'),
('CL/GRU1221','MCS','2023-04-24'),
('CL/UZU1371','MDT','2023-05-01'),
('CL/DEM1439','MSD','2023-05-01'),
('CL/TAR473','MRD','2023-05-08'),
('CL/BOU511','MDX','2023-05-08'),
('CL/LE 2258','MBI','2023-05-15'),
('CL/BER2403','MPF','2023-05-15'),
('CL/DAA4663','MRD','2023-05-22'),
('CL/GIR1169','MRF','2023-05-29'),
('CL/CLE1661','MRD','2023-05-29')
;
INSERT INTO PLANIFIER VALUES
('CL/ALA1203','2021-01-18','MCALG','09:00:00',4),
('CL/ALA1203','2021-01-18','BIOA','09:40:00',11),
('CL/ALA1203','2021-01-18','M4M','11:10:00',8),
('CL/ALA1203','2021-01-18','AFDI','12:20:00',8),
('CL/ALA1203','2021-01-19','MHE','14:00:00',3),
('CL/ALA1203','2021-01-19','MVRA','16:20:00',13),
('CL/ALA1203','2021-01-19','MTC','15:35:00',10),
('CL/ALA1203','2021-01-19','MVIA','17:35:00',1),
('CL/ALA1203','2021-01-20','BAJE','09:00:00',13),
('CL/ALA1203','2021-01-20','MCALG','10:35:00',16),
('CL/ALA1203','2021-01-20','ONDO','10:40:00',7),
('CL/ALA1203','2021-01-20','AYUR','11:50:00',2),
('CL/ALA1203','2021-01-21','AYUR','09:00:00',16),
('CL/ALA1203','2021-01-21','MVIA','10:50:00',3),
('CL/ALA1203','2021-01-21','MVO','10:50:00',8),
('CL/ALA1203','2021-01-21','MIR','11:50:00',2),
('CL/ALA1203','2021-01-22','MIR','14:00:00',14),
('CL/ALA1203','2021-01-22','MVIA','14:50:00',2),
('CL/ALA1203','2021-01-22','MCTV','15:50:00',6),
('CL/ALA1203','2021-01-22','BIOA','17:20:00',17),
('CL/ALA1203','2021-01-23','MHE','09:00:00',3),
('CL/ALA1203','2021-01-23','ONDO','11:20:00',14),
('CL/ALA1203','2021-01-23','MVIA','10:50:00',3),
('CL/ALA1203','2021-01-23','ONDO','11:50:00',13),
('CL/BlN540','2021-03-08','M4M','09:00:00',13),
('CL/BlN540','2021-03-08','AYUR','10:20:00',8),
('CL/BlN540','2021-03-08','AYUR','11:50:00',15),
('CL/BlN540','2021-03-08','BIOA','12:50:00',15),
('CL/BlN540','2021-03-09','MHE','14:00:00',2),
('CL/BlN540','2021-03-09','MCALG','16:20:00',14),
('CL/BlN540','2021-03-09','ONDO','15:40:00',4),
('CL/BlN540','2021-03-09','M4M','16:50:00',4),
('CL/BlN540','2021-03-10','MCTV','09:00:00',9),
('CL/BlN540','2021-03-10','MCTV','10:20:00',3),
('CL/BlN540','2021-03-10','MCHIB','11:20:00',13),
('CL/BlN540','2021-03-10','MVIA','12:35:00',17),
('CL/BlN540','2021-03-11','BAJE','09:00:00',1),
('CL/BlN540','2021-03-11','ONDO','10:35:00',4),
('CL/BlN540','2021-03-11','BAJE','10:50:00',17),
('CL/BlN540','2021-03-11','M4M','12:35:00',15),
('CL/BlN540','2021-03-12','MTC','14:00:00',10),
('CL/BlN540','2021-03-12','AFDI','15:35:00',3),
('CL/BlN540','2021-03-12','AYUR','15:35:00',7),
('CL/BlN540','2021-03-12','MVRA','17:50:00',15),
('CL/BlN540','2021-03-13','BIOA','09:00:00',1),
('CL/BlN540','2021-03-13','MHE','10:10:00',13),
('CL/BlN540','2021-03-13','MCTV','12:20:00',14),
('CL/BlN540','2021-03-13','BAJE','12:20:00',16),
('CL/ CHA901','2021-03-15','MHE','09:00:00',5),
('CL/ CHA901','2021-03-15','MCALG','11:20:00',17),
('CL/ CHA901','2021-03-15','MCALG','10:40:00',17),
('CL/ CHA901','2021-03-15','AYUR','11:40:00',8),
('CL/ CHA901','2021-03-16','MVRA','14:00:00',13),
('CL/ CHA901','2021-03-16','MCALG','14:35:00',16),
('CL/ CHA901','2021-03-16','AFDI','15:40:00',2),
('CL/ CHA901','2021-03-16','MVIA','16:35:00',2),
('CL/ CHA901','2021-03-17','MVO','09:00:00',2),
('CL/ CHA901','2021-03-17','MHE','09:50:00',6),
('CL/ CHA901','2021-03-17','BAJE','12:20:00',3),
('CL/ CHA901','2021-03-17','BAJE','12:35:00',11),
('CL/ CHA901','2021-03-18','MVO','09:00:00',17),
('CL/ CHA901','2021-03-18','MCALG','09:50:00',4),
('CL/ CHA901','2021-03-18','MVO','10:40:00',5),
('CL/ CHA901','2021-03-18','MIR','11:50:00',7),
('CL/ CHA901','2021-03-19','MVIA','14:00:00',16),
('CL/ CHA901','2021-03-19','MIR','14:50:00',13),
('CL/ CHA901','2021-03-19','BAJE','15:50:00',7),
('CL/ CHA901','2021-03-19','ONDO','17:35:00',15),
('CL/ CHA901','2021-03-20','MVIA','09:00:00',15),
('CL/ CHA901','2021-03-20','BAJE','09:50:00',3),
('CL/ CHA901','2021-03-20','MHE','11:35:00',6),
('CL/ CHA901','2021-03-20','AYUR','13:20:00',13),
('CL/COT753','2021-03-29','M4M','09:00:00',5),
('CL/COT753','2021-03-29','AFDI','10:20:00',17),
('CL/COT753','2021-03-29','BIOA','10:35:00',2),
('CL/COT753','2021-03-29','MCHIB','12:10:00',13),
('CL/COT753','2021-03-30','BIOA','14:00:00',12),
('CL/COT753','2021-03-30','M4M','15:10:00',2),
('CL/COT753','2021-03-30','MCHIB','16:20:00',11),
('CL/COT753','2021-03-30','ONDO','17:35:00',14),
('CL/COT753','2021-03-31','MCALG','09:00:00',8),
('CL/COT753','2021-03-31','MVRA','09:40:00',10),
('CL/COT753','2021-03-31','MCTV','10:35:00',3),
('CL/COT753','2021-03-31','MVO','12:20:00',5),
('CL/COT753','2021-04-01','MCALG','09:00:00',12),
('CL/COT753','2021-04-01','MCALG','09:40:00',8),
('CL/COT753','2021-04-01','MVO','10:40:00',5),
('CL/COT753','2021-04-01','MIR','11:50:00',7),
('CL/COT753','2021-04-02','MTC','14:00:00',11),
('CL/COT753','2021-04-02','MCHIB','15:35:00',6),
('CL/COT753','2021-04-02','BAJE','16:35:00',1),
('CL/COT753','2021-04-02','MHE','17:35:00',6),
('CL/COT753','2021-04-03','MCTV','09:00:00',11),
('CL/COT753','2021-04-03','MCHIB','10:20:00',8),
('CL/COT753','2021-04-03','MCTV','11:35:00',5),
('CL/COT753','2021-04-03','MCALG','12:20:00',16),
('CL/DON2008','2021-06-07','MVIA','09:00:00',3),
('CL/DON2008','2021-06-07','ONDO','09:50:00',5),
('CL/DON2008','2021-06-07','ONDO','10:50:00',10),
('CL/DON2008','2021-06-07','MIR','11:50:00',4),
('CL/DON2008','2021-06-08','MTC','14:00:00',7),
('CL/DON2008','2021-06-08','MHE','15:35:00',16),
('CL/DON2008','2021-06-08','MVIA','17:20:00',2),
('CL/DON2008','2021-06-08','BAJE','16:50:00',16),
('CL/DON2008','2021-06-09','MVO','09:00:00',7),
('CL/DON2008','2021-06-09','MIR','09:50:00',6),
('CL/DON2008','2021-06-09','MHE','10:50:00',3),
('CL/DON2008','2021-06-09','AYUR','13:20:00',11),
('CL/DON2008','2021-06-10','MCTV','09:00:00',13),
('CL/DON2008','2021-06-10','MTC','10:20:00',11),
('CL/DON2008','2021-06-10','MVRA','11:35:00',9),
('CL/DON2008','2021-06-10','AFDI','11:35:00',7),
('CL/DON2008','2021-06-11','M4M','14:00:00',6),
('CL/DON2008','2021-06-11','AFDI','15:20:00',16),
('CL/DON2008','2021-06-11','MIR','15:35:00',14),
('CL/DON2008','2021-06-11','MCALG','16:50:00',11),
('CL/DON2008','2021-06-12','ONDO','09:00:00',13),
('CL/DON2008','2021-06-12','MHE','09:50:00',17),
('CL/DON2008','2021-06-12','AYUR','12:20:00',9),
('CL/DON2008','2021-06-12','M4M','12:50:00',15),
('CL/EST3503','2021-07-05','AFDI','09:00:00',9),
('CL/EST3503','2021-07-05','MTC','09:35:00',7),
('CL/EST3503','2021-07-05','MTC','11:35:00',10),
('CL/EST3503','2021-07-05','AYUR','12:35:00',13),
('CL/EST3503','2021-07-06','MHE','14:00:00',6),
('CL/EST3503','2021-07-06','BAJE','16:20:00',8),
('CL/EST3503','2021-07-06','MIR','16:35:00',17),
('CL/EST3503','2021-07-06','MTC','16:50:00',16),
('CL/EST3503','2021-07-07','BAJE','09:00:00',5),
('CL/EST3503','2021-07-07','MVO','10:35:00',11),
('CL/EST3503','2021-07-07','AYUR','10:50:00',9),
('CL/EST3503','2021-07-07','MCALG','12:50:00',1),
('CL/EST3503','2021-07-08','MVIA','09:00:00',1),
('CL/EST3503','2021-07-08','BAJE','09:50:00',15),
('CL/EST3503','2021-07-08','MHE','11:35:00',6),
('CL/EST3503','2021-07-08','MHE','13:20:00',2),
('CL/EST3503','2021-07-09','MVRA','14:00:00',3),
('CL/EST3503','2021-07-09','AFDI','14:35:00',11),
('CL/EST3503','2021-07-09','MCHIB','15:35:00',1),
('CL/EST3503','2021-07-09','MVIA','17:35:00',15),
('CL/EST3503','2021-07-10','M4M','09:00:00',17),
('CL/EST3503','2021-07-10','MVIA','10:20:00',17),
('CL/EST3503','2021-07-10','ONDO','10:50:00',1),
('CL/EST3503','2021-07-10','MVIA','11:50:00',16),
('CL/FAR15204','2021-08-16','MCHIB','09:00:00',5),
('CL/FAR15204','2021-08-16','MIR','10:35:00',13),
('CL/FAR15204','2021-08-16','MCHIB','10:50:00',17),
('CL/FAR15204','2021-08-16','MHE','12:35:00',7),
('CL/FAR15204','2021-08-17','MCHIB','14:00:00',1),
('CL/FAR15204','2021-08-17','MVRA','15:35:00',1),
('CL/FAR15204','2021-08-17','MVIA','15:35:00',6),
('CL/FAR15204','2021-08-17','MVRA','16:50:00',4),
('CL/FAR15204','2021-08-18','MCHIB','09:00:00',4),
('CL/FAR15204','2021-08-18','MIR','10:35:00',12),
('CL/FAR15204','2021-08-18','AYUR','10:50:00',3),
('CL/FAR15204','2021-08-18','MHE','12:50:00',5),
('CL/FAR15204','2021-08-19','MHE','09:00:00',12),
('CL/FAR15204','2021-08-19','AFDI','11:20:00',17),
('CL/FAR15204','2021-08-19','MTC','10:35:00',15),
('CL/FAR15204','2021-08-19','MCALG','12:35:00',14),
('CL/FAR15204','2021-08-20','MVRA','14:00:00',11),
('CL/FAR15204','2021-08-20','MCTV','14:35:00',6),
('CL/FAR15204','2021-08-20','BIOA','16:20:00',13),
('CL/FAR15204','2021-08-20','M4M','17:10:00',8),
('CL/FAR15204','2021-08-21','MVRA','09:00:00',1),
('CL/FAR15204','2021-08-21','MCALG','09:35:00',8),
('CL/FAR15204','2021-08-21','AFDI','10:40:00',14),
('CL/FAR15204','2021-08-21','AFDI','11:35:00',7),
('CL/GAR42815','2021-09-06','AYUR','09:00:00',16),
('CL/GAR42815','2021-09-06','BIOA','10:50:00',7),
('CL/GAR42815','2021-09-06','M4M','11:10:00',10),
('CL/GAR42815','2021-09-06','BIOA','12:20:00',1),
('CL/GAR42815','2021-09-07','BAJE','14:00:00',13),
('CL/GAR42815','2021-09-07','MCALG','15:35:00',11),
('CL/GAR42815','2021-09-07','MCHIB','15:40:00',13),
('CL/GAR42815','2021-09-07','MVRA','17:35:00',7),
('CL/GAR42815','2021-09-08','AFDI','09:00:00',12),
('CL/GAR42815','2021-09-08','MVRA','09:35:00',1),
('CL/GAR42815','2021-09-08','AFDI','10:35:00',2),
('CL/GAR42815','2021-09-08','MVIA','11:35:00',6),
('CL/GAR42815','2021-09-09','MCHIB','09:00:00',6),
('CL/GAR42815','2021-09-09','MIR','10:35:00',17),
('CL/GAR42815','2021-09-09','BIOA','10:50:00',14),
('CL/GAR42815','2021-09-09','AFDI','12:10:00',14),
('CL/GAR42815','2021-09-10','BAJE','14:00:00',8),
('CL/GAR42815','2021-09-10','MTC','15:35:00',17),
('CL/GAR42815','2021-09-10','MCALG','16:35:00',13),
('CL/GAR42815','2021-09-10','MCALG','16:40:00',12),
('CL/GAR42815','2021-09-11','ONDO','09:00:00',14),
('CL/GAR42815','2021-09-11','MVO','09:50:00',12),
('CL/GAR42815','2021-09-11','MVRA','10:50:00',7),
('CL/GAR42815','2021-09-11','MCALG','11:35:00',7),
('CL/HEU42816','2021-09-27','MVRA','09:00:00',4),
('CL/HEU42816','2021-09-27','AYUR','09:35:00',3),
('CL/HEU42816','2021-09-27','AFDI','11:50:00',10),
('CL/HEU42816','2021-09-27','MTC','11:35:00',10),
('CL/HEU42816','2021-09-28','AFDI','14:00:00',10),
('CL/HEU42816','2021-09-28','BIOA','14:35:00',5),
('CL/HEU42816','2021-09-28','MVO','16:10:00',1),
('CL/HEU42816','2021-09-28','MHE','16:50:00',4),
('CL/HEU42816','2021-09-29','ONDO','09:00:00',11),
('CL/HEU42816','2021-09-29','MVRA','09:50:00',10),
('CL/HEU42816','2021-09-29','AYUR','10:35:00',13),
('CL/HEU42816','2021-09-29','BAJE','12:50:00',4),
('CL/HEU42816','2021-09-30','MHE','09:00:00',14),
('CL/HEU42816','2021-09-30','MCALG','11:20:00',3),
('CL/HEU42816','2021-09-30','MVRA','10:40:00',9),
('CL/HEU42816','2021-09-30','MVIA','11:35:00',17),
('CL/HEU42816','2021-10-01','MHE','14:00:00',2),
('CL/HEU42816','2021-10-01','MTC','16:20:00',9),
('CL/HEU42816','2021-10-01','MVRA','16:35:00',16),
('CL/HEU42816','2021-10-01','BAJE','16:35:00',7),
('CL/HEU42816','2021-10-02','MCHIB','09:00:00',15),
('CL/HEU42816','2021-10-02','MIR','10:35:00',6),
('CL/HEU42816','2021-10-02','MTC','10:50:00',15),
('CL/HEU42816','2021-10-02','MVO','12:35:00',4),
('CL/RAF3376','2021-10-11','MIR','00:00:00',14),
('CL/RAF3376','2021-10-11','BAJE','00:50:00',15),
('CL/RAF3376','2021-10-11','MVIA','01:35:00',13),
('CL/RAF3376','2021-10-11','MTC','00:50:00',1),
('CL/RAF3376','2021-10-12','MIR','00:00:00',10),
('CL/RAF3376','2021-10-12','M4M','00:50:00',15),
('CL/RAF3376','2021-10-12','MIR','01:20:00',7),
('CL/RAF3376','2021-10-12','AYUR','00:50:00',5),
('CL/RAF3376','2021-10-13','MIR','00:00:00',17),
('CL/RAF3376','2021-10-13','M4M','00:50:00',6),
('CL/RAF3376','2021-10-13','MVRA','01:20:00',14),
('CL/RAF3376','2021-10-13','M4M','00:35:00',16),
('CL/RAF3376','2021-10-14','MVO','00:00:00',4),
('CL/RAF3376','2021-10-14','BAJE','00:50:00',5),
('CL/RAF3376','2021-10-14','AYUR','01:35:00',8),
('CL/RAF3376','2021-10-14','BAJE','01:50:00',6),
('CL/RAF3376','2021-10-15','M4M','00:00:00',10),
('CL/RAF3376','2021-10-15','MCALG','01:20:00',15),
('CL/RAF3376','2021-10-15','MCTV','00:40:00',17),
('CL/RAF3376','2021-10-15','MVRA','01:20:00',16),
('CL/RAF3376','2021-10-16','MVRA','00:00:00',13),
('CL/RAF3376','2021-10-16','ONDO','00:35:00',17),
('CL/RAF3376','2021-10-16','ONDO','00:50:00',6),
('CL/RAF3376','2021-10-16','ONDO','00:50:00',4),
('CL/MOR433','2021-10-25','BAJE','00:00:00',12),
('CL/MOR433','2021-10-25','MHE','01:35:00',4),
('CL/MOR433','2021-10-25','MIR','02:20:00',13),
('CL/MOR433','2021-10-25','MCTV','00:50:00',10),
('CL/MOR433','2021-10-26','MVO','00:00:00',8),
('CL/MOR433','2021-10-26','AFDI','00:50:00',14),
('CL/MOR433','2021-10-26','M4M','00:35:00',17),
('CL/MOR433','2021-10-26','M4M','01:20:00',15),
('CL/MOR433','2021-10-27','MVIA','00:00:00',14),
('CL/MOR433','2021-10-27','M4M','00:50:00',1),
('CL/MOR433','2021-10-27','BIOA','01:20:00',7),
('CL/MOR433','2021-10-27','MCTV','01:10:00',6),
('CL/MOR433','2021-10-28','M4M','00:00:00',5),
('CL/MOR433','2021-10-28','BIOA','01:20:00',15),
('CL/MOR433','2021-10-28','MCHIB','01:10:00',7),
('CL/MOR433','2021-10-28','MTC','01:35:00',2),
('CL/MOR433','2021-10-29','BAJE','00:00:00',2),
('CL/MOR433','2021-10-29','MHE','01:35:00',9),
('CL/MOR433','2021-10-29','MCHIB','02:20:00',11),
('CL/MOR433','2021-10-29','MCHIB','01:35:00',17),
('CL/MOR433','2021-10-30','MCALG','00:00:00',1),
('CL/MOR433','2021-10-30','MIR','00:40:00',2),
('CL/MOR433','2021-10-30','MCHIB','00:50:00',3),
('CL/MOR433','2021-10-30','ONDO','01:35:00',15),
('CL/ANT1834','2021-11-08','ONDO','00:00:00',14),
('CL/ANT1834','2021-11-08','MVO','00:50:00',2),
('CL/ANT1834','2021-11-08','BIOA','00:50:00',7),
('CL/ANT1834','2021-11-08','AYUR','01:10:00',5),
('CL/ANT1834','2021-11-09','MHE','00:00:00',3),
('CL/ANT1834','2021-11-09','MHE','02:20:00',8),
('CL/ANT1834','2021-11-09','MHE','02:20:00',8),
('CL/ANT1834','2021-11-09','ONDO','02:20:00',4),
('CL/ANT1834','2021-11-10','MCTV','00:00:00',7),
('CL/ANT1834','2021-11-10','MCTV','01:20:00',4),
('CL/ANT1834','2021-11-10','BIOA','01:20:00',17),
('CL/ANT1834','2021-11-10','BAJE','01:10:00',8),
('CL/ANT1834','2021-11-11','MVRA','00:00:00',8),
('CL/ANT1834','2021-11-11','MIR','00:35:00',15),
('CL/ANT1834','2021-11-11','M4M','00:50:00',8),
('CL/ANT1834','2021-11-11','AYUR','01:20:00',4),
('CL/ANT1834','2021-11-12','AFDI','00:00:00',4),
('CL/ANT1834','2021-11-12','M4M','00:35:00',15),
('CL/ANT1834','2021-11-12','ONDO','01:20:00',10),
('CL/ANT1834','2021-11-12','MTC','00:50:00',13),
('CL/ANT1834','2021-11-13','BAJE','00:00:00',1),
('CL/ANT1834','2021-11-13','MHE','01:35:00',8),
('CL/ANT1834','2021-11-13','MVO','02:20:00',16),
('CL/ANT1834','2021-11-13','MVIA','00:50:00',13),
('CL/MES4891','2021-12-06','MVIA','00:00:00',1),
('CL/MES4891','2021-12-06','AYUR','00:50:00',2),
('CL/MES4891','2021-12-06','MTC','01:50:00',9),
('CL/MES4891','2021-12-06','MVO','01:35:00',3),
('CL/MES4891','2021-12-07','M4M','00:00:00',2),
('CL/MES4891','2021-12-07','MTC','01:20:00',9),
('CL/MES4891','2021-12-07','MCTV','01:35:00',11),
('CL/MES4891','2021-12-07','M4M','01:20:00',4),
('CL/MES4891','2021-12-08','MVIA','00:00:00',15),
('CL/MES4891','2021-12-08','MHE','00:50:00',3),
('CL/MES4891','2021-12-08','AYUR','02:20:00',8),
('CL/MES4891','2021-12-08','MCHIB','01:50:00',9),
('CL/MES4891','2021-12-09','MCALG','00:00:00',9),
('CL/MES4891','2021-12-09','M4M','00:40:00',13),
('CL/MES4891','2021-12-09','MHE','01:20:00',10),
('CL/MES4891','2021-12-09','BIOA','02:20:00',3),
('CL/MES4891','2021-12-10','AFDI','00:00:00',6),
('CL/MES4891','2021-12-10','MVRA','00:35:00',4),
('CL/MES4891','2021-12-10','MCTV','00:35:00',15),
('CL/MES4891','2021-12-10','BIOA','01:20:00',8),
('CL/MES4891','2021-12-11','AFDI','00:00:00',1),
('CL/MES4891','2021-12-11','BAJE','00:35:00',15),
('CL/MES4891','2021-12-11','ONDO','01:35:00',6),
('CL/MES4891','2021-12-11','MTC','00:50:00',15),
('CL/WAG694','2022-01-03','MVRA','00:00:00',14),
('CL/WAG694','2022-01-03','MCHIB','00:35:00',16),
('CL/WAG694','2022-01-03','MVO','01:35:00',17),
('CL/WAG694','2022-01-03','MHE','00:50:00',5),
('CL/WAG694','2022-01-04','MCALG','00:00:00',17),
('CL/WAG694','2022-01-04','AYUR','00:40:00',6),
('CL/WAG694','2022-01-04','MHE','01:50:00',10),
('CL/WAG694','2022-01-04','MVIA','02:20:00',9),
('CL/WAG694','2022-01-05','MIR','00:00:00',7),
('CL/WAG694','2022-01-05','MHE','00:50:00',7),
('CL/WAG694','2022-01-05','MVO','02:20:00',2),
('CL/WAG694','2022-01-05','AYUR','00:50:00',3),
('CL/WAG694','2022-01-06','M4M','00:00:00',9),
('CL/WAG694','2022-01-06','MVO','01:20:00',10),
('CL/WAG694','2022-01-06','BIOA','00:50:00',14),
('CL/WAG694','2022-01-06','ONDO','01:10:00',2),
('CL/WAG694','2022-01-07','MVO','00:00:00',4),
('CL/WAG694','2022-01-07','MTC','00:50:00',7),
('CL/WAG694','2022-01-07','MCHIB','01:35:00',15),
('CL/WAG694','2022-01-07','MVRA','01:35:00',3),
('CL/WAG694','2022-01-08','MVRA','00:00:00',7),
('CL/WAG694','2022-01-08','MVRA','00:35:00',14),
('CL/WAG694','2022-01-08','MVRA','00:35:00',1),
('CL/WAG694','2022-01-08','MVRA','00:35:00',9),
('CL/DEG469','2022-01-10','MCTV','00:00:00',11),
('CL/DEG469','2022-01-10','MHE','01:20:00',11),
('CL/DEG469','2022-01-10','MVIA','02:20:00',13),
('CL/DEG469','2022-01-10','MCALG','00:50:00',10),
('CL/DEG469','2022-01-11','MCALG','00:00:00',13),
('CL/DEG469','2022-01-11','BIOA','00:40:00',14),
('CL/DEG469','2022-01-11','BIOA','01:10:00',6),
('CL/DEG469','2022-01-11','MVRA','01:10:00',3),
('CL/DEG469','2022-01-12','MCALG','00:00:00',5),
('CL/DEG469','2022-01-12','MCTV','00:40:00',16),
('CL/DEG469','2022-01-12','BIOA','01:20:00',5),
('CL/DEG469','2022-01-12','MVIA','01:10:00',15),
('CL/DEG469','2022-01-13','BAJE','00:00:00',12),
('CL/DEG469','2022-01-13','AYUR','01:35:00',7),
('CL/DEG469','2022-01-13','AYUR','01:50:00',9),
('CL/DEG469','2022-01-13','ONDO','01:50:00',8),
('CL/DEG469','2022-01-14','M4M','00:00:00',17),
('CL/DEG469','2022-01-14','MCTV','01:20:00',7),
('CL/DEG469','2022-01-14','AFDI','01:20:00',8),
('CL/DEG469','2022-01-14','BAJE','00:35:00',3),
('CL/DEG469','2022-01-15','MIR','00:00:00',5),
('CL/DEG469','2022-01-15','M4M','00:50:00',2),
('CL/DEG469','2022-01-15','MCHIB','01:20:00',7),
('CL/DEG469','2022-01-15','MIR','01:35:00',6),
('CL/INC945','2022-01-24','AFDI','00:00:00',10),
('CL/INC945','2022-01-24','MVIA','00:35:00',16),
('CL/INC945','2022-01-24','MHE','00:50:00',5),
('CL/INC945','2022-01-24','AFDI','02:20:00',10),
('CL/INC945','2022-01-25','MTC','00:00:00',10),
('CL/INC945','2022-01-25','MTC','01:35:00',2),
('CL/INC945','2022-01-25','MCTV','01:35:00',13),
('CL/INC945','2022-01-25','MTC','01:20:00',5),
('CL/INC945','2022-01-26','ONDO','00:00:00',9),
('CL/INC945','2022-01-26','BAJE','00:50:00',8),
('CL/INC945','2022-01-26','MIR','01:35:00',6),
('CL/INC945','2022-01-26','MHE','00:50:00',3),
('CL/INC945','2022-01-27','MTC','00:00:00',8),
('CL/INC945','2022-01-27','MVO','01:35:00',2),
('CL/INC945','2022-01-27','BIOA','00:50:00',7),
('CL/INC945','2022-01-27','MHE','01:10:00',4),
('CL/INC945','2022-01-28','AFDI','00:00:00',2),
('CL/INC945','2022-01-28','MCTV','00:35:00',13),
('CL/INC945','2022-01-28','MVO','01:20:00',14),
('CL/INC945','2022-01-28','ONDO','00:50:00',11),
('CL/INC945','2022-01-29','MIR','00:00:00',7),
('CL/INC945','2022-01-29','AFDI','00:50:00',2),
('CL/INC945','2022-01-29','MHE','00:35:00',9),
('CL/INC945','2022-01-29','AFDI','02:20:00',11),
('CL/DEG3331','2022-02-07','MHE','00:00:00',13),
('CL/DEG3331','2022-02-07','MIR','02:20:00',2),
('CL/DEG3331','2022-02-07','MTC','00:50:00',11),
('CL/DEG3331','2022-02-07','MVO','01:35:00',10),
('CL/DEG3331','2022-02-08','MCTV','00:00:00',7),
('CL/DEG3331','2022-02-08','MCHIB','01:20:00',14),
('CL/DEG3331','2022-02-08','MCHIB','01:35:00',15),
('CL/DEG3331','2022-02-08','BAJE','01:35:00',13),
('CL/DEG3331','2022-02-09','MVIA','00:00:00',8),
('CL/DEG3331','2022-02-09','BAJE','00:50:00',11),
('CL/DEG3331','2022-02-09','AFDI','01:35:00',9),
('CL/DEG3331','2022-02-09','MIR','00:35:00',1),
('CL/DEG3331','2022-02-10','MCALG','00:00:00',10),
('CL/DEG3331','2022-02-10','MVO','00:40:00',12),
('CL/DEG3331','2022-02-10','MTC','00:50:00',11),
('CL/DEG3331','2022-02-10','MCHIB','01:35:00',3),
('CL/DEG3331','2022-02-11','BAJE','00:00:00',15),
('CL/DEG3331','2022-02-11','BIOA','01:35:00',12),
('CL/DEG3331','2022-02-11','MHE','01:10:00',6),
('CL/DEG3331','2022-02-11','MTC','02:20:00',5),
('CL/DEG3331','2022-02-12','MCTV','00:00:00',9),
('CL/DEG3331','2022-02-12','MVRA','01:20:00',11),
('CL/DEG3331','2022-02-12','MVO','00:35:00',1),
('CL/DEG3331','2022-02-12','MVIA','00:50:00',13),
('CL/GIR1169','2022-02-14','MCHIB','00:00:00',16),
('CL/GIR1169','2022-02-14','BAJE','01:35:00',17),
('CL/GIR1169','2022-02-14','AYUR','01:35:00',11),
('CL/GIR1169','2022-02-14','MCHIB','01:50:00',9),
('CL/GIR1169','2022-02-15','MVIA','00:00:00',1),
('CL/GIR1169','2022-02-15','MCHIB','00:50:00',9),
('CL/GIR1169','2022-02-15','MHE','01:35:00',5),
('CL/GIR1169','2022-02-15','M4M','02:20:00',1),
('CL/GIR1169','2022-02-16','MCHIB','00:00:00',16),
('CL/GIR1169','2022-02-16','M4M','01:35:00',8),
('CL/GIR1169','2022-02-16','MVRA','01:20:00',4),
('CL/GIR1169','2022-02-16','MVIA','00:35:00',4),
('CL/GIR1169','2022-02-17','MCHIB','00:00:00',17),
('CL/GIR1169','2022-02-17','MCALG','01:35:00',3),
('CL/GIR1169','2022-02-17','MCTV','00:40:00',17),
('CL/GIR1169','2022-02-17','BAJE','01:20:00',2),
('CL/GIR1169','2022-02-18','MCALG','00:00:00',7),
('CL/GIR1169','2022-02-18','M4M','00:40:00',15),
('CL/GIR1169','2022-02-18','ONDO','01:20:00',13),
('CL/GIR1169','2022-02-18','BIOA','00:50:00',8),
('CL/GIR1169','2022-02-19','MVO','00:00:00',10),
('CL/GIR1169','2022-02-19','MVO','00:50:00',3),
('CL/GIR1169','2022-02-19','MCTV','00:50:00',13),
('CL/GIR1169','2022-02-19','MCTV','01:20:00',14),
('CL/BOS1105','2022-02-21','AYUR','00:00:00',2),
('CL/BOS1105','2022-02-21','MTC','01:50:00',15),
('CL/BOS1105','2022-02-21','MHE','01:35:00',10),
('CL/BOS1105','2022-02-21','MVIA','02:20:00',17),
('CL/BOS1105','2022-02-22','MHE','00:00:00',14),
('CL/BOS1105','2022-02-22','M4M','02:20:00',1),
('CL/BOS1105','2022-02-22','MVO','01:20:00',12),
('CL/BOS1105','2022-02-22','AFDI','00:50:00',5),
('CL/BOS1105','2022-02-23','BIOA','00:00:00',14),
('CL/BOS1105','2022-02-23','BIOA','01:10:00',17),
('CL/BOS1105','2022-02-23','MCALG','01:10:00',1),
('CL/BOS1105','2022-02-23','AFDI','00:40:00',4),
('CL/BOS1105','2022-02-24','MVRA','00:00:00',16),
('CL/BOS1105','2022-02-24','MIR','00:35:00',3),
('CL/BOS1105','2022-02-24','ONDO','00:50:00',9),
('CL/BOS1105','2022-02-24','MVIA','00:50:00',8),
('CL/BOS1105','2022-02-25','MVO','00:00:00',4),
('CL/BOS1105','2022-02-25','BAJE','00:50:00',15),
('CL/BOS1105','2022-02-25','AFDI','01:35:00',16),
('CL/BOS1105','2022-02-25','BIOA','00:35:00',6),
('CL/BOS1105','2022-02-26','BIOA','00:00:00',14),
('CL/BOS1105','2022-02-26','MVIA','01:10:00',3),
('CL/BOS1105','2022-02-26','MCALG','00:50:00',3),
('CL/BOS1105','2022-02-26','BIOA','00:40:00',16),
('CL/FRU801','2022-02-28','MHE','00:00:00',10),
('CL/FRU801','2022-02-28','MTC','02:20:00',14),
('CL/FRU801','2022-02-28','ONDO','01:35:00',16),
('CL/FRU801','2022-02-28','AYUR','00:50:00',14),
('CL/FRU801','2022-03-01','BAJE','00:00:00',17),
('CL/FRU801','2022-03-01','MIR','01:35:00',11),
('CL/FRU801','2022-03-01','MVIA','00:50:00',3),
('CL/FRU801','2022-03-01','AFDI','00:50:00',6),
('CL/FRU801','2022-03-02','MCALG','00:00:00',9),
('CL/FRU801','2022-03-02','ONDO','00:40:00',4),
('CL/FRU801','2022-03-02','AYUR','00:50:00',4),
('CL/FRU801','2022-03-02','MCTV','01:50:00',3),
('CL/FRU801','2022-03-03','AYUR','00:00:00',14),
('CL/FRU801','2022-03-03','MVIA','01:50:00',17),
('CL/FRU801','2022-03-03','MHE','00:50:00',16),
('CL/FRU801','2022-03-03','AFDI','02:20:00',11),
('CL/FRU801','2022-03-04','MHE','00:00:00',4),
('CL/FRU801','2022-03-04','MCTV','02:20:00',1),
('CL/FRU801','2022-03-04','MTC','01:20:00',2),
('CL/FRU801','2022-03-04','MVRA','01:35:00',6),
('CL/FRU801','2022-03-05','MCTV','00:00:00',8),
('CL/FRU801','2022-03-05','MCTV','01:20:00',6),
('CL/FRU801','2022-03-05','AYUR','01:20:00',17),
('CL/FRU801','2022-03-05','MIR','01:50:00',15),
('CL/BUE3447','2022-03-14','M4M','00:00:00',3),
('CL/BUE3447','2022-03-14','AFDI','01:20:00',16),
('CL/BUE3447','2022-03-14','MCALG','00:35:00',3),
('CL/BUE3447','2022-03-14','ONDO','00:40:00',3),
('CL/BUE3447','2022-03-15','MVO','00:00:00',13),
('CL/BUE3447','2022-03-15','ONDO','00:50:00',4),
('CL/BUE3447','2022-03-15','MCALG','00:50:00',13),
('CL/BUE3447','2022-03-15','AYUR','00:40:00',7),
('CL/BUE3447','2022-03-16','MCALG','00:00:00',1),
('CL/BUE3447','2022-03-16','MVIA','00:40:00',13),
('CL/BUE3447','2022-03-16','MCTV','00:50:00',10),
('CL/BUE3447','2022-03-16','MHE','01:20:00',16),
('CL/BUE3447','2022-03-17','MCTV','00:00:00',3),
('CL/BUE3447','2022-03-17','MCHIB','01:20:00',17),
('CL/BUE3447','2022-03-17','MVO','01:35:00',17),
('CL/BUE3447','2022-03-17','MHE','00:50:00',12),
('CL/BUE3447','2022-03-18','AYUR','00:00:00',17),
('CL/BUE3447','2022-03-18','AYUR','01:50:00',15),
('CL/BUE3447','2022-03-18','MCHIB','01:50:00',1),
('CL/BUE3447','2022-03-18','AFDI','01:35:00',4),
('CL/BUE3447','2022-03-19','MIR','00:00:00',4),
('CL/BUE3447','2022-03-19','MTC','00:50:00',10),
('CL/BUE3447','2022-03-19','MVO','01:35:00',10),
('CL/BUE3447','2022-03-19','MVRA','00:50:00',4),
('CL/CAT3119','2022-04-04','BAJE','00:00:00',11),
('CL/CAT3119','2022-04-04','ONDO','01:35:00',7),
('CL/CAT3119','2022-04-04','MVIA','00:50:00',3),
('CL/CAT3119','2022-04-04','MVO','00:50:00',16),
('CL/CAT3119','2022-04-05','ONDO','00:00:00',5),
('CL/CAT3119','2022-04-05','AFDI','00:50:00',4),
('CL/CAT3119','2022-04-05','AFDI','00:35:00',15),
('CL/CAT3119','2022-04-05','M4M','00:35:00',12),
('CL/CAT3119','2022-04-06','BIOA','00:00:00',4),
('CL/CAT3119','2022-04-06','AFDI','01:10:00',17),
('CL/CAT3119','2022-04-06','AFDI','00:35:00',12),
('CL/CAT3119','2022-04-06','AFDI','00:35:00',14),
('CL/CAT3119','2022-04-07','MVRA','00:00:00',1),
('CL/CAT3119','2022-04-07','AFDI','00:35:00',9),
('CL/CAT3119','2022-04-07','MVRA','00:35:00',9),
('CL/CAT3119','2022-04-07','BIOA','00:35:00',11),
('CL/CAT3119','2022-04-08','AYUR','00:00:00',2),
('CL/CAT3119','2022-04-08','MHE','01:50:00',7),
('CL/CAT3119','2022-04-08','BIOA','02:20:00',2),
('CL/CAT3119','2022-04-08','MVO','01:10:00',17),
('CL/CAT3119','2022-04-09','MVRA','00:00:00',15),
('CL/CAT3119','2022-04-09','BAJE','00:35:00',2),
('CL/CAT3119','2022-04-09','MVRA','01:35:00',16),
('CL/CAT3119','2022-04-09','MCTV','00:35:00',13),
('CL/COR1716','2022-04-11','MCHIB','00:00:00',9),
('CL/COR1716','2022-04-11','MCALG','01:35:00',13),
('CL/COR1716','2022-04-11','BIOA','00:40:00',1),
('CL/COR1716','2022-04-11','AYUR','01:10:00',17),
('CL/COR1716','2022-04-12','BIOA','00:00:00',14),
('CL/COR1716','2022-04-12','BIOA','01:10:00',17),
('CL/COR1716','2022-04-12','MVRA','01:10:00',12),
('CL/COR1716','2022-04-12','AYUR','00:35:00',7),
('CL/COR1716','2022-04-13','MCHIB','00:00:00',6),
('CL/COR1716','2022-04-13','MCTV','01:35:00',10),
('CL/COR1716','2022-04-13','MVO','01:20:00',1),
('CL/COR1716','2022-04-13','MTC','00:50:00',4),
('CL/COR1716','2022-04-14','ONDO','00:00:00',10),
('CL/COR1716','2022-04-14','AFDI','00:50:00',10),
('CL/COR1716','2022-04-14','MTC','00:35:00',17),
('CL/COR1716','2022-04-14','MHE','01:35:00',5),
('CL/COR1716','2022-04-15','AFDI','00:00:00',1),
('CL/COR1716','2022-04-15','MCALG','00:35:00',5),
('CL/COR1716','2022-04-15','MCTV','00:40:00',8),
('CL/COR1716','2022-04-15','AYUR','01:20:00',9),
('CL/COR1716','2022-04-16','MVRA','00:00:00',13),
('CL/COR1716','2022-04-16','MCALG','00:35:00',8),
('CL/COR1716','2022-04-16','MHE','00:40:00',10),
('CL/COR1716','2022-04-16','MVO','02:20:00',12),
('CL/DUR4633','2022-05-09','MCHIB','00:00:00',1),
('CL/DUR4633','2022-05-09','BAJE','01:35:00',17),
('CL/DUR4633','2022-05-09','MVIA','01:35:00',8),
('CL/DUR4633','2022-05-09','ONDO','00:50:00',11),
('CL/DUR4633','2022-05-10','MTC','00:00:00',13),
('CL/DUR4633','2022-05-10','MVIA','01:35:00',17),
('CL/DUR4633','2022-05-10','MCALG','00:50:00',3),
('CL/DUR4633','2022-05-10','MIR','00:40:00',1),
('CL/DUR4633','2022-05-11','MCTV','00:00:00',8),
('CL/DUR4633','2022-05-11','MVIA','01:20:00',14),
('CL/DUR4633','2022-05-11','ONDO','00:50:00',9),
('CL/DUR4633','2022-05-11','AYUR','00:50:00',4),
('CL/DUR4633','2022-05-12','BIOA','00:00:00',8),
('CL/DUR4633','2022-05-12','MCALG','01:10:00',5),
('CL/DUR4633','2022-05-12','MCALG','00:40:00',14),
('CL/DUR4633','2022-05-12','MCALG','00:40:00',6),
('CL/DUR4633','2022-05-13','AYUR','00:00:00',1),
('CL/DUR4633','2022-05-13','AFDI','01:50:00',11),
('CL/DUR4633','2022-05-13','M4M','00:35:00',8),
('CL/DUR4633','2022-05-13','MCALG','01:20:00',17),
('CL/DUR4633','2022-05-14','BAJE','00:00:00',9),
('CL/DUR4633','2022-05-14','MVO','01:35:00',9),
('CL/DUR4633','2022-05-14','MHE','00:50:00',9),
('CL/DUR4633','2022-05-14','AFDI','02:20:00',12),
('CL/LEG2937','2022-05-30','AFDI','00:00:00',12),
('CL/LEG2937','2022-05-30','MCTV','00:35:00',15),
('CL/LEG2937','2022-05-30','MVRA','01:20:00',17),
('CL/LEG2937','2022-05-30','AFDI','00:35:00',2),
('CL/LEG2937','2022-05-31','MVRA','00:00:00',16),
('CL/LEG2937','2022-05-31','MHE','00:35:00',10),
('CL/LEG2937','2022-05-31','AYUR','02:20:00',5),
('CL/LEG2937','2022-05-31','MHE','01:50:00',11),
('CL/LEG2937','2022-06-01','AFDI','00:00:00',12),
('CL/LEG2937','2022-06-01','MVO','00:35:00',10),
('CL/LEG2937','2022-06-01','MHE','00:50:00',13),
('CL/LEG2937','2022-06-01','MTC','02:20:00',2),
('CL/LEG2937','2022-06-02','MIR','00:00:00',6),
('CL/LEG2937','2022-06-02','AFDI','00:50:00',7),
('CL/LEG2937','2022-06-02','BAJE','00:35:00',1),
('CL/LEG2937','2022-06-02','BAJE','01:35:00',16),
('CL/LEG2937','2022-06-03','MVRA','00:00:00',13),
('CL/LEG2937','2022-06-03','MTC','00:35:00',16),
('CL/LEG2937','2022-06-03','AFDI','01:35:00',5),
('CL/LEG2937','2022-06-03','ONDO','00:35:00',15),
('CL/LEG2937','2022-06-04','MVIA','00:00:00',16),
('CL/LEG2937','2022-06-04','M4M','00:50:00',5),
('CL/LEG2937','2022-06-04','AYUR','01:20:00',14),
('CL/LEG2937','2022-06-04','MCHIB','01:50:00',3),
('CL/VIL1860','2022-06-13','MVIA','00:00:00',9),
('CL/VIL1860','2022-06-13','ONDO','00:50:00',3),
('CL/VIL1860','2022-06-13','M4M','00:50:00',16),
('CL/VIL1860','2022-06-13','MVRA','01:20:00',6),
('CL/VIL1860','2022-06-14','MVO','00:00:00',5),
('CL/VIL1860','2022-06-14','M4M','00:50:00',8),
('CL/VIL1860','2022-06-14','MCALG','01:20:00',4),
('CL/VIL1860','2022-06-14','AYUR','00:40:00',16),
('CL/VIL1860','2022-06-15','BAJE','00:00:00',16),
('CL/VIL1860','2022-06-15','AYUR','01:35:00',12),
('CL/VIL1860','2022-06-15','MVO','01:50:00',6),
('CL/VIL1860','2022-06-15','MTC','00:50:00',13),
('CL/VIL1860','2022-06-16','AYUR','00:00:00',1),
('CL/VIL1860','2022-06-16','MVRA','01:50:00',1),
('CL/VIL1860','2022-06-16','MVO','00:35:00',7),
('CL/VIL1860','2022-06-16','AYUR','00:50:00',12),
('CL/VIL1860','2022-06-17','M4M','00:00:00',6),
('CL/VIL1860','2022-06-17','MVRA','01:20:00',4),
('CL/VIL1860','2022-06-17','MHE','00:35:00',3),
('CL/VIL1860','2022-06-17','MVRA','02:20:00',3),
('CL/VIL1860','2022-06-18','ONDO','00:00:00',12),
('CL/VIL1860','2022-06-18','M4M','00:50:00',2),
('CL/VIL1860','2022-06-18','BAJE','01:20:00',1),
('CL/VIL1860','2022-06-18','MCTV','01:35:00',16),
('CL/IMI1355','2022-06-13','MHE','00:00:00',1),
('CL/IMI1355','2022-06-13','MCHIB','02:20:00',12),
('CL/IMI1355','2022-06-13','MVO','01:35:00',14),
('CL/IMI1355','2022-06-13','MVIA','00:50:00',9),
('CL/IMI1355','2022-06-14','MCTV','00:00:00',5),
('CL/IMI1355','2022-06-14','MTC','01:20:00',14),
('CL/IMI1355','2022-06-14','BIOA','01:35:00',13),
('CL/IMI1355','2022-06-14','AYUR','01:10:00',10),
('CL/IMI1355','2022-06-15','MTC','00:00:00',8),
('CL/IMI1355','2022-06-15','MHE','01:35:00',16),
('CL/IMI1355','2022-06-15','MIR','02:20:00',1),
('CL/IMI1355','2022-06-15','M4M','00:50:00',15),
('CL/IMI1355','2022-06-16','M4M','00:00:00',6),
('CL/IMI1355','2022-06-16','MVIA','01:20:00',17),
('CL/IMI1355','2022-06-16','MCALG','00:50:00',11),
('CL/IMI1355','2022-06-16','MCHIB','00:40:00',1),
('CL/IMI1355','2022-06-17','MCHIB','00:00:00',6),
('CL/IMI1355','2022-06-17','MCHIB','01:35:00',15),
('CL/IMI1355','2022-06-17','AYUR','01:35:00',1),
('CL/IMI1355','2022-06-17','M4M','01:50:00',10),
('CL/IMI1355','2022-06-18','M4M','00:00:00',7),
('CL/IMI1355','2022-06-18','MVO','01:20:00',13),
('CL/IMI1355','2022-06-18','M4M','00:50:00',15),
('CL/IMI1355','2022-06-18','MVRA','01:20:00',2),
('CL/PAL3878','2022-06-27','MCTV','00:00:00',6),
('CL/PAL3878','2022-06-27','MCTV','01:20:00',4),
('CL/PAL3878','2022-06-27','AYUR','01:20:00',1),
('CL/PAL3878','2022-06-27','MTC','01:50:00',14),
('CL/PAL3878','2022-06-28','MCTV','00:00:00',16),
('CL/PAL3878','2022-06-28','MVIA','01:20:00',14),
('CL/PAL3878','2022-06-28','MTC','00:50:00',14),
('CL/PAL3878','2022-06-28','ONDO','01:35:00',14),
('CL/PAL3878','2022-06-29','MCTV','00:00:00',2),
('CL/PAL3878','2022-06-29','AYUR','01:20:00',16),
('CL/PAL3878','2022-06-29','MVRA','01:50:00',10),
('CL/PAL3878','2022-06-29','MVRA','00:35:00',11),
('CL/PAL3878','2022-06-30','AFDI','00:00:00',17),
('CL/PAL3878','2022-06-30','BAJE','00:35:00',17),
('CL/PAL3878','2022-06-30','MCHIB','01:35:00',2),
('CL/PAL3878','2022-06-30','MVRA','01:35:00',2),
('CL/PAL3878','2022-07-01','MCALG','00:00:00',5),
('CL/PAL3878','2022-07-01','AFDI','00:40:00',7),
('CL/PAL3878','2022-07-01','MVRA','00:35:00',9),
('CL/PAL3878','2022-07-01','MCHIB','00:35:00',6),
('CL/PAL3878','2022-07-02','AFDI','00:00:00',11),
('CL/PAL3878','2022-07-02','MHE','00:35:00',7),
('CL/PAL3878','2022-07-02','AFDI','02:20:00',14),
('CL/PAL3878','2022-07-02','AYUR','00:35:00',2),
('CL/JAN3387','2022-08-01','BIOA','00:00:00',11),
('CL/JAN3387','2022-08-01','AFDI','01:10:00',1),
('CL/JAN3387','2022-08-01','AFDI','00:35:00',4),
('CL/JAN3387','2022-08-01','AFDI','00:35:00',16),
('CL/JAN3387','2022-08-02','MIR','00:00:00',1),
('CL/JAN3387','2022-08-02','ONDO','00:50:00',10),
('CL/JAN3387','2022-08-02','AFDI','00:50:00',8),
('CL/JAN3387','2022-08-02','AYUR','00:35:00',5),
('CL/JAN3387','2022-08-03','MHE','00:00:00',14),
('CL/JAN3387','2022-08-03','MVO','02:20:00',6),
('CL/JAN3387','2022-08-03','MCALG','00:50:00',14),
('CL/JAN3387','2022-08-03','MCALG','00:40:00',3),
('CL/JAN3387','2022-08-04','BIOA','00:00:00',8),
('CL/JAN3387','2022-08-04','AFDI','01:10:00',6),
('CL/JAN3387','2022-08-04','MTC','00:35:00',16),
('CL/JAN3387','2022-08-04','MHE','01:35:00',7),
('CL/JAN3387','2022-08-05','MVRA','00:00:00',9),
('CL/JAN3387','2022-08-05','MIR','00:35:00',13),
('CL/JAN3387','2022-08-05','MVIA','00:50:00',15),
('CL/JAN3387','2022-08-05','MTC','00:50:00',7),
('CL/JAN3387','2022-08-06','MIR','00:00:00',15),
('CL/JAN3387','2022-08-06','MTC','00:50:00',6),
('CL/JAN3387','2022-08-06','MVO','01:35:00',5),
('CL/JAN3387','2022-08-06','MCHIB','00:50:00',10),
('CL/SIL1153','2022-08-08','M4M','00:00:00',7),
('CL/SIL1153','2022-08-08','MTC','01:20:00',8),
('CL/SIL1153','2022-08-08','MVRA','01:35:00',6),
('CL/SIL1153','2022-08-08','AYUR','00:35:00',14),
('CL/SIL1153','2022-08-09','MIR','00:00:00',7),
('CL/SIL1153','2022-08-09','MVO','00:50:00',13),
('CL/SIL1153','2022-08-09','MVIA','00:50:00',2),
('CL/SIL1153','2022-08-09','MCHIB','00:50:00',8),
('CL/SIL1153','2022-08-10','BAJE','00:00:00',15),
('CL/SIL1153','2022-08-10','MHE','01:35:00',5),
('CL/SIL1153','2022-08-10','AYUR','02:20:00',15),
('CL/SIL1153','2022-08-10','BIOA','01:50:00',8),
('CL/SIL1153','2022-08-11','AYUR','00:00:00',4),
('CL/SIL1153','2022-08-11','MCHIB','01:50:00',2),
('CL/SIL1153','2022-08-11','MHE','01:35:00',10),
('CL/SIL1153','2022-08-11','AYUR','02:20:00',3),
('CL/SIL1153','2022-08-12','MTC','00:00:00',3),
('CL/SIL1153','2022-08-12','MVRA','01:35:00',5),
('CL/SIL1153','2022-08-12','AYUR','00:35:00',10),
('CL/SIL1153','2022-08-12','MCHIB','01:50:00',11),
('CL/SIL1153','2022-08-13','MCHIB','00:00:00',13),
('CL/SIL1153','2022-08-13','BAJE','01:35:00',11),
('CL/SIL1153','2022-08-13','MTC','01:35:00',5),
('CL/SIL1153','2022-08-13','MCTV','01:35:00',15),
('CL/DEM1439','2022-08-15','BAJE','00:00:00',7),
('CL/DEM1439','2022-08-15','BAJE','01:35:00',1),
('CL/DEM1439','2022-08-15','MVRA','01:35:00',9),
('CL/DEM1439','2022-08-15','BIOA','00:35:00',10),
('CL/DEM1439','2022-08-16','MHE','00:00:00',16),
('CL/DEM1439','2022-08-16','AFDI','02:20:00',1),
('CL/DEM1439','2022-08-16','MIR','00:35:00',17),
('CL/DEM1439','2022-08-16','MIR','00:50:00',9),
('CL/DEM1439','2022-08-17','AFDI','00:00:00',8),
('CL/DEM1439','2022-08-17','ONDO','00:35:00',13),
('CL/DEM1439','2022-08-17','MVRA','00:50:00',4),
('CL/DEM1439','2022-08-17','AYUR','00:35:00',1),
('CL/DEM1439','2022-08-18','MCHIB','00:00:00',4),
('CL/DEM1439','2022-08-18','BAJE','01:35:00',4),
('CL/DEM1439','2022-08-18','MVIA','01:35:00',15),
('CL/DEM1439','2022-08-18','MHE','00:50:00',1),
('CL/DEM1439','2022-08-19','MVRA','00:00:00',13),
('CL/DEM1439','2022-08-19','MVIA','00:35:00',10),
('CL/DEM1439','2022-08-19','MCTV','00:50:00',9),
('CL/DEM1439','2022-08-19','ONDO','01:20:00',4),
('CL/DEM1439','2022-08-20','MVO','00:00:00',10),
('CL/DEM1439','2022-08-20','MVRA','00:50:00',10),
('CL/DEM1439','2022-08-20','MCALG','00:35:00',3),
('CL/DEM1439','2022-08-20','MVIA','00:40:00',15),
('CL/WIL2386','2022-09-19','MTC','00:00:00',14),
('CL/WIL2386','2022-09-19','BIOA','01:35:00',8),
('CL/WIL2386','2022-09-19','MVIA','01:10:00',7),
('CL/WIL2386','2022-09-19','AFDI','00:50:00',15),
('CL/WIL2386','2022-09-20','MTC','00:00:00',7),
('CL/WIL2386','2022-09-20','MVIA','01:35:00',4),
('CL/WIL2386','2022-09-20','AFDI','00:50:00',15),
('CL/WIL2386','2022-09-20','ONDO','00:35:00',17),
('CL/WIL2386','2022-09-21','MCHIB','00:00:00',17),
('CL/WIL2386','2022-09-21','MVO','01:35:00',14),
('CL/WIL2386','2022-09-21','ONDO','00:50:00',4),
('CL/WIL2386','2022-09-21','BIOA','00:50:00',17),
('CL/WIL2386','2022-09-22','ONDO','00:00:00',4),
('CL/WIL2386','2022-09-22','M4M','00:50:00',17),
('CL/WIL2386','2022-09-22','MCTV','01:20:00',4),
('CL/WIL2386','2022-09-22','MCHIB','01:20:00',1),
('CL/WIL2386','2022-09-23','MIR','00:00:00',17),
('CL/WIL2386','2022-09-23','MIR','00:50:00',17),
('CL/WIL2386','2022-09-23','M4M','00:50:00',9),
('CL/WIL2386','2022-09-23','ONDO','01:20:00',9),
('CL/WIL2386','2022-09-24','M4M','00:00:00',12),
('CL/WIL2386','2022-09-24','MVO','01:20:00',1),
('CL/WIL2386','2022-09-24','MVRA','00:50:00',14),
('CL/WIL2386','2022-09-24','MTC','00:35:00',16),
('CL/DUP4202','2022-10-03','BAJE','00:00:00',8),
('CL/DUP4202','2022-10-03','AFDI','01:35:00',10),
('CL/DUP4202','2022-10-03','ONDO','00:35:00',9),
('CL/DUP4202','2022-10-03','MCALG','00:50:00',17),
('CL/DUP4202','2022-10-04','BAJE','00:00:00',17),
('CL/DUP4202','2022-10-04','ONDO','01:35:00',1),
('CL/DUP4202','2022-10-04','AFDI','00:50:00',3),
('CL/DUP4202','2022-10-04','ONDO','00:35:00',6),
('CL/DUP4202','2022-10-05','AFDI','00:00:00',14),
('CL/DUP4202','2022-10-05','M4M','00:35:00',9),
('CL/DUP4202','2022-10-05','AYUR','01:20:00',8),
('CL/DUP4202','2022-10-05','BIOA','01:50:00',17),
('CL/DUP4202','2022-10-06','MVO','00:00:00',4),
('CL/DUP4202','2022-10-06','ONDO','00:50:00',3),
('CL/DUP4202','2022-10-06','MCTV','00:50:00',2),
('CL/DUP4202','2022-10-06','MVIA','01:20:00',4),
('CL/DUP4202','2022-10-07','MCALG','00:00:00',17),
('CL/DUP4202','2022-10-07','BIOA','00:40:00',2),
('CL/DUP4202','2022-10-07','BIOA','01:10:00',14),
('CL/DUP4202','2022-10-07','ONDO','01:10:00',1),
('CL/DUP4202','2022-10-08','MCTV','00:00:00',2),
('CL/DUP4202','2022-10-08','BAJE','01:20:00',10),
('CL/DUP4202','2022-10-08','M4M','01:35:00',16),
('CL/DUP4202','2022-10-08','MVRA','01:20:00',15),
('CL/ROU4018','2022-10-10','MVRA','00:00:00',1),
('CL/ROU4018','2022-10-10','AFDI','00:35:00',7),
('CL/ROU4018','2022-10-10','MCALG','00:35:00',14),
('CL/ROU4018','2022-10-10','M4M','00:40:00',15),
('CL/ROU4018','2022-10-11','M4M','00:00:00',8),
('CL/ROU4018','2022-10-11','MVIA','01:20:00',9),
('CL/ROU4018','2022-10-11','BIOA','00:50:00',4),
('CL/ROU4018','2022-10-11','M4M','01:10:00',8),
('CL/ROU4018','2022-10-12','MIR','00:00:00',12),
('CL/ROU4018','2022-10-12','MHE','00:50:00',11),
('CL/ROU4018','2022-10-12','AYUR','02:20:00',15),
('CL/ROU4018','2022-10-12','MCTV','01:50:00',3),
('CL/ROU4018','2022-10-13','M4M','00:00:00',16),
('CL/ROU4018','2022-10-13','MHE','01:20:00',4),
('CL/ROU4018','2022-10-13','ONDO','02:20:00',7),
('CL/ROU4018','2022-10-13','MIR','00:50:00',2),
('CL/ROU4018','2022-10-14','BAJE','00:00:00',3),
('CL/ROU4018','2022-10-14','MCALG','01:35:00',17),
('CL/ROU4018','2022-10-14','MCHIB','00:40:00',17),
('CL/ROU4018','2022-10-14','AFDI','01:35:00',5),
('CL/ROU4018','2022-10-15','MTC','00:00:00',9),
('CL/ROU4018','2022-10-15','MVIA','01:35:00',17),
('CL/ROU4018','2022-10-15','MCHIB','00:50:00',15),
('CL/ROU4018','2022-10-15','AYUR','01:35:00',16),
('CL/DAU1443','2022-10-31','MTC','00:00:00',15),
('CL/DAU1443','2022-10-31','MVIA','01:35:00',1),
('CL/DAU1443','2022-10-31','MCTV','00:50:00',6),
('CL/DAU1443','2022-10-31','BAJE','01:20:00',4),
('CL/DAU1443','2022-11-01','MHE','00:00:00',7),
('CL/DAU1443','2022-11-01','ONDO','02:20:00',3),
('CL/DAU1443','2022-11-01','ONDO','00:50:00',6),
('CL/DAU1443','2022-11-01','M4M','00:50:00',16),
('CL/DAU1443','2022-11-02','MIR','00:00:00',9),
('CL/DAU1443','2022-11-02','M4M','00:50:00',16),
('CL/DAU1443','2022-11-02','MHE','01:20:00',12),
('CL/DAU1443','2022-11-02','MIR','02:20:00',3),
('CL/DAU1443','2022-11-03','MHE','00:00:00',5),
('CL/DAU1443','2022-11-03','AFDI','02:20:00',4),
('CL/DAU1443','2022-11-03','ONDO','00:35:00',12),
('CL/DAU1443','2022-11-03','MCTV','00:50:00',1),
('CL/DAU1443','2022-11-04','MIR','00:00:00',7),
('CL/DAU1443','2022-11-04','BIOA','00:50:00',14),
('CL/DAU1443','2022-11-04','MHE','01:10:00',4),
('CL/DAU1443','2022-11-04','MHE','02:20:00',12),
('CL/DAU1443','2022-11-05','AYUR','00:00:00',12),
('CL/DAU1443','2022-11-05','ONDO','01:50:00',1),
('CL/DAU1443','2022-11-05','MIR','00:50:00',15),
('CL/DAU1443','2022-11-05','AYUR','00:50:00',13),
('CL/BLA2688','2022-11-14','MTC','00:00:00',10),
('CL/BLA2688','2022-11-14','BIOA','01:35:00',12),
('CL/BLA2688','2022-11-14','MCALG','01:10:00',15),
('CL/BLA2688','2022-11-14','MVIA','00:40:00',3),
('CL/BLA2688','2022-11-15','MVO','00:00:00',9),
('CL/BLA2688','2022-11-15','MCALG','00:50:00',15),
('CL/BLA2688','2022-11-15','MHE','00:40:00',16),
('CL/BLA2688','2022-11-15','ONDO','02:20:00',11),
('CL/BLA2688','2022-11-16','MCALG','00:00:00',17),
('CL/BLA2688','2022-11-16','MCTV','00:40:00',1),
('CL/BLA2688','2022-11-16','MTC','01:20:00',17),
('CL/BLA2688','2022-11-16','MCTV','01:35:00',5),
('CL/BLA2688','2022-11-17','BIOA','00:00:00',4),
('CL/BLA2688','2022-11-17','AYUR','01:10:00',10),
('CL/BLA2688','2022-11-17','ONDO','01:50:00',5),
('CL/BLA2688','2022-11-17','M4M','00:50:00',17),
('CL/BLA2688','2022-11-18','AYUR','00:00:00',7),
('CL/BLA2688','2022-11-18','ONDO','01:50:00',12),
('CL/BLA2688','2022-11-18','MCHIB','00:50:00',3),
('CL/BLA2688','2022-11-18','MHE','01:35:00',1),
('CL/BLA2688','2022-11-19','MCALG','00:00:00',11),
('CL/BLA2688','2022-11-19','AYUR','00:40:00',6),
('CL/BLA2688','2022-11-19','MHE','01:50:00',11),
('CL/BLA2688','2022-11-19','BIOA','02:20:00',5),
('CL/BON2141','2022-11-28','MTC','00:00:00',13),
('CL/BON2141','2022-11-28','MCALG','01:35:00',3),
('CL/BON2141','2022-11-28','MVRA','00:40:00',13),
('CL/BON2141','2022-11-28','BAJE','00:35:00',9),
('CL/BON2141','2022-11-29','MVIA','00:00:00',12),
('CL/BON2141','2022-11-29','MVRA','00:50:00',12),
('CL/BON2141','2022-11-29','MVRA','00:35:00',10),
('CL/BON2141','2022-11-29','MCTV','00:35:00',2),
('CL/BON2141','2022-11-30','M4M','00:00:00',2),
('CL/BON2141','2022-11-30','AYUR','01:20:00',3),
('CL/BON2141','2022-11-30','MCTV','01:50:00',13),
('CL/BON2141','2022-11-30','MCALG','01:20:00',9),
('CL/BON2141','2022-12-01','AYUR','00:00:00',5),
('CL/BON2141','2022-12-01','MCTV','01:50:00',12),
('CL/BON2141','2022-12-01','BIOA','01:20:00',15),
('CL/BON2141','2022-12-01','MTC','01:10:00',4),
('CL/BON2141','2022-12-02','MTC','00:00:00',5),
('CL/BON2141','2022-12-02','M4M','01:35:00',3),
('CL/BON2141','2022-12-02','MVRA','01:20:00',14),
('CL/BON2141','2022-12-02','MVO','00:35:00',12),
('CL/BON2141','2022-12-03','ONDO','00:00:00',6),
('CL/BON2141','2022-12-03','MCHIB','00:50:00',1),
('CL/BON2141','2022-12-03','MVIA','01:35:00',17),
('CL/BON2141','2022-12-03','MCHIB','00:50:00',4),
('CL/LER4475','2022-12-12','MVRA','00:00:00',9),
('CL/LER4475','2022-12-12','ONDO','00:35:00',14),
('CL/LER4475','2022-12-12','MVO','00:50:00',3),
('CL/LER4475','2022-12-12','AYUR','00:50:00',15),
('CL/LER4475','2022-12-13','MVO','00:00:00',1),
('CL/LER4475','2022-12-13','BIOA','00:50:00',6),
('CL/LER4475','2022-12-13','M4M','01:10:00',3),
('CL/LER4475','2022-12-13','MVRA','01:20:00',1),
('CL/LER4475','2022-12-14','MVRA','00:00:00',13),
('CL/LER4475','2022-12-14','MVO','00:35:00',16),
('CL/LER4475','2022-12-14','MVIA','00:50:00',10),
('CL/LER4475','2022-12-14','MCHIB','00:50:00',12),
('CL/LER4475','2022-12-15','AFDI','00:00:00',10),
('CL/LER4475','2022-12-15','MHE','00:35:00',12),
('CL/LER4475','2022-12-15','MVO','02:20:00',7),
('CL/LER4475','2022-12-15','MIR','00:50:00',10),
('CL/LER4475','2022-12-16','MCALG','00:00:00',7),
('CL/LER4475','2022-12-16','BIOA','00:40:00',6),
('CL/LER4475','2022-12-16','MCHIB','01:10:00',8),
('CL/LER4475','2022-12-16','MVIA','01:35:00',12),
('CL/LER4475','2022-12-17','MVIA','00:00:00',2),
('CL/LER4475','2022-12-17','MHE','00:50:00',14),
('CL/LER4475','2022-12-17','MVO','02:20:00',7),
('CL/LER4475','2022-12-17','MCTV','00:50:00',4),
('CL/LER4837','2023-01-09','MHE','00:00:00',13),
('CL/LER4837','2023-01-09','MIR','02:20:00',5),
('CL/LER4837','2023-01-09','BAJE','00:50:00',3),
('CL/LER4837','2023-01-09','MTC','01:35:00',12),
('CL/LER4837','2023-01-10','BIOA','00:00:00',15),
('CL/LER4837','2023-01-10','M4M','01:10:00',11),
('CL/LER4837','2023-01-10','MCHIB','01:20:00',13),
('CL/LER4837','2023-01-10','BAJE','01:35:00',10),
('CL/LER4837','2023-01-11','MCTV','00:00:00',11),
('CL/LER4837','2023-01-11','MVO','01:20:00',5),
('CL/LER4837','2023-01-11','MTC','00:50:00',14),
('CL/LER4837','2023-01-11','AFDI','01:35:00',14),
('CL/LER4837','2023-01-12','MCHIB','00:00:00',5),
('CL/LER4837','2023-01-12','MCALG','01:35:00',2),
('CL/LER4837','2023-01-12','AYUR','00:40:00',2),
('CL/LER4837','2023-01-12','AYUR','01:50:00',6),
('CL/LER4837','2023-01-13','MCHIB','00:00:00',12),
('CL/LER4837','2023-01-13','MCHIB','01:35:00',5),
('CL/LER4837','2023-01-13','MIR','01:35:00',15),
('CL/LER4837','2023-01-13','ONDO','00:50:00',10),
('CL/LER4837','2023-01-14','MVIA','00:00:00',4),
('CL/LER4837','2023-01-14','MTC','00:50:00',16),
('CL/LER4837','2023-01-14','M4M','01:35:00',5),
('CL/LER4837','2023-01-14','MVRA','01:20:00',8),
('CL/DEV1358','2023-01-09','BIOA','00:00:00',1),
('CL/DEV1358','2023-01-09','MHE','01:10:00',11),
('CL/DEV1358','2023-01-09','M4M','02:20:00',4),
('CL/DEV1358','2023-01-09','M4M','01:20:00',16),
('CL/DEV1358','2023-01-10','MIR','00:00:00',6),
('CL/DEV1358','2023-01-10','MTC','00:50:00',16),
('CL/DEV1358','2023-01-10','MVIA','01:35:00',4),
('CL/DEV1358','2023-01-10','MVRA','00:50:00',10),
('CL/DEV1358','2023-01-11','MTC','00:00:00',9),
('CL/DEV1358','2023-01-11','MTC','01:35:00',10),
('CL/DEV1358','2023-01-11','M4M','01:35:00',9),
('CL/DEV1358','2023-01-11','BIOA','01:20:00',10),
('CL/DEV1358','2023-01-12','MIR','00:00:00',7),
('CL/DEV1358','2023-01-12','MIR','00:50:00',17),
('CL/DEV1358','2023-01-12','MIR','00:50:00',7),
('CL/DEV1358','2023-01-12','MVIA','00:50:00',13),
('CL/DEV1358','2023-01-13','AFDI','00:00:00',4),
('CL/DEV1358','2023-01-13','MHE','00:35:00',8),
('CL/DEV1358','2023-01-13','BAJE','02:20:00',8),
('CL/DEV1358','2023-01-13','M4M','01:35:00',7),
('CL/DEV1358','2023-01-14','BIOA','00:00:00',14),
('CL/DEV1358','2023-01-14','BIOA','01:10:00',15),
('CL/DEV1358','2023-01-14','M4M','01:10:00',11),
('CL/DEV1358','2023-01-14','MHE','01:20:00',1),
('CL/KEL3794','2023-01-09','MVO','00:00:00',4),
('CL/KEL3794','2023-01-09','MCTV','00:50:00',1),
('CL/KEL3794','2023-01-09','MVRA','01:20:00',17),
('CL/KEL3794','2023-01-09','AFDI','00:35:00',10),
('CL/KEL3794','2023-01-10','MCHIB','00:00:00',5),
('CL/KEL3794','2023-01-10','BIOA','01:35:00',15),
('CL/KEL3794','2023-01-10','M4M','01:10:00',13),
('CL/KEL3794','2023-01-10','M4M','01:20:00',11),
('CL/KEL3794','2023-01-11','AFDI','00:00:00',3),
('CL/KEL3794','2023-01-11','ONDO','00:35:00',5),
('CL/KEL3794','2023-01-11','MCTV','00:50:00',2),
('CL/KEL3794','2023-01-11','MCALG','01:20:00',7),
('CL/KEL3794','2023-01-12','ONDO','00:00:00',10),
('CL/KEL3794','2023-01-12','MIR','00:50:00',4),
('CL/KEL3794','2023-01-12','AYUR','00:50:00',7),
('CL/KEL3794','2023-01-12','MIR','01:50:00',8),
('CL/KEL3794','2023-01-13','MIR','00:00:00',14),
('CL/KEL3794','2023-01-13','MCHIB','00:50:00',16),
('CL/KEL3794','2023-01-13','AYUR','01:35:00',4),
('CL/KEL3794','2023-01-13','ONDO','01:50:00',4),
('CL/KEL3794','2023-01-14','MIR','00:00:00',6),
('CL/KEL3794','2023-01-14','BAJE','00:50:00',12),
('CL/KEL3794','2023-01-14','MTC','01:35:00',16),
('CL/KEL3794','2023-01-14','MVRA','01:35:00',2),
('CL/VIL1353','2023-01-16','BIOA','00:00:00',15),
('CL/VIL1353','2023-01-16','MVRA','01:10:00',13),
('CL/VIL1353','2023-01-16','AYUR','00:35:00',3),
('CL/VIL1353','2023-01-16','MHE','01:50:00',2),
('CL/VIL1353','2023-01-17','MCALG','00:00:00',17),
('CL/VIL1353','2023-01-17','MVIA','00:40:00',12),
('CL/VIL1353','2023-01-17','BIOA','00:50:00',5),
('CL/VIL1353','2023-01-17','M4M','01:10:00',8),
('CL/VIL1353','2023-01-18','MCALG','00:00:00',4),
('CL/VIL1353','2023-01-18','MCHIB','00:40:00',1),
('CL/VIL1353','2023-01-18','MCALG','01:35:00',7),
('CL/VIL1353','2023-01-18','MCHIB','00:40:00',2),
('CL/VIL1353','2023-01-19','MCALG','00:00:00',15),
('CL/VIL1353','2023-01-19','MTC','00:40:00',10),
('CL/VIL1353','2023-01-19','MHE','01:35:00',17),
('CL/VIL1353','2023-01-19','MIR','02:20:00',3),
('CL/VIL1353','2023-01-20','MVO','00:00:00',9),
('CL/VIL1353','2023-01-20','ONDO','00:50:00',15),
('CL/VIL1353','2023-01-20','MVRA','00:50:00',2),
('CL/VIL1353','2023-01-20','AYUR','00:35:00',17),
('CL/VIL1353','2023-01-21','AFDI','00:00:00',2),
('CL/VIL1353','2023-01-21','MTC','00:35:00',7),
('CL/VIL1353','2023-01-21','MVO','01:35:00',1),
('CL/VIL1353','2023-01-21','MCALG','00:50:00',16),
('CL/MIT1868','2023-01-23','BIOA','00:00:00',7),
('CL/MIT1868','2023-01-23','ONDO','01:10:00',6),
('CL/MIT1868','2023-01-23','AFDI','00:50:00',8),
('CL/MIT1868','2023-01-23','MVO','00:35:00',9),
('CL/MIT1868','2023-01-24','BIOA','00:00:00',12),
('CL/MIT1868','2023-01-24','BIOA','01:10:00',14),
('CL/MIT1868','2023-01-24','MVRA','01:10:00',1),
('CL/MIT1868','2023-01-24','MVIA','00:35:00',7),
('CL/MIT1868','2023-01-25','BAJE','00:00:00',1),
('CL/MIT1868','2023-01-25','MCALG','01:35:00',12),
('CL/MIT1868','2023-01-25','BAJE','00:40:00',15),
('CL/MIT1868','2023-01-25','AYUR','01:35:00',9),
('CL/MIT1868','2023-01-26','AFDI','00:00:00',15),
('CL/MIT1868','2023-01-26','MIR','00:35:00',10),
('CL/MIT1868','2023-01-26','MHE','00:50:00',7),
('CL/MIT1868','2023-01-26','MIR','02:20:00',15),
('CL/MIT1868','2023-01-27','ONDO','00:00:00',4),
('CL/MIT1868','2023-01-27','M4M','00:50:00',2),
('CL/MIT1868','2023-01-27','MCHIB','01:20:00',5),
('CL/MIT1868','2023-01-27','AFDI','01:35:00',8),
('CL/MIT1868','2023-01-28','AFDI','00:00:00',2),
('CL/MIT1868','2023-01-28','BIOA','00:35:00',2),
('CL/MIT1868','2023-01-28','M4M','01:10:00',1),
('CL/MIT1868','2023-01-28','AYUR','01:20:00',13),
('CL/LAB4902','2023-01-30','MIR','00:00:00',17),
('CL/LAB4902','2023-01-30','MCHIB','00:50:00',9),
('CL/LAB4902','2023-01-30','ONDO','01:35:00',17),
('CL/LAB4902','2023-01-30','BIOA','00:50:00',8),
('CL/LAB4902','2023-01-31','AFDI','00:00:00',6),
('CL/LAB4902','2023-01-31','MCHIB','00:35:00',14),
('CL/LAB4902','2023-01-31','MVRA','01:35:00',17),
('CL/LAB4902','2023-01-31','MVRA','00:35:00',5),
('CL/LAB4902','2023-02-01','MHE','00:00:00',17),
('CL/LAB4902','2023-02-01','MHE','02:20:00',10),
('CL/LAB4902','2023-02-01','MCTV','02:20:00',6),
('CL/LAB4902','2023-02-01','BIOA','01:20:00',8),
('CL/LAB4902','2023-02-02','BAJE','00:00:00',8),
('CL/LAB4902','2023-02-02','M4M','01:35:00',3),
('CL/LAB4902','2023-02-02','MCHIB','01:20:00',4),
('CL/LAB4902','2023-02-02','MVIA','01:35:00',4),
('CL/LAB4902','2023-02-03','BIOA','00:00:00',4),
('CL/LAB4902','2023-02-03','M4M','01:10:00',7),
('CL/LAB4902','2023-02-03','BIOA','01:20:00',3),
('CL/LAB4902','2023-02-03','AFDI','01:10:00',8),
('CL/LAB4902','2023-02-04','M4M','00:00:00',3),
('CL/LAB4902','2023-02-04','MCALG','01:20:00',3),
('CL/LAB4902','2023-02-04','MCALG','00:40:00',9),
('CL/LAB4902','2023-02-04','BIOA','00:40:00',2),
('CL/SOY2413','2023-01-30','MVO','00:00:00',6),
('CL/SOY2413','2023-01-30','MIR','00:50:00',1),
('CL/SOY2413','2023-01-30','AYUR','00:50:00',15),
('CL/SOY2413','2023-01-30','MVRA','01:50:00',6),
('CL/SOY2413','2023-01-31','AYUR','00:00:00',14),
('CL/SOY2413','2023-01-31','ONDO','01:50:00',10),
('CL/SOY2413','2023-01-31','MCALG','00:50:00',10),
('CL/SOY2413','2023-01-31','BIOA','00:40:00',12),
('CL/SOY2413','2023-02-01','MCTV','00:00:00',9),
('CL/SOY2413','2023-02-01','MVRA','01:20:00',7),
('CL/SOY2413','2023-02-01','MVRA','00:35:00',9),
('CL/SOY2413','2023-02-01','MTC','00:35:00',4),
('CL/SOY2413','2023-02-02','BIOA','00:00:00',2),
('CL/SOY2413','2023-02-02','BIOA','01:10:00',6),
('CL/SOY2413','2023-02-02','MCHIB','01:10:00',17),
('CL/SOY2413','2023-02-02','AYUR','01:35:00',7),
('CL/SOY2413','2023-02-03','AYUR','00:00:00',13),
('CL/SOY2413','2023-02-03','MCHIB','01:50:00',4),
('CL/SOY2413','2023-02-03','MCHIB','01:35:00',2),
('CL/SOY2413','2023-02-03','MIR','01:35:00',2),
('CL/SOY2413','2023-02-04','AFDI','00:00:00',12),
('CL/SOY2413','2023-02-04','MCALG','00:35:00',6),
('CL/SOY2413','2023-02-04','BAJE','00:40:00',14),
('CL/SOY2413','2023-02-04','BIOA','01:35:00',14),
('CL/TUR2946','2023-02-06','M4M','00:00:00',5),
('CL/TUR2946','2023-02-06','MVIA','01:20:00',11),
('CL/TUR2946','2023-02-06','BIOA','00:50:00',16),
('CL/TUR2946','2023-02-06','MCALG','01:10:00',16),
('CL/TUR2946','2023-02-07','MCTV','00:00:00',9),
('CL/TUR2946','2023-02-07','ONDO','01:20:00',16),
('CL/TUR2946','2023-02-07','MHE','00:50:00',13),
('CL/TUR2946','2023-02-07','ONDO','02:20:00',4),
('CL/TUR2946','2023-02-08','MVRA','00:00:00',17),
('CL/TUR2946','2023-02-08','MHE','00:35:00',9),
('CL/TUR2946','2023-02-08','BAJE','02:20:00',10),
('CL/TUR2946','2023-02-08','MCHIB','01:35:00',9),
('CL/TUR2946','2023-02-09','MHE','00:00:00',11),
('CL/TUR2946','2023-02-09','ONDO','02:20:00',6),
('CL/TUR2946','2023-02-09','AFDI','00:50:00',5),
('CL/TUR2946','2023-02-09','MIR','00:35:00',16),
('CL/TUR2946','2023-02-10','AFDI','00:00:00',10),
('CL/TUR2946','2023-02-10','MVO','00:35:00',3),
('CL/TUR2946','2023-02-10','AYUR','00:50:00',2),
('CL/TUR2946','2023-02-10','BIOA','01:50:00',8),
('CL/TUR2946','2023-02-11','MCTV','00:00:00',17),
('CL/TUR2946','2023-02-11','MTC','01:20:00',10),
('CL/TUR2946','2023-02-11','AFDI','01:35:00',16),
('CL/TUR2946','2023-02-11','MHE','00:35:00',12),
('CL/CHO3748','2023-02-20','AFDI','00:00:00',5),
('CL/CHO3748','2023-02-20','MIR','00:35:00',8),
('CL/CHO3748','2023-02-20','AYUR','00:50:00',11),
('CL/CHO3748','2023-02-20','MTC','01:50:00',15),
('CL/CHO3748','2023-02-21','MCHIB','00:00:00',15),
('CL/CHO3748','2023-02-21','ONDO','01:35:00',8),
('CL/CHO3748','2023-02-21','M4M','00:50:00',15),
('CL/CHO3748','2023-02-21','AFDI','01:20:00',5),
('CL/CHO3748','2023-02-22','MCTV','00:00:00',13),
('CL/CHO3748','2023-02-22','BIOA','01:20:00',8),
('CL/CHO3748','2023-02-22','MVRA','01:10:00',8),
('CL/CHO3748','2023-02-22','BAJE','00:35:00',17),
('CL/CHO3748','2023-02-23','MVIA','00:00:00',10),
('CL/CHO3748','2023-02-23','MCALG','00:50:00',14),
('CL/CHO3748','2023-02-23','MTC','00:40:00',2),
('CL/CHO3748','2023-02-23','BIOA','01:35:00',14),
('CL/CHO3748','2023-02-24','BAJE','00:00:00',12),
('CL/CHO3748','2023-02-24','MTC','01:35:00',13),
('CL/CHO3748','2023-02-24','MIR','01:35:00',11),
('CL/CHO3748','2023-02-24','BAJE','00:50:00',9),
('CL/CHO3748','2023-02-25','MCHIB','00:00:00',8),
('CL/CHO3748','2023-02-25','MIR','01:35:00',15),
('CL/CHO3748','2023-02-25','MTC','00:50:00',1),
('CL/CHO3748','2023-02-25','MHE','01:35:00',2),
('CL/GUY450','2023-02-20','AFDI','00:00:00',6),
('CL/GUY450','2023-02-20','BAJE','00:35:00',1),
('CL/GUY450','2023-02-20','ONDO','01:35:00',10),
('CL/GUY450','2023-02-20','MVO','00:50:00',5),
('CL/GUY450','2023-02-21','MHE','00:00:00',9),
('CL/GUY450','2023-02-21','BAJE','02:20:00',12),
('CL/GUY450','2023-02-21','M4M','01:35:00',2),
('CL/GUY450','2023-02-21','MVO','01:20:00',13),
('CL/GUY450','2023-02-22','MHE','00:00:00',13),
('CL/GUY450','2023-02-22','MVIA','02:20:00',13),
('CL/GUY450','2023-02-22','MIR','00:50:00',11),
('CL/GUY450','2023-02-22','AYUR','00:50:00',6),
('CL/GUY450','2023-02-23','MVIA','00:00:00',1),
('CL/GUY450','2023-02-23','BAJE','00:50:00',7),
('CL/GUY450','2023-02-23','MIR','01:35:00',5),
('CL/GUY450','2023-02-23','MVRA','00:50:00',13),
('CL/GUY450','2023-02-24','MIR','00:00:00',8),
('CL/GUY450','2023-02-24','MVIA','00:50:00',10),
('CL/GUY450','2023-02-24','BIOA','00:50:00',6),
('CL/GUY450','2023-02-24','MHE','01:10:00',2),
('CL/GUY450','2023-02-25','BIOA','00:00:00',4),
('CL/GUY450','2023-02-25','MCHIB','01:10:00',8),
('CL/GUY450','2023-02-25','ONDO','01:35:00',8),
('CL/GUY450','2023-02-25','MVIA','00:50:00',13),
('CL/AVO1647','2023-02-20','AYUR','00:00:00',16),
('CL/AVO1647','2023-02-20','ONDO','01:50:00',6),
('CL/AVO1647','2023-02-20','AYUR','00:50:00',11),
('CL/AVO1647','2023-02-20','AFDI','01:50:00',10),
('CL/AVO1647','2023-02-21','AYUR','00:00:00',10),
('CL/AVO1647','2023-02-21','MTC','01:50:00',10),
('CL/AVO1647','2023-02-21','MIR','01:35:00',8),
('CL/AVO1647','2023-02-21','MHE','00:50:00',7),
('CL/AVO1647','2023-02-22','MVO','00:00:00',12),
('CL/AVO1647','2023-02-22','MVO','00:50:00',15),
('CL/AVO1647','2023-02-22','MCALG','00:50:00',8),
('CL/AVO1647','2023-02-22','MVIA','00:40:00',3),
('CL/AVO1647','2023-02-23','MHE','00:00:00',17),
('CL/AVO1647','2023-02-23','BAJE','02:20:00',7),
('CL/AVO1647','2023-02-23','M4M','01:35:00',1),
('CL/AVO1647','2023-02-23','BIOA','01:20:00',8),
('CL/AVO1647','2023-02-24','MIR','00:00:00',1),
('CL/AVO1647','2023-02-24','MCALG','00:50:00',8),
('CL/AVO1647','2023-02-24','MCTV','00:40:00',14),
('CL/AVO1647','2023-02-24','MCALG','01:20:00',17),
('CL/AVO1647','2023-02-25','MCALG','00:00:00',13),
('CL/AVO1647','2023-02-25','MCALG','00:40:00',11),
('CL/AVO1647','2023-02-25','MVIA','00:40:00',13),
('CL/AVO1647','2023-02-25','BIOA','00:50:00',1),
('CL/BEA1308','2023-02-27','MHE','00:00:00',15),
('CL/BEA1308','2023-02-27','MCALG','02:20:00',3),
('CL/BEA1308','2023-02-27','BAJE','00:40:00',15),
('CL/BEA1308','2023-02-27','MCHIB','01:35:00',17),
('CL/BEA1308','2023-02-28','MVRA','00:00:00',3),
('CL/BEA1308','2023-02-28','BAJE','00:35:00',12),
('CL/BEA1308','2023-02-28','M4M','01:35:00',7),
('CL/BEA1308','2023-02-28','MVIA','01:20:00',11),
('CL/BEA1308','2023-03-01','MCTV','00:00:00',8),
('CL/BEA1308','2023-03-01','MVIA','01:20:00',7),
('CL/BEA1308','2023-03-01','AYUR','00:50:00',10),
('CL/BEA1308','2023-03-01','MVIA','01:50:00',15),
('CL/BEA1308','2023-03-02','MCHIB','00:00:00',10),
('CL/BEA1308','2023-03-02','M4M','01:35:00',5),
('CL/BEA1308','2023-03-02','MVO','01:20:00',17),
('CL/BEA1308','2023-03-02','AYUR','00:50:00',4),
('CL/BEA1308','2023-03-03','AYUR','00:00:00',5),
('CL/BEA1308','2023-03-03','MVO','01:50:00',15),
('CL/BEA1308','2023-03-03','MTC','00:50:00',16),
('CL/BEA1308','2023-03-03','BAJE','01:35:00',10),
('CL/BEA1308','2023-03-04','BAJE','00:00:00',13),
('CL/BEA1308','2023-03-04','BAJE','01:35:00',9),
('CL/BEA1308','2023-03-04','ONDO','01:35:00',17),
('CL/BEA1308','2023-03-04','MHE','00:50:00',15),
('CL/COT2178','2023-03-06','MTC','00:00:00',12),
('CL/COT2178','2023-03-06','M4M','01:35:00',3),
('CL/COT2178','2023-03-06','MHE','01:20:00',2),
('CL/COT2178','2023-03-06','MVIA','02:20:00',4),
('CL/COT2178','2023-03-07','ONDO','00:00:00',5),
('CL/COT2178','2023-03-07','MVRA','00:50:00',3),
('CL/COT2178','2023-03-07','MIR','00:35:00',9),
('CL/COT2178','2023-03-07','MVRA','00:50:00',10),
('CL/COT2178','2023-03-08','BIOA','00:00:00',6),
('CL/COT2178','2023-03-08','MCHIB','01:10:00',11),
('CL/COT2178','2023-03-08','MCHIB','01:35:00',14),
('CL/COT2178','2023-03-08','MCALG','01:35:00',6),
('CL/COT2178','2023-03-09','MHE','00:00:00',4),
('CL/COT2178','2023-03-09','MIR','02:20:00',12),
('CL/COT2178','2023-03-09','M4M','00:50:00',5),
('CL/COT2178','2023-03-09','ONDO','01:20:00',6),
('CL/COT2178','2023-03-10','AYUR','00:00:00',1),
('CL/COT2178','2023-03-10','AYUR','01:50:00',4),
('CL/COT2178','2023-03-10','MVIA','01:50:00',16),
('CL/COT2178','2023-03-10','MVO','00:50:00',14),
('CL/COT2178','2023-03-11','MCALG','00:00:00',16),
('CL/COT2178','2023-03-11','M4M','00:40:00',1),
('CL/COT2178','2023-03-11','MCHIB','01:20:00',17),
('CL/COT2178','2023-03-11','MHE','01:35:00',2),
('CL/COE1556','2023-03-13','BAJE','00:00:00',9),
('CL/COE1556','2023-03-13','MVIA','01:35:00',15),
('CL/COE1556','2023-03-13','ONDO','00:50:00',14),
('CL/COE1556','2023-03-13','ONDO','00:50:00',11),
('CL/COE1556','2023-03-14','MVIA','00:00:00',13),
('CL/COE1556','2023-03-14','MCALG','00:50:00',17),
('CL/COE1556','2023-03-14','MVRA','00:40:00',1),
('CL/COE1556','2023-03-14','AFDI','00:35:00',9),
('CL/COE1556','2023-03-15','MHE','00:00:00',12),
('CL/COE1556','2023-03-15','AYUR','02:20:00',1),
('CL/COE1556','2023-03-15','MCALG','01:50:00',7),
('CL/COE1556','2023-03-15','MIR','00:40:00',2),
('CL/COE1556','2023-03-16','ONDO','00:00:00',5),
('CL/COE1556','2023-03-16','ONDO','00:50:00',11),
('CL/COE1556','2023-03-16','MCALG','00:50:00',12),
('CL/COE1556','2023-03-16','MCALG','00:40:00',10),
('CL/COE1556','2023-03-17','MHE','00:00:00',1),
('CL/COE1556','2023-03-17','ONDO','02:20:00',9),
('CL/COE1556','2023-03-17','MCHIB','00:50:00',15),
('CL/COE1556','2023-03-17','ONDO','01:35:00',12),
('CL/COE1556','2023-03-18','AYUR','00:00:00',14),
('CL/COE1556','2023-03-18','MIR','01:50:00',10),
('CL/COE1556','2023-03-18','MCHIB','00:50:00',10),
('CL/COE1556','2023-03-18','MVO','01:35:00',10),
('CL/JUL2336','2023-03-20','MCHIB','00:00:00',1),
('CL/JUL2336','2023-03-20','ONDO','01:35:00',12),
('CL/JUL2336','2023-03-20','MVIA','00:50:00',12),
('CL/JUL2336','2023-03-20','BIOA','00:50:00',8),
('CL/JUL2336','2023-03-21','BAJE','00:00:00',8),
('CL/JUL2336','2023-03-21','BIOA','01:35:00',8),
('CL/JUL2336','2023-03-21','MVO','01:10:00',7),
('CL/JUL2336','2023-03-21','MCHIB','00:50:00',10),
('CL/JUL2336','2023-03-22','BIOA','00:00:00',4),
('CL/JUL2336','2023-03-22','BIOA','01:10:00',1),
('CL/JUL2336','2023-03-22','MIR','01:10:00',8),
('CL/JUL2336','2023-03-22','ONDO','00:50:00',11),
('CL/JUL2336','2023-03-23','M4M','00:00:00',10),
('CL/JUL2336','2023-03-23','MCALG','01:20:00',7),
('CL/JUL2336','2023-03-23','BAJE','00:40:00',9),
('CL/JUL2336','2023-03-23','MTC','01:35:00',3),
('CL/JUL2336','2023-03-24','MCHIB','00:00:00',13),
('CL/JUL2336','2023-03-24','MCHIB','01:35:00',2),
('CL/JUL2336','2023-03-24','MIR','01:35:00',17),
('CL/JUL2336','2023-03-24','AFDI','00:50:00',5),
('CL/JUL2336','2023-03-25','MCHIB','00:00:00',14),
('CL/JUL2336','2023-03-25','MCALG','01:35:00',14),
('CL/JUL2336','2023-03-25','M4M','00:40:00',1),
('CL/JUL2336','2023-03-25','MIR','01:20:00',15),
('CL/CHA4062','2023-03-27','MCHIB','00:00:00',3),
('CL/CHA4062','2023-03-27','AFDI','01:35:00',17),
('CL/CHA4062','2023-03-27','MCALG','00:35:00',13),
('CL/CHA4062','2023-03-27','MIR','00:40:00',16),
('CL/CHA4062','2023-03-28','MHE','00:00:00',4),
('CL/CHA4062','2023-03-28','BAJE','02:20:00',7),
('CL/CHA4062','2023-03-28','ONDO','01:35:00',15),
('CL/CHA4062','2023-03-28','MVO','00:50:00',4),
('CL/CHA4062','2023-03-29','MHE','00:00:00',17),
('CL/CHA4062','2023-03-29','ONDO','02:20:00',9),
('CL/CHA4062','2023-03-29','MVIA','00:50:00',11),
('CL/CHA4062','2023-03-29','M4M','00:50:00',9),
('CL/CHA4062','2023-03-30','MVO','00:00:00',17),
('CL/CHA4062','2023-03-30','M4M','00:50:00',16),
('CL/CHA4062','2023-03-30','MCALG','01:20:00',11),
('CL/CHA4062','2023-03-30','AFDI','00:40:00',11),
('CL/CHA4062','2023-03-31','MTC','00:00:00',4),
('CL/CHA4062','2023-03-31','MTC','01:35:00',7),
('CL/CHA4062','2023-03-31','AYUR','01:35:00',17),
('CL/CHA4062','2023-03-31','MTC','01:50:00',5),
('CL/CHA4062','2023-04-01','MVIA','00:00:00',9),
('CL/CHA4062','2023-04-01','MCALG','00:50:00',16),
('CL/CHA4062','2023-04-01','MCHIB','00:40:00',1),
('CL/CHA4062','2023-04-01','MVO','01:35:00',9),
('CL/JOU3219','2023-04-03','M4M','00:00:00',2),
('CL/JOU3219','2023-04-03','MIR','01:20:00',13),
('CL/JOU3219','2023-04-03','BIOA','00:50:00',10),
('CL/JOU3219','2023-04-03','MTC','01:10:00',12),
('CL/JOU3219','2023-04-04','MCHIB','00:00:00',13),
('CL/JOU3219','2023-04-04','BAJE','01:35:00',15),
('CL/JOU3219','2023-04-04','M4M','01:35:00',3),
('CL/JOU3219','2023-04-04','MCTV','01:20:00',11),
('CL/JOU3219','2023-04-05','MCHIB','00:00:00',9),
('CL/JOU3219','2023-04-05','ONDO','01:35:00',5),
('CL/JOU3219','2023-04-05','MTC','00:50:00',3),
('CL/JOU3219','2023-04-05','MCHIB','01:35:00',1),
('CL/JOU3219','2023-04-06','ONDO','00:00:00',17),
('CL/JOU3219','2023-04-06','MTC','00:50:00',14),
('CL/JOU3219','2023-04-06','BAJE','01:35:00',9),
('CL/JOU3219','2023-04-06','AFDI','01:35:00',17),
('CL/JOU3219','2023-04-07','BIOA','00:00:00',13),
('CL/JOU3219','2023-04-07','MCTV','01:10:00',3),
('CL/JOU3219','2023-04-07','AYUR','01:20:00',1),
('CL/JOU3219','2023-04-07','MHE','01:50:00',11),
('CL/JOU3219','2023-04-08','MCALG','00:00:00',12),
('CL/JOU3219','2023-04-08','MCALG','00:40:00',9),
('CL/JOU3219','2023-04-08','ONDO','00:40:00',13),
('CL/JOU3219','2023-04-08','MCALG','00:50:00',7),
('CL/LAR4434','2023-04-10','MCTV','00:00:00',15),
('CL/LAR4434','2023-04-10','M4M','01:20:00',1),
('CL/LAR4434','2023-04-10','BAJE','01:20:00',14),
('CL/LAR4434','2023-04-10','MIR','01:35:00',9),
('CL/LAR4434','2023-04-11','MHE','00:00:00',3),
('CL/LAR4434','2023-04-11','AYUR','02:20:00',14),
('CL/LAR4434','2023-04-11','MCALG','01:50:00',13),
('CL/LAR4434','2023-04-11','MCHIB','00:40:00',15),
('CL/LAR4434','2023-04-12','ONDO','00:00:00',14),
('CL/LAR4434','2023-04-12','MTC','00:50:00',4),
('CL/LAR4434','2023-04-12','AYUR','01:35:00',7),
('CL/LAR4434','2023-04-12','BIOA','01:50:00',1),
('CL/LAR4434','2023-04-13','MCALG','00:00:00',11),
('CL/LAR4434','2023-04-13','MIR','00:40:00',10),
('CL/LAR4434','2023-04-13','MCTV','00:50:00',14),
('CL/LAR4434','2023-04-13','AFDI','01:20:00',13),
('CL/LAR4434','2023-04-14','MHE','00:00:00',13),
('CL/LAR4434','2023-04-14','BIOA','02:20:00',5),
('CL/LAR4434','2023-04-14','BAJE','01:10:00',12),
('CL/LAR4434','2023-04-14','MCTV','01:35:00',8),
('CL/LAR4434','2023-04-15','MVIA','00:00:00',15),
('CL/LAR4434','2023-04-15','MCTV','00:50:00',11),
('CL/LAR4434','2023-04-15','M4M','01:20:00',12),
('CL/LAR4434','2023-04-15','MVRA','01:20:00',3),
('CL/BEA4237','2023-04-10','BIOA','00:00:00',1),
('CL/BEA4237','2023-04-10','MIR','01:10:00',11),
('CL/BEA4237','2023-04-10','AFDI','00:50:00',5),
('CL/BEA4237','2023-04-10','AYUR','00:35:00',15),
('CL/BEA4237','2023-04-11','ONDO','00:00:00',15),
('CL/BEA4237','2023-04-11','MVRA','00:50:00',12),
('CL/BEA4237','2023-04-11','MTC','00:35:00',5),
('CL/BEA4237','2023-04-11','M4M','01:35:00',14),
('CL/BEA4237','2023-04-12','BAJE','00:00:00',9),
('CL/BEA4237','2023-04-12','MCTV','01:35:00',15),
('CL/BEA4237','2023-04-12','MVRA','01:20:00',4),
('CL/BEA4237','2023-04-12','MCALG','00:35:00',9),
('CL/BEA4237','2023-04-13','MCHIB','00:00:00',15),
('CL/BEA4237','2023-04-13','MCHIB','01:35:00',16),
('CL/BEA4237','2023-04-13','MVIA','01:35:00',16),
('CL/BEA4237','2023-04-13','ONDO','00:50:00',4),
('CL/BEA4237','2023-04-14','AFDI','00:00:00',4),
('CL/BEA4237','2023-04-14','MVIA','00:35:00',2),
('CL/BEA4237','2023-04-14','MVIA','00:50:00',1),
('CL/BEA4237','2023-04-14','MCALG','00:50:00',9),
('CL/BEA4237','2023-04-15','MCALG','00:00:00',9),
('CL/BEA4237','2023-04-15','MVRA','00:40:00',12),
('CL/BEA4237','2023-04-15','MHE','00:35:00',6),
('CL/BEA4237','2023-04-15','MIR','02:20:00',5),
('CL/BOI3009','2023-04-17','MHE','00:00:00',14),
('CL/BOI3009','2023-04-17','M4M','02:20:00',14),
('CL/BOI3009','2023-04-17','MCALG','01:20:00',12),
('CL/BOI3009','2023-04-17','MVIA','00:40:00',2),
('CL/BOI3009','2023-04-18','MCTV','00:00:00',10),
('CL/BOI3009','2023-04-18','ONDO','01:20:00',3),
('CL/BOI3009','2023-04-18','MIR','00:50:00',7),
('CL/BOI3009','2023-04-18','MIR','00:50:00',7),
('CL/BOI3009','2023-04-19','ONDO','00:00:00',11),
('CL/BOI3009','2023-04-19','ONDO','00:50:00',15),
('CL/BOI3009','2023-04-19','MVRA','00:50:00',17),
('CL/BOI3009','2023-04-19','BIOA','00:35:00',2),
('CL/BOI3009','2023-04-20','MCHIB','00:00:00',12),
('CL/BOI3009','2023-04-20','MVRA','01:35:00',8),
('CL/BOI3009','2023-04-20','MCHIB','00:35:00',5),
('CL/BOI3009','2023-04-20','AFDI','01:35:00',3),
('CL/BOI3009','2023-04-21','AYUR','00:00:00',10),
('CL/BOI3009','2023-04-21','MVRA','01:50:00',8),
('CL/BOI3009','2023-04-21','M4M','00:35:00',8),
('CL/BOI3009','2023-04-21','BAJE','01:20:00',11),
('CL/BOI3009','2023-04-22','ONDO','00:00:00',11),
('CL/BOI3009','2023-04-22','MVO','00:50:00',5),
('CL/BOI3009','2023-04-22','AFDI','00:50:00',5),
('CL/BOI3009','2023-04-22','MCALG','00:35:00',12),
('CL/FOU4307','2023-04-17','MTC','00:00:00',9),
('CL/FOU4307','2023-04-17','MIR','01:35:00',12),
('CL/FOU4307','2023-04-17','ONDO','00:50:00',16),
('CL/FOU4307','2023-04-17','MIR','00:50:00',5),
('CL/FOU4307','2023-04-18','AFDI','00:00:00',13),
('CL/FOU4307','2023-04-18','M4M','00:35:00',15),
('CL/FOU4307','2023-04-18','AYUR','01:20:00',13),
('CL/FOU4307','2023-04-18','M4M','01:50:00',7),
('CL/FOU4307','2023-04-19','MVRA','00:00:00',6),
('CL/FOU4307','2023-04-19','AYUR','00:35:00',14),
('CL/FOU4307','2023-04-19','ONDO','01:50:00',13),
('CL/FOU4307','2023-04-19','MVRA','00:50:00',9),
('CL/FOU4307','2023-04-20','AYUR','00:00:00',12),
('CL/FOU4307','2023-04-20','MCTV','01:50:00',6),
('CL/FOU4307','2023-04-20','MVO','01:20:00',8),
('CL/FOU4307','2023-04-20','BAJE','00:50:00',14),
('CL/FOU4307','2023-04-21','MVO','00:00:00',16),
('CL/FOU4307','2023-04-21','MVO','00:50:00',13),
('CL/FOU4307','2023-04-21','MVIA','00:50:00',16),
('CL/FOU4307','2023-04-21','MVRA','00:50:00',3),
('CL/FOU4307','2023-04-22','MVIA','00:00:00',8),
('CL/FOU4307','2023-04-22','AYUR','00:50:00',2),
('CL/FOU4307','2023-04-22','MCHIB','01:50:00',3),
('CL/FOU4307','2023-04-22','MCHIB','01:35:00',13),
('CL/ROB1406','2023-04-17','ONDO','00:00:00',9),
('CL/ROB1406','2023-04-17','MVIA','00:50:00',11),
('CL/ROB1406','2023-04-17','ONDO','00:50:00',16),
('CL/ROB1406','2023-04-17','AYUR','00:50:00',8),
('CL/ROB1406','2023-04-18','MCALG','00:00:00',14),
('CL/ROB1406','2023-04-18','MCHIB','00:40:00',3),
('CL/ROB1406','2023-04-18','AFDI','01:35:00',6),
('CL/ROB1406','2023-04-18','AFDI','00:35:00',7),
('CL/ROB1406','2023-04-19','ONDO','00:00:00',6),
('CL/ROB1406','2023-04-19','AFDI','00:50:00',5),
('CL/ROB1406','2023-04-19','AFDI','00:35:00',9),
('CL/ROB1406','2023-04-19','MVIA','00:35:00',4),
('CL/ROB1406','2023-04-20','MCALG','00:00:00',3),
('CL/ROB1406','2023-04-20','MTC','00:40:00',8),
('CL/ROB1406','2023-04-20','MIR','01:35:00',10),
('CL/ROB1406','2023-04-20','MCTV','00:50:00',5),
('CL/ROB1406','2023-04-21','AYUR','00:00:00',4),
('CL/ROB1406','2023-04-21','MVIA','01:50:00',6),
('CL/ROB1406','2023-04-21','MTC','00:50:00',15),
('CL/ROB1406','2023-04-21','MIR','01:35:00',9),
('CL/ROB1406','2023-04-22','MCALG','00:00:00',7),
('CL/ROB1406','2023-04-22','AYUR','00:40:00',13),
('CL/ROB1406','2023-04-22','MCHIB','01:50:00',11),
('CL/ROB1406','2023-04-22','MCTV','01:35:00',1),
('CL/PUT3360','2023-04-24','AFDI','00:00:00',16),
('CL/PUT3360','2023-04-24','AYUR','00:35:00',3),
('CL/PUT3360','2023-04-24','MCTV','01:50:00',15),
('CL/PUT3360','2023-04-24','M4M','01:20:00',12),
('CL/PUT3360','2023-04-25','BAJE','00:00:00',1),
('CL/PUT3360','2023-04-25','M4M','01:35:00',11),
('CL/PUT3360','2023-04-25','M4M','01:20:00',2),
('CL/PUT3360','2023-04-25','MVIA','01:20:00',6),
('CL/PUT3360','2023-04-26','AFDI','00:00:00',3),
('CL/PUT3360','2023-04-26','MCHIB','00:35:00',11),
('CL/PUT3360','2023-04-26','AFDI','01:35:00',4),
('CL/PUT3360','2023-04-26','MHE','00:35:00',10),
('CL/PUT3360','2023-04-27','MVIA','00:00:00',4),
('CL/PUT3360','2023-04-27','MCALG','00:50:00',5),
('CL/PUT3360','2023-04-27','AFDI','00:40:00',6),
('CL/PUT3360','2023-04-27','AYUR','00:35:00',10),
('CL/PUT3360','2023-04-28','MVIA','00:00:00',9),
('CL/PUT3360','2023-04-28','MVRA','00:50:00',9),
('CL/PUT3360','2023-04-28','MVRA','00:35:00',9),
('CL/PUT3360','2023-04-28','ONDO','00:35:00',12),
('CL/PUT3360','2023-04-29','MTC','00:00:00',13),
('CL/PUT3360','2023-04-29','MIR','01:35:00',9),
('CL/PUT3360','2023-04-29','AYUR','00:50:00',13),
('CL/PUT3360','2023-04-29','BIOA','01:50:00',8),
('CL/ORA4214','2023-05-01','M4M','00:00:00',6),
('CL/ORA4214','2023-05-01','MHE','01:20:00',17),
('CL/ORA4214','2023-05-01','M4M','02:20:00',2),
('CL/ORA4214','2023-05-01','MVO','01:20:00',9),
('CL/ORA4214','2023-05-02','M4M','00:00:00',7),
('CL/ORA4214','2023-05-02','ONDO','01:20:00',9),
('CL/ORA4214','2023-05-02','MVIA','00:50:00',12),
('CL/ORA4214','2023-05-02','MHE','00:50:00',10),
('CL/ORA4214','2023-05-03','MCHIB','00:00:00',16),
('CL/ORA4214','2023-05-03','MIR','01:35:00',5),
('CL/ORA4214','2023-05-03','MCALG','00:50:00',17),
('CL/ORA4214','2023-05-03','BIOA','00:40:00',5),
('CL/ORA4214','2023-05-04','MHE','00:00:00',14),
('CL/ORA4214','2023-05-04','MHE','02:20:00',1),
('CL/ORA4214','2023-05-04','AYUR','02:20:00',2),
('CL/ORA4214','2023-05-04','MIR','01:50:00',17),
('CL/ORA4214','2023-05-05','M4M','00:00:00',14),
('CL/ORA4214','2023-05-05','AYUR','01:20:00',5),
('CL/ORA4214','2023-05-05','AYUR','01:50:00',9),
('CL/ORA4214','2023-05-05','BIOA','01:50:00',17),
('CL/ORA4214','2023-05-06','MIR','00:00:00',12),
('CL/ORA4214','2023-05-06','MHE','00:50:00',16),
('CL/ORA4214','2023-05-06','BIOA','02:20:00',15),
('CL/ORA4214','2023-05-06','MVRA','01:10:00',8),
('CL/BOT4530','2023-05-01','ONDO','00:00:00',14),
('CL/BOT4530','2023-05-01','ONDO','00:50:00',4),
('CL/BOT4530','2023-05-01','MCTV','00:50:00',7),
('CL/BOT4530','2023-05-01','MTC','01:20:00',1),
('CL/BOT4530','2023-05-02','MCHIB','00:00:00',15),
('CL/BOT4530','2023-05-02','BAJE','01:35:00',17),
('CL/BOT4530','2023-05-02','MVIA','01:35:00',17),
('CL/BOT4530','2023-05-02','MIR','00:50:00',15),
('CL/BOT4530','2023-05-03','BIOA','00:00:00',13),
('CL/BOT4530','2023-05-03','BAJE','01:10:00',6),
('CL/BOT4530','2023-05-03','MVRA','01:35:00',17),
('CL/BOT4530','2023-05-03','BIOA','00:35:00',2),
('CL/BOT4530','2023-05-04','MIR','00:00:00',10),
('CL/BOT4530','2023-05-04','MCHIB','00:50:00',11),
('CL/BOT4530','2023-05-04','AYUR','01:35:00',12),
('CL/BOT4530','2023-05-04','M4M','01:50:00',9),
('CL/BOT4530','2023-05-05','AFDI','00:00:00',6),
('CL/BOT4530','2023-05-05','AYUR','00:35:00',5),
('CL/BOT4530','2023-05-05','MTC','01:50:00',1),
('CL/BOT4530','2023-05-05','MCTV','01:35:00',10),
('CL/BOT4530','2023-05-06','ONDO','00:00:00',4),
('CL/BOT4530','2023-05-06','MTC','00:50:00',15),
('CL/BOT4530','2023-05-06','ONDO','01:35:00',15),
('CL/BOT4530','2023-05-06','M4M','00:50:00',6),
('CL/SAR2417','2023-05-08','MVO','00:00:00',12),
('CL/SAR2417','2023-05-08','MCALG','00:50:00',16),
('CL/SAR2417','2023-05-08','BIOA','00:40:00',14),
('CL/SAR2417','2023-05-08','AFDI','01:10:00',16),
('CL/SAR2417','2023-05-09','AYUR','00:00:00',2),
('CL/SAR2417','2023-05-09','BAJE','01:50:00',12),
('CL/SAR2417','2023-05-09','MVRA','01:35:00',3),
('CL/SAR2417','2023-05-09','MCTV','00:35:00',3),
('CL/SAR2417','2023-05-10','MCHIB','00:00:00',6),
('CL/SAR2417','2023-05-10','MHE','01:35:00',17),
('CL/SAR2417','2023-05-10','BIOA','02:20:00',10),
('CL/SAR2417','2023-05-10','MHE','01:10:00',9),
('CL/SAR2417','2023-05-11','AYUR','00:00:00',4),
('CL/SAR2417','2023-05-11','MVRA','01:50:00',10),
('CL/SAR2417','2023-05-11','M4M','00:35:00',16),
('CL/SAR2417','2023-05-11','MTC','01:20:00',8),
('CL/SAR2417','2023-05-12','MHE','00:00:00',3),
('CL/SAR2417','2023-05-12','BAJE','02:20:00',15),
('CL/SAR2417','2023-05-12','MCHIB','01:35:00',13),
('CL/SAR2417','2023-05-12','AYUR','01:35:00',15),
('CL/SAR2417','2023-05-13','MVO','00:00:00',10),
('CL/SAR2417','2023-05-13','M4M','00:50:00',9),
('CL/SAR2417','2023-05-13','MVRA','01:20:00',11),
('CL/SAR2417','2023-05-13','AYUR','00:35:00',12),
('CL/CLE1661','2023-05-08','MVRA','00:00:00',13),
('CL/CLE1661','2023-05-08','MCTV','00:35:00',16),
('CL/CLE1661','2023-05-08','AFDI','01:20:00',11),
('CL/CLE1661','2023-05-08','BAJE','00:35:00',13),
('CL/CLE1661','2023-05-09','MHE','00:00:00',12),
('CL/CLE1661','2023-05-09','BAJE','02:20:00',13),
('CL/CLE1661','2023-05-09','MVO','01:35:00',9),
('CL/CLE1661','2023-05-09','MVRA','00:50:00',9),
('CL/CLE1661','2023-05-10','MVIA','00:00:00',16),
('CL/CLE1661','2023-05-10','MVO','00:50:00',13),
('CL/CLE1661','2023-05-10','M4M','00:50:00',4),
('CL/CLE1661','2023-05-10','MCTV','01:20:00',12),
('CL/CLE1661','2023-05-11','MVIA','00:00:00',4),
('CL/CLE1661','2023-05-11','BAJE','00:50:00',15),
('CL/CLE1661','2023-05-11','MHE','01:35:00',17),
('CL/CLE1661','2023-05-11','BAJE','02:20:00',6),
('CL/CLE1661','2023-05-12','ONDO','00:00:00',9),
('CL/CLE1661','2023-05-12','BIOA','00:50:00',6),
('CL/CLE1661','2023-05-12','AYUR','01:10:00',8),
('CL/CLE1661','2023-05-12','BAJE','01:50:00',9),
('CL/CLE1661','2023-05-13','BIOA','00:00:00',3),
('CL/CLE1661','2023-05-13','AFDI','01:10:00',17),
('CL/CLE1661','2023-05-13','MCALG','00:35:00',7),
('CL/CLE1661','2023-05-13','MCTV','00:40:00',1),
('CL/SAR3097','2023-05-15','MHE','00:00:00',6),
('CL/SAR3097','2023-05-15','BAJE','02:20:00',16),
('CL/SAR3097','2023-05-15','M4M','01:35:00',5),
('CL/SAR3097','2023-05-15','BIOA','01:20:00',15),
('CL/SAR3097','2023-05-16','MCTV','00:00:00',6),
('CL/SAR3097','2023-05-16','MVRA','01:20:00',15),
('CL/SAR3097','2023-05-16','MCALG','00:35:00',13),
('CL/SAR3097','2023-05-16','MVIA','00:40:00',10),
('CL/SAR3097','2023-05-17','BAJE','00:00:00',14),
('CL/SAR3097','2023-05-17','BIOA','01:35:00',12),
('CL/SAR3097','2023-05-17','MCHIB','01:10:00',10),
('CL/SAR3097','2023-05-17','AFDI','01:35:00',16),
('CL/SAR3097','2023-05-18','MCHIB','00:00:00',12),
('CL/SAR3097','2023-05-18','MVIA','01:35:00',5),
('CL/SAR3097','2023-05-18','MVRA','00:50:00',9),
('CL/SAR3097','2023-05-18','MTC','00:35:00',13),
('CL/SAR3097','2023-05-19','MVIA','00:00:00',14),
('CL/SAR3097','2023-05-19','MCALG','00:50:00',5),
('CL/SAR3097','2023-05-19','M4M','00:40:00',8),
('CL/SAR3097','2023-05-19','MCHIB','01:20:00',9),
('CL/SAR3097','2023-05-20','MTC','00:00:00',2),
('CL/SAR3097','2023-05-20','ONDO','01:35:00',16),
('CL/SAR3097','2023-05-20','MVO','00:50:00',17),
('CL/SAR3097','2023-05-20','ONDO','00:50:00',5),
('CL/CHA2196','2023-05-15','MCALG','00:00:00',1),
('CL/CHA2196','2023-05-15','M4M','00:40:00',5),
('CL/CHA2196','2023-05-15','MVIA','01:20:00',13),
('CL/CHA2196','2023-05-15','M4M','00:50:00',4),
('CL/CHA2196','2023-05-16','BIOA','00:00:00',5),
('CL/CHA2196','2023-05-16','MCTV','01:10:00',17),
('CL/CHA2196','2023-05-16','MVO','01:20:00',10),
('CL/CHA2196','2023-05-16','ONDO','00:50:00',3),
('CL/CHA2196','2023-05-17','AFDI','00:00:00',16),
('CL/CHA2196','2023-05-17','MVRA','00:35:00',6),
('CL/CHA2196','2023-05-17','MVIA','00:35:00',17),
('CL/CHA2196','2023-05-17','MTC','00:50:00',8),
('CL/CHA2196','2023-05-18','MHE','00:00:00',3),
('CL/CHA2196','2023-05-18','MVRA','02:20:00',12),
('CL/CHA2196','2023-05-18','MCALG','00:35:00',7),
('CL/CHA2196','2023-05-18','M4M','00:40:00',14),
('CL/CHA2196','2023-05-19','MCHIB','00:00:00',12),
('CL/CHA2196','2023-05-19','BIOA','01:35:00',4),
('CL/CHA2196','2023-05-19','M4M','01:10:00',14),
('CL/CHA2196','2023-05-19','MCTV','01:20:00',13),
('CL/CHA2196','2023-05-20','MCALG','00:00:00',12),
('CL/CHA2196','2023-05-20','MCTV','00:40:00',17),
('CL/CHA2196','2023-05-20','BIOA','01:20:00',11),
('CL/CHA2196','2023-05-20','M4M','01:10:00',17),
('CL/BAU4972','2023-05-22','MTC','00:00:00',2),
('CL/BAU4972','2023-05-22','BAJE','01:35:00',12),
('CL/BAU4972','2023-05-22','BIOA','01:35:00',15),
('CL/BAU4972','2023-05-22','AFDI','01:10:00',8),
('CL/BAU4972','2023-05-23','MTC','00:00:00',5),
('CL/BAU4972','2023-05-23','MCTV','01:35:00',15),
('CL/BAU4972','2023-05-23','BAJE','01:20:00',1),
('CL/BAU4972','2023-05-23','M4M','01:35:00',14),
('CL/BAU4972','2023-05-24','MHE','00:00:00',8),
('CL/BAU4972','2023-05-24','MHE','02:20:00',12),
('CL/BAU4972','2023-05-24','MVO','02:20:00',10),
('CL/BAU4972','2023-05-24','BAJE','00:50:00',17),
('CL/BAU4972','2023-05-25','MCHIB','00:00:00',5),
('CL/BAU4972','2023-05-25','BIOA','01:35:00',14),
('CL/BAU4972','2023-05-25','MCALG','01:10:00',7),
('CL/BAU4972','2023-05-25','AYUR','00:40:00',2),
('CL/BAU4972','2023-05-26','BAJE','00:00:00',14),
('CL/BAU4972','2023-05-26','MCTV','01:35:00',14),
('CL/BAU4972','2023-05-26','MHE','01:20:00',13),
('CL/BAU4972','2023-05-26','M4M','02:20:00',14),
('CL/BAU4972','2023-05-27','M4M','00:00:00',9),
('CL/BAU4972','2023-05-27','MHE','01:20:00',15),
('CL/BAU4972','2023-05-27','ONDO','02:20:00',5),
('CL/BAU4972','2023-05-27','ONDO','00:50:00',5),
('CL/RAP1616','2023-05-29','M4M','00:00:00',2),
('CL/RAP1616','2023-05-29','MCTV','01:20:00',6),
('CL/RAP1616','2023-05-29','MCHIB','01:20:00',7),
('CL/RAP1616','2023-05-29','MHE','01:35:00',12),
('CL/RAP1616','2023-05-30','AFDI','00:00:00',17),
('CL/RAP1616','2023-05-30','MIR','00:35:00',9),
('CL/RAP1616','2023-05-30','MVRA','00:50:00',14),
('CL/RAP1616','2023-05-30','MCHIB','00:35:00',10),
('CL/RAP1616','2023-05-31','M4M','00:00:00',17),
('CL/RAP1616','2023-05-31','MCTV','01:20:00',17),
('CL/RAP1616','2023-05-31','MTC','01:20:00',11),
('CL/RAP1616','2023-05-31','AYUR','01:35:00',1),
('CL/RAP1616','2023-06-01','MVRA','00:00:00',17),
('CL/RAP1616','2023-06-01','MCALG','00:35:00',3),
('CL/RAP1616','2023-06-01','AYUR','00:40:00',14),
('CL/RAP1616','2023-06-01','MVRA','01:50:00',5),
('CL/RAP1616','2023-06-02','MCHIB','00:00:00',17),
('CL/RAP1616','2023-06-02','MCHIB','01:35:00',12),
('CL/RAP1616','2023-06-02','MTC','01:35:00',1),
('CL/RAP1616','2023-06-02','MIR','01:35:00',13),
('CL/RAP1616','2023-06-03','MVRA','00:00:00',6),
('CL/RAP1616','2023-06-03','MHE','00:35:00',10),
('CL/RAP1616','2023-06-03','BAJE','02:20:00',6),
('CL/RAP1616','2023-06-03','MHE','01:35:00',14),
('CL/DEL3242','2023-05-29','MCTV','00:00:00',3),
('CL/DEL3242','2023-05-29','BIOA','01:20:00',16),
('CL/DEL3242','2023-05-29','BAJE','01:10:00',6),
('CL/DEL3242','2023-05-29','MCTV','01:35:00',17),
('CL/DEL3242','2023-05-30','ONDO','00:00:00',5),
('CL/DEL3242','2023-05-30','MVIA','00:50:00',9),
('CL/DEL3242','2023-05-30','M4M','00:50:00',17),
('CL/DEL3242','2023-05-30','BAJE','01:20:00',17),
('CL/DEL3242','2023-05-31','MVIA','00:00:00',6),
('CL/DEL3242','2023-05-31','AFDI','00:50:00',6),
('CL/DEL3242','2023-05-31','MTC','00:35:00',10),
('CL/DEL3242','2023-05-31','MVO','01:35:00',5),
('CL/DEL3242','2023-06-01','BAJE','00:00:00',13),
('CL/DEL3242','2023-06-01','MCALG','01:35:00',15),
('CL/DEL3242','2023-06-01','BIOA','00:40:00',6),
('CL/DEL3242','2023-06-01','MIR','01:10:00',1),
('CL/DEL3242','2023-06-02','MVRA','00:00:00',4),
('CL/DEL3242','2023-06-02','MVRA','00:35:00',2),
('CL/DEL3242','2023-06-02','AYUR','00:35:00',13),
('CL/DEL3242','2023-06-02','MHE','01:50:00',8),
('CL/DEL3242','2023-06-03','MIR','00:00:00',4),
('CL/DEL3242','2023-06-03','M4M','00:50:00',15),
('CL/DEL3242','2023-06-03','AYUR','01:20:00',15),
('CL/DEL3242','2023-06-03','MVIA','01:50:00',1)
;
INSERT INTO SOIN VALUES
('BIOA','Biocéalgues',50,4),
('ONDO','Ondorelax',30,5),
('MHE','Modelage Aux Huiles Essentielles ',120,2),
('MVO','Modelage Visage Oxygénant',30,2),
('MCTV','Masque Corporel Aux Terres Volcaniques',60,2),
('AYUR','Modelage Ayurvédique Indien',90,2),
('AFDI','Affusions Dynamiques',15,3),
('BAJE','Bain Jets',75,1),
('MVIA','Modelage Visage Antirides',30,2),
('MCHIB','Masque Corporel Aux Fleurs D''Hibiscus ',75,2),
('MTC','Modelage Tradi Energétique Chinois',75,2),
('M4M','Modelage A 4 Mains ',60,2),
('MVRA','Modelage Visage Raffermissant ',15,2),
('MCALG','Masque Corporel Algues/Plantes Bord Mer ',20,2),
('MIR','Modelage Indien Relaxant',30,2)
;
INSERT INTO SALON VALUES
(1,'Salon Solidor',5),
(2,'SPA',4),
(3,'Salon Conchée',5),
(4,'Salon Algues',5),
(5,'Salon Chausey',6)
;
INSERT INTO PERSONNEL VALUES
(1,'CESBRON','Leroy',4),
(2,'BOUAKAZ','Herbert',5),
(3,'CHAUSSIERE','Victoire',2),
(4,'GOYER','Labbé',3),
(5,'SABAS','Marie',2),
(6,'PASQUET','Piéplu',1),
(7,'PACCALIN','Ayala',4),
(8,'RANDRE','Aurélie',2),
(9,'MACE','Anne-Sophie',2),
(10,'SEGERS','Vanessa',2),
(11,'PRADINES','Thomas',3),
(12,'FLORELLE','Eric',1),
(13,'BONNET','Laurent',4),
(14,'BONNET','Stephane',5),
(15,'GIRARDON','Paulin',5),
(16,'PELLETIER','Delphine',2),
(17,'ZENI','Mathilde',3)
;