
CREATE TABLE IF NOT EXISTS "Navire"(
	"OMI" NUMERIC,
	"nomNavire" TEXT,
	"longueur" NUMERIC,
	"largeur" NUMERIC,
	"tirantdEauMax" NUMERIC,
	"idTypeNavire" NUMERIC,
	"libelléTypeNavire" TEXT,
	"idPays" TEXT
);

CREATE TABLE IF NOT EXISTS "Marchandise"(
	"idMarchandise" DATETIME,
	"LibelléMarchandise" TEXT
);

CREATE TABLE IF NOT EXISTS "Pays"(
	"idPays" TEXT,
	"pavillon" TEXT,
	"pays" TEXT
);

CREATE TABLE IF NOT EXISTS "Emplacement"(
	"IdEmpl" NUMERIC,
	"idQuai" NUMERIC,
	"longueurEmpl" NUMERIC,
	"tirantEauEmpl" NUMERIC
);

CREATE TABLE IF NOT EXISTS "Quai"(
	"idQuai" INTEGER,
	"nomQuai" TEXT,
	PRIMARY KEY("idQuai" AUTOINCREMENT)
);

CREATE TABLE IF NOT EXISTS "Client"(
	"idClient" INTEGER,
	"raisonSocialeClient" TEXT,
	"adrRueClient" NUMERIC,
	"CPClient" NUMERIC,
	"adrVilleClient" TEXT,
	"mailClient" NUMERIC,
	"telClient" NUMERIC,
	PRIMARY KEY("idClient" AUTOINCREMENT)
);

CREATE TABLE IF NOT EXISTS "Escale"(
	"idEscale" NUMERIC,
	"dateDébut" DATETIME,
	"dateFin" DATETIME,
	"tirantdEauArrivée" NUMERIC,
	"tirantdEauDépart" NUMERIC,
	"idAgent" TEXT,
	"numOMI" NUMERIC,
	"idQuai" NUMERIC,
	"idEmpl" NUMERIC
);

CREATE TABLE IF NOT EXISTS "AgentConsignataire"(
	"idAgent" TEXT,
	"raisonSocialeAgent" TEXT,
	"adrRueAgent" TEXT,
	"CPAgent" NUMERIC,
	"adrVilleAgent" TEXT,
	"mailAgent" TEXT,
	"telAgent" NUMERIC
);

CREATE TABLE IF NOT EXISTS "Opération"(
	"idOpération" TEXT,
	"libelléOpération" TEXT
);

CREATE TABLE IF NOT EXISTS "CompositionCargaison"(
	"idEscale" NUMERIC,
	"idOpération" TEXT,
	"idMarchandise" DATETIME,
	"idClient" NUMERIC,
	"tonnageMarchandise" NUMERIC
);


INSERT INTO Navire VALUES
(9795664,'A.M LARAFALE',215,44,4,9,'Navire porte conteneur','AUS'),
(9913237,'ABB LYDIA',95,16,6,7,'Navire réfrigéré','CUB'),
(9511702,'ACAMAR',268,40,10,6,'Minéraliers','QAT'),
(9215169,'ACCUM',100,41,10,4,'Méthanier- Gaz liquide','MON'),
(9942998,'ACHILLEUS',312,26,2,3,'Pétrolier','MMR'),
(9419641,'ACTIVE',328,24,12,3,'Pétrolier','SPM'),
(9246693,'ADAMAR',37,49,0,9,'Navire porte conteneur','KEN'),
(9776418,'ADARA',160,9,0,5,'Céréaliers','GBR'),
(9309533,'ADVANTAGE POINT',54,36,4,3,'Pétrolier','BFA'),
(9650452,'AEGEAN HARMONY',177,45,4,5,'Céréaliers','LVA'),
(9525114,'AEGEAN NOBILITY',311,38,3,4,'Méthanier- Gaz liquide','FRA'),
(9590321,'AFRICAN HHB',196,37,9,5,'Céréaliers','DUB'),
(9736271,'AFRICAN KALMIA',123,34,11,5,'Céréaliers','NOR'),
(9390034,'AIOLOS',176,41,4,10,'Cargo classique','TON'),
(9718992,'AJOS',38,31,11,10,'Cargo classique','IND'),
(9887267,'ALBERTITO',193,44,8,9,'Navire porte conteneur','TKM'),
(9278551,'ALDEBARAN',216,24,3,7,'Navire réfrigéré','VEN'),
(9102636,'ALDEBARAN J',37,28,2,6,'Minéraliers','ECU'),
(9844501,'ALECTO',178,49,1,3,'Pétrolier','IND'),
(9764008,'ALEXANDRIA',32,37,7,6,'Minéraliers','IOM'),
(9325219,'ALFA ALANDIA',180,14,7,10,'Cargo classique','GRL'),
(9249720,'ALICE THERESA',281,10,9,6,'Minéraliers','OMN'),
(9699592,'ALITHIA',32,37,0,5,'Céréaliers','CIV'),
(9513411,'ALKIVIADIS',219,34,7,5,'Céréaliers','EST'),
(9108310,'ALPHAGAS',284,32,5,3,'Pétrolier','CAN'),
(9646392,'ALTAIR',212,30,1,10,'Cargo classique','ROM'),
(9725821,'AMAK SWAN',152,29,8,7,'Navire réfrigéré','VUT'),
(9769058,'AMARANTH',327,36,12,3,'Pétrolier','YEM'),
(9292053,'AMBRA',223,30,2,4,'Méthanier- Gaz liquide','CYP'),
(9831765,'AMISIA',76,10,3,10,'Cargo classique','KAZ'),
(9992232,'AMKE',228,43,4,3,'Pétrolier','ARE'),
(9703971,'AMMON',155,48,3,4,'Méthanier- Gaz liquide','KAZ'),
(9625100,'AMONITH',301,33,4,5,'Céréaliers','SVN'),
(9519871,'AMSTELSTROOM',152,27,7,10,'Cargo classique','CUW'),
(9858033,'AMUESA',188,21,8,7,'Navire réfrigéré','MDV'),
(9121658,'AMYNTAS',100,7,6,9,'Navire porte conteneur','MDV'),
(9443039,'ANATIFE',23,31,5,4,'Méthanier- Gaz liquide','WLF'),
(9288048,'ANDRE GENDRE',229,20,8,4,'Méthanier- Gaz liquide','NRU'),
(9398026,'ANDRE L',153,7,6,3,'Pétrolier','KOR'),
(9583754,'ANDRE MALRAUX',294,48,0,4,'Méthanier- Gaz liquide','LKA'),
(9711209,'ANDROMEDA J',127,50,5,5,'Céréaliers','KOR'),
(9136578,'ANETTA',122,35,3,10,'Cargo classique','ARE'),
(9198269,'ANGELINA',27,39,7,6,'Minéraliers','COL'),
(9462664,'ANGON',171,33,0,3,'Pétrolier','MDA'),
(9384351,'ANMARE',75,39,4,6,'Minéraliers','KEN'),
(9585191,'ANMI',125,20,3,3,'Pétrolier','PAK'),
(9405900,'ANMIRO',72,33,1,4,'Méthanier- Gaz liquide','MAR'),
(9155153,'ANNAMARIA D',173,41,3,7,'Navire réfrigéré','EST'),
(9983171,'ANNE-SOFIE',250,35,2,5,'Céréaliers','TTO'),
(9915417,'ANTHIA',127,40,9,10,'Cargo classique','MON'),
(9819971,'ANTJE K',281,31,4,5,'Céréaliers','TWN'),
(9974636,'ANTWERP',132,45,6,6,'Minéraliers','GUY'),
(9333584,'ARAGONITH',273,24,1,6,'Minéraliers','LTU'),
(9565154,'ARAYA',251,20,7,6,'Minéraliers','YEM'),
(9582485,'ARCTIC DISCOVERER',245,41,5,3,'Pétrolier','IND'),
(9195217,'ARIFE',211,29,5,4,'Méthanier- Gaz liquide','VEN'),
(9319628,'ARKLOW BANK',207,12,8,6,'Minéraliers','CUW'),
(9161941,'ARKLOW BREEZE',100,15,9,9,'Navire porte conteneur','NIC'),
(9131946,'ARKLOW CLAN',122,13,4,4,'Méthanier- Gaz liquide','DUB'),
(9175175,'ARKLOW DALE',96,48,9,7,'Navire réfrigéré','TUR'),
(9686284,'ARKLOW DUSK',225,28,7,4,'Méthanier- Gaz liquide','AUT'),
(9521933,'ARKLOW FIELD',309,28,10,10,'Cargo classique','RIF'),
(9737480,'ARKLOW FORTUNE',289,41,0,6,'Minéraliers','ISL'),
(9259594,'ARKLOW MEADOW',319,13,1,5,'Céréaliers','IOM'),
(9256033,'ARKLOW REBEL',230,36,5,6,'Minéraliers','SVN'),
(9197110,'ARKLOW RESOLVE',103,20,7,10,'Cargo classique','SLE'),
(9223852,'ARKLOW ROVER',56,26,2,9,'Navire porte conteneur','ARG'),
(9680789,'ARKLOW RULER',77,47,10,10,'Cargo classique','TAH'),
(9430361,'ARKLOW VALE',258,39,2,6,'Minéraliers','ITA'),
(9218776,'ARKLOW VALIANT',178,39,12,7,'Navire réfrigéré','KOR'),
(9659450,'ARKLOW VANGUARD',86,17,12,4,'Méthanier- Gaz liquide','AGO'),
(9317381,'ARKLOW VENUS',257,47,1,5,'Céréaliers','ASM'),
(9592212,'ARLAU',258,11,1,7,'Navire réfrigéré','UKN'),
(9579551,'ARMONIA A',204,40,0,9,'Navire porte conteneur','JAM'),
(9726704,'ARMONIA GR',56,43,1,3,'Pétrolier','MOZ'),
(9922536,'ARNE',91,14,6,5,'Céréaliers','DNK'),
(9269632,'ASTOR',305,22,4,4,'Méthanier- Gaz liquide','PMD'),
(9810728,'ASTORIA',308,12,3,3,'Pétrolier','GEO'),
(9201066,'ATHENA',98,36,2,10,'Cargo classique','GRC'),
(9955987,'ATLANTIS ALDABRA',186,41,11,7,'Navire réfrigéré','SCO'),
(9793540,'ATLANTIS ALICANTE',153,33,0,7,'Navire réfrigéré','GRC'),
(9670480,'ATLANTIS ANDAMAN',47,42,0,6,'Minéraliers','STP'),
(9693514,'ATLANTIS ANTALYA',166,31,0,3,'Pétrolier','ARE'),
(9635984,'ATLANTIS ARMONA',30,18,4,6,'Minéraliers','CHL'),
(9645009,'ATLANTIS AUGUSTA',257,11,3,5,'Céréaliers','CIV'),
(9394993,'ATLAS STRENGTH',115,43,1,9,'Navire porte conteneur','MON'),
(9648290,'AURORA',83,32,10,7,'Navire réfrigéré','MYS'),
(9774504,'AYLA',238,26,5,6,'Minéraliers','DJI'),
(9728206,'AYR',284,40,11,3,'Pétrolier','IRQ'),
(9579745,'AZERBAIJAN',311,41,6,9,'Navire porte conteneur','PER'),
(9738611,'B GAS MAUD',168,43,9,7,'Navire réfrigéré','DMA'),
(9952212,'BAC 24',43,20,6,6,'Minéraliers','CHN'),
(9157296,'BAKU',97,48,12,7,'Navire réfrigéré','NAM'),
(9847810,'BALTIC ADVANCE',37,41,5,5,'Céréaliers','BIR'),
(9970757,'BALTIC MARINER I',34,20,1,9,'Navire porte conteneur','LVA'),
(9686037,'BALTIC WIND',267,23,0,10,'Cargo classique','GNQ'),
(9892825,'BANDA SEA',78,27,5,9,'Navire porte conteneur','LBY'),
(9724431,'BASSILEVOUSA',41,31,4,6,'Minéraliers','MLT'),
(9111433,'BBC BALBOA',52,31,4,9,'Navire porte conteneur','KHM'),
(9263537,'BBC FUJI',263,17,0,5,'Céréaliers','TUV'),
(9678095,'BBC MAGELLAN',213,44,10,3,'Pétrolier','BRB'),
(9351670,'BBC SPRING',300,45,2,4,'Méthanier- Gaz liquide','AUS'),
(9339433,'BEAUMAGIC',41,21,0,6,'Minéraliers','TUR'),
(9205471,'BEAUMONDE',82,14,9,10,'Cargo classique','BEN'),
(9553997,'BEAUMOTION',221,12,8,10,'Cargo classique','TUV'),
(9750784,'BEAUTRADER',97,27,3,6,'Minéraliers','NIU'),
(9287398,'BELEM',290,19,2,5,'Céréaliers','GIB'),
(9636601,'BELLE POULE',309,24,8,4,'Méthanier- Gaz liquide','GNB'),
(9493628,'BELMAR',327,7,1,9,'Navire porte conteneur','FRA'),
(9953709,'BELUGA',50,16,2,5,'Céréaliers','PAN'),
(9253272,'BENTLEY 1',280,41,12,5,'Céréaliers','PNG'),
(9960607,'BERGEN TS',34,50,2,9,'Navire porte conteneur','GNB'),
(9237931,'BERLIN',79,27,5,9,'Navire porte conteneur','KOR'),
(9513879,'BETAGAS',73,12,0,7,'Navire réfrigéré','MEX'),
(9250880,'BF FORTALEZA',173,33,5,7,'Navire réfrigéré','MEX'),
(9362210,'BG IRELAND',147,18,2,9,'Navire porte conteneur','EGY'),
(9337922,'BG ROTTERDAM',254,44,9,4,'Méthanier- Gaz liquide','GEO'),
(9233694,'BIMI',136,38,12,7,'Navire réfrigéré','SEN'),
(9617471,'BIT ECO',256,11,4,7,'Navire réfrigéré','IRQ'),
(9517789,'BIT VIKING',100,42,12,5,'Céréaliers','BHR'),
(9176645,'BITFJORD',32,34,2,10,'Cargo classique','LCA'),
(9940026,'BITTEN THERESA',297,31,11,6,'Minéraliers','CIV'),
(9654735,'BJOERKOE',135,32,7,3,'Pétrolier','KOR'),
(9853139,'BLACK STAR',185,20,6,3,'Pétrolier','ATG'),
(9822749,'BLOC C34 (PLGDN)',154,7,2,7,'Navire réfrigéré','NLD'),
(9650532,'BLUE STAR',79,25,2,9,'Navire porte conteneur','PAK'),
(9820803,'BLUE STAR I',229,42,5,4,'Méthanier- Gaz liquide','MDA'),
(9920148,'BLUE TUNE',128,49,5,7,'Navire réfrigéré','KEN'),
(9998342,'BOMAR CERES',245,12,6,10,'Cargo classique','ISL'),
(9861591,'BOMAR HAUMEA',211,17,2,7,'Navire réfrigéré','COG'),
(9469366,'BOMAR MARS',215,35,5,3,'Pétrolier','ZAR'),
(9517386,'BON VIVANT',127,15,12,6,'Minéraliers','SVK'),
(9649236,'BONITO',295,22,7,4,'Méthanier- Gaz liquide','KIR'),
(9808410,'BORIS DAVYDOV',132,38,5,5,'Céréaliers','GRD'),
(9302087,'BORIS VILKITSKY',300,16,1,9,'Navire porte conteneur','GLP'),
(9679609,'BOTAFOGO',180,47,1,9,'Navire porte conteneur','DUB'),
(9862000,'BOTHNIA',249,17,4,6,'Minéraliers','BIR'),
(9456679,'BOUZAS',64,44,8,10,'Cargo classique','DNK'),
(9873424,'BREIVIKEN',140,41,11,4,'Méthanier- Gaz liquide','ABW'),
(9390543,'BRIGITTE M',277,29,0,10,'Cargo classique','MNG'),
(9171996,'BRITISH DIAMOND',208,9,2,4,'Méthanier- Gaz liquide','DNK'),
(9129597,'BRITISH RENOWN',161,37,4,6,'Minéraliers','ZAF'),
(9324990,'BULK SWEDEN',211,19,6,5,'Céréaliers','SLV'),
(9686786,'BURGTOR',108,28,4,10,'Cargo classique','HND'),
(9142749,'BURHAN DIZMAN 2',53,17,2,7,'Navire réfrigéré','GUY'),
(9573634,'BURHAN DIZMAN 3',144,33,3,7,'Navire réfrigéré','NZL'),
(9695466,'BUSE TRIO',169,33,2,3,'Pétrolier','SGP'),
(9112329,'BW BOSTON',249,36,2,10,'Cargo classique','MNG'),
(9778304,'BW PAVILION LEEARA',270,33,10,4,'Méthanier- Gaz liquide','STP'),
(9885740,'BW TULIP',258,31,10,7,'Navire réfrigéré','LKA'),
(9285430,'CABRILLO',149,10,12,10,'Cargo classique','CPV'),
(9238312,'CAEN OUISTREHAM 5',149,33,4,6,'Minéraliers','ETH'),
(9692512,'CANSU Y',168,12,4,4,'Méthanier- Gaz liquide','BGD'),
(9842951,'CAP PIERRE',200,45,2,7,'Navire réfrigéré','UGA'),
(9691135,'CAPE BACTON',71,19,8,5,'Céréaliers','FRA'),
(9688263,'CAPE BARI',297,31,7,4,'Méthanier- Gaz liquide','LTU'),
(9269864,'CAPE SCOTT',289,50,0,6,'Minéraliers','GUY'),
(9881771,'CAPETAN COSTIS',269,17,3,4,'Méthanier- Gaz liquide','MRT'),
(9105280,'CAPT STEFANOS',30,22,0,9,'Navire porte conteneur','ETH'),
(9736409,'CAROLINE THERESA',70,16,4,7,'Navire réfrigéré','SAU'),
(9842638,'CATHY THERESA',40,43,0,6,'Minéraliers','BLZ'),
(9268034,'CECILIA',56,50,10,9,'Navire porte conteneur','ISR'),
(9856006,'CELTIC ENDEAVOUR',137,37,11,6,'Minéraliers','SLV'),
(9440837,'CEZEMBRE',42,27,12,4,'Méthanier- Gaz liquide','QAT'),
(9627341,'CFEM',278,43,0,7,'Navire réfrigéré','MYS'),
(9516099,'CHALAND 45',25,35,2,6,'Minéraliers','CRI'),
(9779413,'CHALAND 48',106,19,3,4,'Méthanier- Gaz liquide','DIS'),
(9176896,'CHAMPION TRADER',122,33,9,3,'Pétrolier','CUB'),
(9386028,'CHANTACO',82,43,7,4,'Méthanier- Gaz liquide','NIU'),
(9529765,'CHRISTIAN ESSBERGER',214,33,7,3,'Pétrolier','NZL'),
(9564140,'CHRISTINA',255,16,3,4,'Méthanier- Gaz liquide','CIV'),
(9100654,'CHRISTINE',285,17,2,7,'Navire réfrigéré','COL'),
(9914387,'CHRISTOPHE DE MARGERIE',262,26,0,6,'Minéraliers','NIU'),
(9755180,'CIELO DI CAPRI',192,27,9,5,'Céréaliers','CHE'),
(9968171,'CIELO DI GAETA',69,40,2,3,'Pétrolier','VCT'),
(9768382,'CIELO DI NEW-YORK',318,40,6,5,'Céréaliers','COG'),
(9125626,'CIELO DI ULSAN',142,32,0,7,'Navire réfrigéré','IND'),
(9227209,'CITY OF HAMBURG',114,25,6,7,'Navire réfrigéré','POL'),
(9113987,'CIUDAD DE CADIZ',195,46,4,3,'Pétrolier','CYP'),
(9573638,'CLARA K',331,23,8,5,'Céréaliers','DMA'),
(9756950,'CLEAN HORIZON',30,17,5,10,'Cargo classique','ARG'),
(9327224,'CLEAN PLANET',35,26,5,7,'Navire réfrigéré','DMA'),
(9162517,'CLEAN VISION',96,23,12,4,'Méthanier- Gaz liquide','DUB'),
(9350963,'CMA CGM AFRICA FOUR',315,15,12,9,'Navire porte conteneur','PRK'),
(9516831,'CMA CGM AFRICA ONE',221,39,12,4,'Méthanier- Gaz liquide','GRL'),
(9916812,'CMA CGM AFRICA THREE',147,39,8,5,'Céréaliers','MUS'),
(9934815,'CMA CGM AFRICA TWO',137,28,6,7,'Navire réfrigéré','FIN'),
(9247734,'CMA CGM AMERICA',277,28,5,5,'Céréaliers','CHL'),
(9723378,'CMA CGM FORT DE FRANCE',98,31,11,7,'Navire réfrigéré','LTU'),
(9953808,'CMA CGM FORT FLEUR D''EPEE',174,9,2,5,'Céréaliers','NZL'),
(9669553,'CMA CGM FORT ROYAL',90,9,8,3,'Pétrolier','GIN'),
(9442396,'CMA CGM FORT SAINT CHARLES',110,39,1,9,'Navire porte conteneur','DUB'),
(9557929,'CMA CGM FORT ST PIERRE',123,28,9,10,'Cargo classique','AIA'),
(9384817,'CMA CGM FORT STE MARIE',321,25,3,3,'Pétrolier','ABD'),
(9601503,'CMA CGM L''ETOILE',327,10,1,5,'Céréaliers','KEN'),
(9727434,'CMA CGM POINTE CARAIBE',98,48,0,4,'Méthanier- Gaz liquide','MDG'),
(9587184,'CMA CGM POINTE DES COLIBRIS',216,11,3,7,'Navire réfrigéré','AIA'),
(9323526,'CMA CGM SAMBHAR',37,18,0,3,'Pétrolier','MRT'),
(9437545,'COE LENI',81,41,7,10,'Cargo classique','IRQ'),
(9209542,'COFCO 1',273,22,0,4,'Méthanier- Gaz liquide','IDN'),
(9939269,'CONSTANTINE',122,43,1,9,'Navire porte conteneur','MHL'),
(9664831,'COOL RUNNER',31,18,4,10,'Cargo classique','ALD'),
(9583705,'CORAL MEDUSA',82,20,10,5,'Céréaliers','ZIM'),
(9773821,'CORAL MONACTIS',38,11,5,5,'Céréaliers','LCA'),
(9983487,'CORCOVADO LNG',52,36,11,3,'Pétrolier','ATF'),
(9716475,'CORNION',163,36,11,6,'Minéraliers','SYR'),
(9974553,'CPO GERMANY',36,33,12,3,'Pétrolier','TUR'),
(9366584,'CPO SWEDEN',234,13,8,7,'Navire réfrigéré','GNQ'),
(9327347,'CROCUS',66,18,4,10,'Cargo classique','HUN'),
(9837293,'CS CRYSTAL',83,37,8,9,'Navire porte conteneur','BFA'),
(9608832,'CUERA',25,24,4,10,'Cargo classique','QAT'),
(9977239,'DAGMAR THERESA',139,36,0,3,'Pétrolier','TTO'),
(9699493,'DAISHAN',91,13,5,9,'Navire porte conteneur','NRU'),
(9147192,'DAMINA',270,16,2,3,'Pétrolier','CUB'),
(9159172,'DANICA SUNRISE',41,7,10,5,'Céréaliers','KIR'),
(9927081,'DANTE',320,13,11,5,'Céréaliers','COL'),
(9894804,'DARYA JYOTI',218,19,2,10,'Cargo classique','DEU'),
(9393374,'DEE FISHER',224,18,12,4,'Méthanier- Gaz liquide','ASM'),
(9799375,'DELTA STAR',162,21,12,4,'Méthanier- Gaz liquide','ZIM'),
(9724305,'DERK',293,33,10,3,'Pétrolier','STP'),
(9980210,'DEUN',55,13,4,4,'Méthanier- Gaz liquide','WSM'),
(9342046,'DEWEY',231,35,0,7,'Navire réfrigéré','NIC'),
(9314424,'DILONG SPIRIT',165,19,5,6,'Minéraliers','GRC'),
(9578020,'DIMITRIS C',117,32,10,6,'Minéraliers','LCA'),
(9912036,'DOMINGO',93,19,2,10,'Cargo classique','ERI'),
(9522447,'DON JUAN',329,21,1,7,'Navire réfrigéré','BHR'),
(9543763,'DONAUGRACHT',222,32,7,5,'Céréaliers','BOL'),
(9192951,'DORNUM',157,41,11,6,'Minéraliers','BLZ'),
(9191492,'DRAIT',185,7,8,7,'Navire réfrigéré','MON'),
(9800844,'DU',302,26,8,4,'Méthanier- Gaz liquide','ATG'),
(9364538,'DUKHAN',131,41,9,4,'Méthanier- Gaz liquide','GIN'),
(9516367,'EAGLE SAN FRANCISCO',298,24,4,4,'Méthanier- Gaz liquide','GRD'),
(9112593,'EDELWEISS',72,21,8,7,'Navire réfrigéré','ETH'),
(9696671,'EDUARD TOLL',282,39,10,6,'Minéraliers','BRA'),
(9621975,'EDZARD CIRKSENA',70,7,12,4,'Méthanier- Gaz liquide','GGY'),
(9344293,'EEMS DART',129,34,6,7,'Navire réfrigéré','GRL'),
(9940674,'EEMS DOLLARD',28,50,8,7,'Navire réfrigéré','ABD'),
(9761942,'EEMS DOVER',165,44,10,3,'Pétrolier','TON'),
(9478027,'EEMS DUBLIN',299,18,6,9,'Navire porte conteneur','IRN'),
(9433596,'EEMS DUNDEE',173,9,7,10,'Cargo classique','ISR'),
(9786727,'EEMS RIVER',185,30,9,6,'Minéraliers','SEN'),
(9868787,'EEMS SKY',155,22,10,9,'Navire porte conteneur','CAN'),
(9588409,'EEMS TRANSPORTER',245,38,1,5,'Céréaliers','COM'),
(9758408,'EEMSLIFT DAFNE',84,33,1,5,'Céréaliers','ECU'),
(9306133,'EEMSLIFT ELLEN',251,29,2,9,'Navire porte conteneur','SGP'),
(9581126,'EGE BEY',231,19,10,7,'Navire réfrigéré','VNM'),
(9259073,'EIDER',133,33,6,5,'Céréaliers','PLW'),
(9600673,'EIKEVIKEN',234,19,6,5,'Céréaliers','LKA'),
(9498696,'EL BALAA',24,19,0,3,'Pétrolier','EGY'),
(9943718,'EL IZAR',49,43,10,3,'Pétrolier','EST'),
(9562219,'EL NATEH',201,12,8,5,'Céréaliers','AIA'),
(9494050,'EL NIHAL',114,9,9,10,'Cargo classique','FRO'),
(9813395,'EL SAAD',302,31,8,9,'Navire porte conteneur','NOR'),
(9956054,'EL SAFI',90,33,10,7,'Navire réfrigéré','POL'),
(9878658,'ELANDRA EAGLE',303,21,4,9,'Navire porte conteneur','DEU'),
(9822207,'ELANDRA MAPLE',288,29,1,5,'Céréaliers','CUB'),
(9189386,'ELANDSGRACHT',263,41,2,3,'Pétrolier','JPN'),
(9899764,'ELI KNUTSEN',131,24,2,9,'Navire porte conteneur','ERI'),
(9834420,'ELINDA MARE',97,8,2,4,'Méthanier- Gaz liquide','NIU'),
(9607924,'ELISABETH K.',297,13,12,7,'Navire réfrigéré','SUR'),
(9430188,'ELKE W',64,38,11,5,'Céréaliers','AIA'),
(9728569,'ELLINIS',227,50,2,6,'Minéraliers','BRN'),
(9194925,'EMBLA',199,38,1,5,'Céréaliers','IRQ'),
(9898132,'EMIN REIS',246,18,0,5,'Céréaliers','ALB'),
(9944662,'EMMA JANNEKE',206,15,12,3,'Pétrolier','BOL'),
(9543028,'EN AVANT 20',264,21,1,5,'Céréaliers','GEO'),
(9981855,'ENERGY LIBERTY',213,12,5,7,'Navire réfrigéré','PAK'),
(9975850,'EPHESOS',117,29,8,5,'Céréaliers','THA'),
(9644876,'ES LEADER',259,13,12,9,'Navire porte conteneur','BGR'),
(9595857,'ESENIYA',135,41,2,3,'Pétrolier','AUT'),
(9344723,'ESHIPS SHAMAL',297,33,10,9,'Navire porte conteneur','MMR'),
(9988928,'EVEREST SPIRIT',314,27,9,4,'Méthanier- Gaz liquide','COL'),
(9829480,'EVIAPETROL V',40,43,6,4,'Méthanier- Gaz liquide','VGB'),
(9920151,'EXCELLO',212,37,9,5,'Céréaliers','USA'),
(9182153,'FADELSIA',298,45,2,4,'Méthanier- Gaz liquide','DEU'),
(9291631,'FAGELGRACHT',177,43,10,9,'Navire porte conteneur','USA'),
(9443218,'FAIRMASTER',65,25,8,9,'Navire porte conteneur','TWN'),
(9362743,'FAIRPLAY-31',113,16,2,5,'Céréaliers','NIU'),
(9445211,'FANARIA',301,45,11,9,'Navire porte conteneur','BIR'),
(9925962,'FEDERAL BALTIC',207,49,9,5,'Céréaliers','MHL'),
(9111217,'FEDERAL WESER',145,45,9,9,'Navire porte conteneur','YEM'),
(9126345,'FEDOR LITKE',320,10,0,10,'Cargo classique','NOR'),
(9351424,'FEHN COURAGE',215,25,10,4,'Méthanier- Gaz liquide','JAM'),
(9530511,'FEHN LIGHT',112,38,12,7,'Navire réfrigéré','GGY'),
(9211268,'FELIX',298,42,1,4,'Méthanier- Gaz liquide','TUV'),
(9494079,'FEYZ COMMANDER',315,7,2,5,'Céréaliers','TTO'),
(9842072,'FILIA NETTIE',157,12,10,6,'Minéraliers','MNG'),
(9232109,'FLEET LEADER',211,16,4,7,'Navire réfrigéré','PRY'),
(9889715,'FLEX EMDEN',189,33,6,4,'Méthanier- Gaz liquide','KNA'),
(9869449,'FLEX ENDEAVOUR',126,33,6,3,'Pétrolier','JPN'),
(9761287,'FLEX RAINBOW',86,39,6,10,'Cargo classique','USA'),
(9543445,'FLORAGRACHT',75,18,4,10,'Cargo classique','LBN'),
(9488418,'FLUVIUS KENN',304,15,6,4,'Méthanier- Gaz liquide','GLP'),
(9108198,'FLUVIUS TAVY',108,14,4,3,'Pétrolier','OMN'),
(9540992,'FLUVIUS TEIGN',260,22,4,7,'Navire réfrigéré','ROM'),
(9609491,'FOKKO UKENA',223,32,8,5,'Céréaliers','MDA'),
(9599127,'FORBIN',153,15,12,10,'Cargo classique','SEN'),
(9612663,'FORTUNAGRACHT',303,10,7,5,'Céréaliers','CYM'),
(9445104,'FOURAS',169,17,7,10,'Cargo classique','UKN'),
(9299639,'FPMC 26',275,36,1,4,'Méthanier- Gaz liquide','BRB'),
(9904111,'FRAUKE',312,45,3,5,'Céréaliers','UKN'),
(9603730,'FREDERICIA',214,45,5,7,'Navire réfrigéré','SGP'),
(9259934,'FREZYA S',238,29,8,3,'Pétrolier','GBR'),
(9109053,'FRI WAVE',242,38,9,4,'Méthanier- Gaz liquide','AIA'),
(9437998,'FRISIAN RIVER',114,11,10,10,'Cargo classique','CYM'),
(9428343,'FRISIUM',301,48,12,10,'Cargo classique','GNQ'),
(9173579,'FRONT CASCADE',183,12,10,7,'Navire réfrigéré','UGA'),
(9932808,'FRONT CASTOR',78,35,10,9,'Navire porte conteneur','LUX'),
(9221222,'FRONT EARL',129,37,0,3,'Pétrolier','BHS'),
(9808235,'FRONT LEOPARD',197,36,6,3,'Pétrolier','LUX'),
(9889621,'FRONT SIRIUS',268,50,9,7,'Navire réfrigéré','WSM'),
(9371518,'FURUHOLMEN',238,8,0,7,'Navire réfrigéré','DEU'),
(9662597,'FWN RUBY',188,17,0,5,'Céréaliers','KIR'),
(9444981,'GABRIELA SILANG',284,9,12,7,'Navire réfrigéré','LUX'),
(9185182,'GALENE M',185,22,1,3,'Pétrolier','PLW'),
(9701644,'GALEON ANDALUCIA',61,44,7,9,'Navire porte conteneur','KHM'),
(9511170,'GALICIA',254,44,4,5,'Céréaliers','ATG'),
(9455459,'GASLOG HONG KONG',245,18,0,6,'Minéraliers','MEX'),
(9453061,'GASLOG WARSAW',313,34,9,4,'Méthanier- Gaz liquide','IDN'),
(9865636,'GEERT K.',150,42,11,6,'Minéraliers','EST'),
(9285176,'GEMINI MAESTRO',184,18,8,5,'Céréaliers','BMU'),
(9176551,'GENCO CHAMPION',214,25,7,6,'Minéraliers','SDN'),
(9693194,'GENCO PREDATOR',223,28,11,9,'Navire porte conteneur','IOM'),
(9611824,'GEORGE S.',36,19,3,4,'Méthanier- Gaz liquide','LVA'),
(9600974,'GEORGIY BRUSILOV',119,30,12,9,'Navire porte conteneur','LTU'),
(9578040,'GEORGIY USHAKOV',40,45,9,9,'Navire porte conteneur','GMB'),
(9155074,'GEORGY MASLOV',310,16,4,9,'Navire porte conteneur','SLB'),
(9323509,'GERARDA',291,26,3,9,'Navire porte conteneur','POL'),
(9178214,'GIOVANNI DP',223,39,12,7,'Navire réfrigéré','BFA'),
(9451635,'GITANA',248,27,5,5,'Céréaliers','CZE'),
(9220374,'GIZEMDENIZ SULTAN',84,34,1,5,'Céréaliers','ZIM'),
(9762713,'GLORY DINA',110,18,8,5,'Céréaliers','SEN'),
(9375238,'GODETIA',286,17,7,5,'Céréaliers','COK'),
(9781270,'GRAN CANARIA CAR',278,45,1,9,'Navire porte conteneur','GLP'),
(9590131,'GULF ANGEL',128,10,2,9,'Navire porte conteneur','BRB'),
(9180454,'GUNDEM MAKBULE',47,9,4,7,'Navire réfrigéré','KEN'),
(9395768,'GWEN',190,38,5,10,'Cargo classique','SDN'),
(9457705,'HACI FATMA ANA',112,34,12,5,'Céréaliers','GHA'),
(9995895,'HAFNIA GREEN',75,45,0,6,'Minéraliers','GMB'),
(9515699,'HAFNIA KARAVA',206,13,11,4,'Méthanier- Gaz liquide','ABW'),
(9557496,'HAFNIA SUNDA',178,17,2,7,'Navire réfrigéré','QAT'),
(9391619,'HAFNIA VICTORIA',240,40,10,6,'Minéraliers','ERI'),
(9432430,'HANDYTANKERS GLORY',262,16,10,7,'Navire réfrigéré','ALD'),
(9221727,'HANNA',226,27,7,7,'Navire réfrigéré','MAR'),
(9357446,'HAPPY BRIDE',53,29,6,9,'Navire porte conteneur','PAN'),
(9303422,'HAPPY FALCON',105,38,8,3,'Pétrolier','ZIM'),
(9815893,'HAPPY PELICAN',303,26,12,3,'Pétrolier','COG'),
(9765207,'HAPPY SKY',155,41,7,10,'Cargo classique','CIV'),
(9102533,'HARINGVLIET',237,50,2,6,'Minéraliers','THA'),
(9760783,'HARUN',240,23,7,5,'Céréaliers','PAN'),
(9880275,'HATHOR',283,25,6,3,'Pétrolier','ALD'),
(9931970,'HAV PIKE',201,41,6,4,'Méthanier- Gaz liquide','CHE'),
(9474401,'HAV SNAPPER',100,43,12,3,'Pétrolier','ISL'),
(9275619,'HAVSTRAUM',154,14,3,5,'Céréaliers','ISL'),
(9751672,'HC BEA-LUNA',313,21,1,4,'Méthanier- Gaz liquide','GRC'),
(9795530,'HEATHER KNUTSEN',77,22,1,3,'Pétrolier','MLT'),
(9969030,'HEENVLIET',23,29,7,4,'Méthanier- Gaz liquide','TUR'),
(9254157,'HENRIETTA KOSAN',304,29,11,10,'Cargo classique','NLD'),
(9683278,'HEYN',326,11,12,4,'Méthanier- Gaz liquide','TUV'),
(9353273,'HIGH SATURN',54,7,8,3,'Pétrolier','MDA'),
(9695652,'HILKE',311,9,0,7,'Navire réfrigéré','ATF'),
(9313467,'HMS EXPLOIT',186,26,12,5,'Céréaliers','MRT'),
(9347123,'HMS EXPRESS',69,48,7,6,'Minéraliers','CUB'),
(9717527,'HOEGH GALLANT',265,39,9,4,'Méthanier- Gaz liquide','GRL'),
(9736823,'HOVDEN SPIRIT',229,47,7,6,'Minéraliers','MUS'),
(9274654,'HUELIN DISPATCH',162,16,5,3,'Pétrolier','MUS'),
(9222162,'HYUNDAI PRINCEPIA',230,42,5,4,'Méthanier- Gaz liquide','HUN'),
(9531759,'IBERIAN SEA',87,40,0,9,'Navire porte conteneur','MAR'),
(9474884,'IDI',90,10,1,10,'Cargo classique','PRT'),
(9226572,'IDUNA',141,21,5,10,'Cargo classique','DIS'),
(9107098,'IEVOLI AMBER',26,38,0,5,'Céréaliers','TUR'),
(9119921,'IJSSELBORG',133,44,1,7,'Navire réfrigéré','OMN'),
(9580594,'IMPALA',73,30,10,3,'Pétrolier','URY'),
(9196498,'INCHCAP',274,16,1,4,'Méthanier- Gaz liquide','FRA'),
(9294201,'INDUSTRIAL CHARGER',52,37,3,9,'Navire porte conteneur','GEO'),
(9368634,'INDUSTRIAL CRESCENT',116,33,7,7,'Navire réfrigéré','BHR'),
(9571890,'INDUSTRIAL GUIDE',314,16,8,5,'Céréaliers','MAR'),
(9625406,'INDUSTRIAL REVOLUTION',262,29,8,10,'Cargo classique','HUN'),
(9600023,'INDUSTRIAL SKIPPER',87,20,3,3,'Pétrolier','ATF'),
(9939897,'INDUSTRIAL SWIFT',324,19,2,9,'Navire porte conteneur','LBR'),
(9430879,'INTRAITABLE',331,26,10,6,'Minéraliers','POL'),
(9529944,'INYALA',220,48,7,7,'Navire réfrigéré','CHE'),
(9357951,'IPEK S',323,33,4,4,'Méthanier- Gaz liquide','VUT'),
(9411485,'IROKO',177,34,9,10,'Cargo classique','SLE'),
(9761096,'ISADORA',127,14,12,5,'Céréaliers','TUN'),
(9929544,'ISMAYIL SHIKHLY',226,22,7,9,'Navire porte conteneur','USA'),
(9134756,'ISTRIA',41,49,3,3,'Pétrolier','EST'),
(9796499,'IVER BRILLIANT',153,33,0,4,'Méthanier- Gaz liquide','RIF'),
(9749093,'IVS KNOT',271,50,9,6,'Minéraliers','ROM'),
(9874946,'JACOB',64,13,6,3,'Pétrolier','FIN'),
(9866874,'JAGUAR',152,7,5,9,'Navire porte conteneur','VUT'),
(9480479,'JANET',66,31,3,4,'Méthanier- Gaz liquide','GLP'),
(9280691,'JEAN ANGO',241,38,11,10,'Cargo classique','GGY'),
(9632994,'JING JIN HAI',212,31,7,3,'Pétrolier','CUW'),
(9177481,'JOANNA',137,36,12,6,'Minéraliers','KNA'),
(9825042,'JOHANNES',214,28,12,4,'Méthanier- Gaz liquide','CYP'),
(9405032,'JOHN FRIEDRICH K.',75,37,3,4,'Méthanier- Gaz liquide','LTU'),
(9424287,'JOTAGAS',62,8,6,10,'Cargo classique','HUN'),
(9521982,'JS ALULAR',248,7,1,10,'Cargo classique','THA'),
(9734719,'JS CAESAR',180,8,3,4,'Méthanier- Gaz liquide','KOR'),
(9285027,'JS CHUKAR',287,37,4,9,'Navire porte conteneur','IOM'),
(9592213,'JUERGEN K.',302,45,11,7,'Navire réfrigéré','BRB'),
(9964293,'K. DADAYLI',98,11,0,5,'Céréaliers','UGA'),
(9961295,'KALAMAS',289,46,11,7,'Navire réfrigéré','ASM'),
(9159697,'KANDAVA',309,19,2,6,'Minéraliers','WLF'),
(9584300,'KAPITAN KOKOVIN',201,11,9,3,'Pétrolier','YEM'),
(9391836,'KAPITAN SAKHAROV',270,49,3,3,'Pétrolier','TTO'),
(9704975,'KAPITAN YAKOVLEV',139,14,9,6,'Minéraliers','PRK'),
(9423864,'KAREN C',266,10,7,9,'Navire porte conteneur','NOR'),
(9545341,'KARL JAKOB K',118,13,10,4,'Méthanier- Gaz liquide','DNK'),
(9605843,'KARSOY',216,49,0,10,'Cargo classique','DNK'),
(9739344,'KASSEL',180,41,0,9,'Navire porte conteneur','CUB'),
(9259628,'KATE C',258,30,1,9,'Navire porte conteneur','UKN'),
(9162642,'KATHY C',57,35,6,9,'Navire porte conteneur','BHS'),
(9568952,'KELLY C',258,13,2,6,'Minéraliers','AZE'),
(9469971,'KERKYRA',48,14,0,7,'Navire réfrigéré','COM'),
(9753650,'KEY KNIGHT',80,23,12,4,'Méthanier- Gaz liquide','PHL'),
(9584288,'KILSTRAUM',175,7,11,10,'Cargo classique','ALB'),
(9674981,'KIMOLOS WARRIOR',51,36,6,5,'Céréaliers','MUS'),
(9217426,'KING BARLEY',179,8,11,4,'Méthanier- Gaz liquide','SYR'),
(9843024,'KING COAL',69,38,9,5,'Céréaliers','VEN'),
(9408217,'KITTY C',230,38,8,7,'Navire réfrigéré','LKA'),
(9867003,'KLARIKA',256,12,8,10,'Cargo classique','PRY'),
(9648828,'KMARIN BUSAN',217,10,9,4,'Méthanier- Gaz liquide','AGO'),
(9606228,'KONSTANTIN',203,49,9,9,'Navire porte conteneur','MNG'),
(9551138,'KOTOR',209,11,9,3,'Pétrolier','EGY'),
(9206685,'KRISTIN C',95,23,10,9,'Navire porte conteneur','BIR'),
(9252162,'KRYSSHOLM',177,40,6,7,'Navire réfrigéré','NAM'),
(9412296,'KT BIRDIE',283,34,2,10,'Cargo classique','BFA'),
(9473296,'L''HERMIONE',307,42,3,6,'Minéraliers','MYS'),
(9123667,'LA COURONNEE IV',207,27,2,4,'Méthanier- Gaz liquide','POL'),
(9759939,'LA MANCHA KNUTSEN',227,43,5,6,'Minéraliers','CNI'),
(9617258,'LADY AMI',129,9,12,10,'Cargo classique','PHL'),
(9288935,'LADY AYSE',53,18,3,4,'Méthanier- Gaz liquide','DEU'),
(9506592,'LADY HESTER',190,9,2,9,'Navire porte conteneur','RIF'),
(9241659,'LADY JASMIN',51,42,3,9,'Navire porte conteneur','WSM'),
(9448766,'LADY NOLA',36,10,10,7,'Navire réfrigéré','YEM'),
(9209813,'LADY NONA',262,33,12,5,'Céréaliers','TGO'),
(9120443,'LAGA',269,50,0,4,'Méthanier- Gaz liquide','KAZ'),
(9354346,'LANDY',54,19,11,4,'Méthanier- Gaz liquide','BRN'),
(9754985,'LAPIS',167,50,8,7,'Navire réfrigéré','SDN'),
(9633779,'LARGO SUN',77,9,9,6,'Minéraliers','DMA'),
(9943697,'LAURA ANN',98,12,5,7,'Navire réfrigéré','LVA'),
(9396418,'LEENI',106,46,9,10,'Cargo classique','AUT'),
(9639915,'LEMONIA',191,29,4,7,'Navire réfrigéré','CUB'),
(9920051,'LENI P.',311,16,11,10,'Cargo classique','VUT'),
(9997073,'LESSOW SWAN',214,28,11,9,'Navire porte conteneur','CHE'),
(9736578,'LEVANA',317,18,1,10,'Cargo classique','WSM'),
(9587898,'LIA M',109,40,1,7,'Navire réfrigéré','CYP'),
(9319807,'LIESEL ESSBERGER',264,49,3,3,'Pétrolier','HRV'),
(9247578,'LIFTER',106,32,4,4,'Méthanier- Gaz liquide','ROM'),
(9235517,'LIKYA C',221,12,11,6,'Minéraliers','ASM'),
(9988152,'LILLESAND',304,8,7,10,'Cargo classique','FRO'),
(9800358,'LINNAU',249,9,1,7,'Navire réfrigéré','GTM'),
(9997172,'LISA',60,24,10,4,'Méthanier- Gaz liquide','VGB'),
(9243240,'LISA ESSBERGER',254,17,6,9,'Navire porte conteneur','CMR'),
(9521983,'LISTRAUM',255,13,9,3,'Pétrolier','GEO'),
(9907244,'LIV KNUTSEN',213,27,0,10,'Cargo classique','MDG'),
(9512897,'LNG ABALAMABIE',172,12,11,3,'Pétrolier','GLP'),
(9324492,'LNG ABUJA II',36,12,8,6,'Minéraliers','ALB'),
(9190253,'LNG ADAMAWA',144,43,10,9,'Navire porte conteneur','PRT'),
(9660716,'LNG AKWA IBOM',277,47,5,4,'Méthanier- Gaz liquide','ERI'),
(9561007,'LNG BAYELSA',129,23,7,5,'Céréaliers','JOR'),
(9877469,'LNG BENUE',308,17,11,7,'Navire réfrigéré','GEO'),
(9969710,'LNG BORNO',305,10,10,7,'Navire réfrigéré','GEO'),
(9846569,'LNG CROSS RIVER',92,37,11,7,'Navire réfrigéré','PNG'),
(9598110,'LNG FINIMA II',123,31,0,6,'Minéraliers','RUS'),
(9430115,'LNG IMO',234,44,10,4,'Méthanier- Gaz liquide','MYS'),
(9822056,'LNG JUNO',261,25,0,4,'Méthanier- Gaz liquide','CMR'),
(9515379,'LNG KANO',135,45,8,9,'Navire porte conteneur','CIV'),
(9547447,'LNG LAGOS II',124,42,6,6,'Minéraliers','VNM'),
(9603998,'LNG LOKOJA',183,14,8,4,'Méthanier- Gaz liquide','ATG'),
(9289296,'LNG ONDO',185,29,7,3,'Pétrolier','CHL'),
(9974158,'LNG OYO',328,20,6,10,'Cargo classique','LBR'),
(9578529,'LNG PORT HARCOURT II',213,22,10,9,'Navire porte conteneur','GBR'),
(9877255,'LNG RIVER NIGER',65,12,11,7,'Navire réfrigéré','SOM'),
(9433176,'LNG RIVER ORASHI',269,21,11,6,'Minéraliers','PRY'),
(9975499,'LNG RIVERS',126,49,2,9,'Navire porte conteneur','SLE'),
(9606040,'LNG SOKOTO',198,10,7,10,'Cargo classique','CMR'),
(9197028,'LOIRE PRINCESSE',56,13,4,4,'Méthanier- Gaz liquide','COM'),
(9472761,'LOOBORG',256,11,2,9,'Navire porte conteneur','AGO'),
(9162936,'LOUISE KNUTSEN',116,16,2,6,'Minéraliers','HUN'),
(9445955,'LYRA',112,49,5,9,'Navire porte conteneur','PAK'),
(9663182,'MAERSK ARCTIC',24,20,10,6,'Minéraliers','GUY'),
(9888130,'MAERSK CEBU',314,45,12,9,'Navire porte conteneur','UKR'),
(9989092,'MAERSK EDWARD',254,14,8,4,'Méthanier- Gaz liquide','USA'),
(9885243,'MAERSK ELLIOT',200,32,4,6,'Minéraliers','MAR'),
(9268210,'MAERSK ERIN',289,29,11,5,'Céréaliers','BEN'),
(9936202,'MAESTRO',63,12,5,3,'Pétrolier','GEO'),
(9275864,'MAGDALENA',131,11,9,6,'Minéraliers','GUY'),
(9659028,'MAIKE D',138,37,3,10,'Cargo classique','SVN'),
(9898511,'MALIBU',114,16,7,9,'Navire porte conteneur','IOM'),
(9311493,'MANISA ALENA',46,40,6,4,'Méthanier- Gaz liquide','IOM'),
(9557641,'MANISA BALU',199,46,8,6,'Minéraliers','LUX'),
(9867474,'MANISA BELLA',216,21,12,10,'Cargo classique','BOL'),
(9208318,'MANISA EMY',97,7,4,7,'Navire réfrigéré','MUS'),
(9720186,'MANISA GRETA',117,31,9,7,'Navire réfrigéré','JPN'),
(9668430,'MANISA KATE',103,34,1,4,'Méthanier- Gaz liquide','NGA'),
(9342835,'MANISA SOFIA',90,9,7,3,'Pétrolier','VNM'),
(9186901,'MANISA SOLE',181,11,6,7,'Navire réfrigéré','PRY'),
(9299795,'MARAN ARTEMIS',328,40,10,4,'Méthanier- Gaz liquide','SLV'),
(9820786,'MARAN GAS AMPHIPOLIS',145,9,5,3,'Pétrolier','VCT'),
(9243094,'MARAN GAS DELPHI',67,26,7,6,'Minéraliers','LBR'),
(9962706,'MARAN GAS HECTOR',147,29,7,7,'Navire réfrigéré','RUS'),
(9477168,'MARAN GAS MYSTRAS',305,28,0,3,'Pétrolier','IRL'),
(9362149,'MARAN GAS SPETSES',166,23,8,10,'Cargo classique','MDA'),
(9874120,'MARFRET NIOLON',142,30,4,10,'Cargo classique','ABD'),
(9947996,'MARGARETHA',76,31,9,3,'Pétrolier','UKR'),
(9413097,'MARIA D',195,7,1,10,'Cargo classique','AUS'),
(9638860,'MARIA GS',180,11,2,10,'Cargo classique','LTU'),
(9166344,'MARIA THERESA',33,40,10,3,'Pétrolier','CHN'),
(9243674,'MARRY-S',162,12,6,9,'Navire porte conteneur','IDN'),
(9448701,'MARSHAL VASILEVSKIY',311,28,11,7,'Navire réfrigéré','JOR'),
(9613672,'MARVEL EAGLE',102,50,6,10,'Cargo classique','URY'),
(9122764,'MARVEL FALCON',142,10,8,4,'Méthanier- Gaz liquide','DZA'),
(9527444,'MARYAM D',328,30,0,4,'Méthanier- Gaz liquide','POL'),
(9278584,'MAXI',88,43,11,3,'Pétrolier','CAN'),
(9502529,'MED ADRIATIC',76,31,3,4,'Méthanier- Gaz liquide','SLB'),
(9849758,'MED ARCTIC',250,19,2,6,'Minéraliers','JPN'),
(9296458,'MED BALTIC',73,17,9,4,'Méthanier- Gaz liquide','ZIM'),
(9646607,'MEDEMBORG',139,17,8,7,'Navire réfrigéré','KWT'),
(9991850,'MEDI PALMAROLA',178,48,8,10,'Cargo classique','SCO'),
(9324549,'MEHMET DADAYLI 1',300,48,11,9,'Navire porte conteneur','BFA'),
(9796407,'MEHMET UNLU',199,25,6,3,'Pétrolier','PAK'),
(9744685,'MEIKE-B',262,16,5,4,'Méthanier- Gaz liquide','MYS'),
(9490172,'MEKHANIK KOTTSOV',194,21,5,7,'Navire réfrigéré','BRN'),
(9287911,'MEKHANIK KRASKOVSKIY',163,19,10,5,'Céréaliers','GEO'),
(9646729,'MEKHANIK MAKARIN',297,20,1,6,'Minéraliers','GHA'),
(9865616,'MEKHANIK PUSTOSHNYY',122,48,6,3,'Pétrolier','CYM'),
(9860832,'MEKHANIK PYATLIN',279,9,7,3,'Pétrolier','SDN'),
(9120885,'MEKHANIK SEMAKOV',254,9,2,3,'Pétrolier','LBN'),
(9410588,'MEL PRIDE',63,50,8,6,'Minéraliers','CYM'),
(9807072,'MERCURIUS',209,17,12,5,'Céréaliers','MLT'),
(9282197,'MERIDIAN SPIRIT',130,48,1,5,'Céréaliers','ASM'),
(9838161,'METHANE JANE ELIZABETH',327,34,4,7,'Navire réfrigéré','SGP'),
(9769185,'MILOUIN',43,14,1,10,'Cargo classique','DNK'),
(9699104,'MINERVA HELEN',155,39,3,10,'Cargo classique','SCO'),
(9678634,'MINERVA LEO',81,19,3,3,'Pétrolier','ABW'),
(9903635,'MINERVA TYCHI',80,30,9,4,'Méthanier- Gaz liquide','NLD'),
(9808454,'MN TANGARA',318,45,10,7,'Navire réfrigéré','BRB'),
(9657660,'MOANA',251,21,8,6,'Minéraliers','NAM'),
(9525754,'MOBILE EXPRESS',244,24,8,9,'Navire porte conteneur','PRT'),
(9171382,'MODEST SW',265,38,6,4,'Méthanier- Gaz liquide','NZL'),
(9897080,'MODULUS 1',78,10,8,4,'Méthanier- Gaz liquide','DIS'),
(9706904,'MOHAC',218,45,4,4,'Méthanier- Gaz liquide','MAR'),
(9869542,'MONTE UDALA',311,50,6,9,'Navire porte conteneur','MON'),
(9469330,'MONTE ULIA',31,11,3,7,'Navire réfrigéré','SGP'),
(9162153,'MORAIME',284,22,4,6,'Minéraliers','ATG'),
(9229397,'MOTIVATION D',95,38,5,6,'Minéraliers','SUR'),
(9746313,'MS SIMON',288,35,1,7,'Navire réfrigéré','COG'),
(9552772,'MSC BELLISSIMA',295,19,2,9,'Navire porte conteneur','GNQ'),
(9962440,'MSC EYRA',281,19,5,3,'Pétrolier','BMU'),
(9651193,'MSC GRANDIOSA',316,12,5,5,'Céréaliers','PAK'),
(9378517,'MSC MALIN',326,21,6,5,'Céréaliers','COM'),
(9341617,'MSC MANYA',121,50,1,5,'Céréaliers','KIR'),
(9260849,'MSC TIA',251,43,12,10,'Cargo classique','POL'),
(9579651,'MSC UMA',319,28,10,7,'Navire réfrigéré','NAM'),
(9531598,'MSC VIRTUOSA',249,17,1,9,'Navire porte conteneur','HTI'),
(9924680,'MSC WORLD EUROPA',293,36,4,5,'Céréaliers','TGO'),
(9435538,'MTS INDUS',78,35,11,6,'Minéraliers','ASM'),
(9541117,'MTS VALOUR',33,43,11,3,'Pétrolier','MEX'),
(9727047,'MTS VICTORY',296,35,0,9,'Navire porte conteneur','IRN'),
(9729861,'MUHLENAU',312,9,7,4,'Méthanier- Gaz liquide','BLZ'),
(9367286,'MUSTAFA YAGCI',95,27,5,10,'Cargo classique','SPM'),
(9218398,'MUSTANG',284,19,7,9,'Navire porte conteneur','DMA'),
(9261295,'MY MELODY',206,34,0,5,'Céréaliers','BIR'),
(9368040,'MYRINA',53,29,8,4,'Méthanier- Gaz liquide','NOR'),
(9949456,'NAVE QUASAR',142,38,8,5,'Céréaliers','TZA'),
(9894620,'NAVIGARE BOREAS',143,33,4,9,'Navire porte conteneur','SCO'),
(9576451,'NAVIGATOR GRACE',40,7,4,10,'Cargo classique','PLW'),
(9809103,'NAVIGATOR LIBRA',158,11,12,6,'Minéraliers','RIF'),
(9591473,'NAVIGATOR LUGA',238,12,0,9,'Navire porte conteneur','TKM'),
(9131010,'NAVIGATOR YAUZA',246,30,8,4,'Méthanier- Gaz liquide','BRB'),
(9850322,'NAVIN HARRIER',32,10,6,5,'Céréaliers','PRT'),
(9936683,'NAVIN VULTURE',286,20,5,3,'Pétrolier','HKG'),
(9380133,'NEWA',190,18,7,10,'Cargo classique','LBY'),
(9768979,'NEWYORKER',261,48,10,5,'Céréaliers','CHE'),
(9980221,'NICOLAOS',225,28,10,7,'Navire réfrigéré','GMB'),
(9713893,'NICOLE C',166,16,0,10,'Cargo classique','PRT'),
(9566951,'NIKOLAY URVANTSEV',300,49,4,6,'Minéraliers','BGD'),
(9694865,'NIKOLAY YEVGENOV',57,10,7,4,'Méthanier- Gaz liquide','RIF'),
(9454209,'NIKOLAY ZUBOV',113,22,8,7,'Navire réfrigéré','TGO'),
(9163441,'NIKOLAY ZUYEV',163,21,1,10,'Cargo classique','MDG'),
(9126755,'NILOS',32,44,8,9,'Navire porte conteneur','PRK'),
(9464722,'NIMERTIS',207,45,2,4,'Méthanier- Gaz liquide','GNQ'),
(9465111,'NINA',115,29,1,7,'Navire réfrigéré','SCO'),
(9265168,'NING HAI WAN',151,19,8,10,'Cargo classique','MNG'),
(9133329,'NISSOS THERASSIA',115,11,5,3,'Pétrolier','TUN'),
(9748468,'NNS OSUN',24,32,4,6,'Minéraliers','ECU'),
(9953624,'NOORDVLIET',42,17,8,7,'Navire réfrigéré','SUR'),
(9568054,'NORD BELL',171,20,10,10,'Cargo classique','SGP'),
(9648377,'NORD BUTTERFLY',319,49,4,9,'Navire porte conteneur','HTI'),
(9103338,'NORD GERANIUM',275,35,10,5,'Céréaliers','ALD'),
(9661083,'NORD STEADY',57,40,4,3,'Pétrolier','SLB'),
(9668962,'NORDBORG',75,39,4,9,'Navire porte conteneur','KEN'),
(9811177,'NORDERSAND',263,25,9,6,'Minéraliers','TKM'),
(9761017,'NORDIC DIANA',39,42,0,4,'Méthanier- Gaz liquide','KEN'),
(9440484,'NORDIC HARBIN',109,24,8,10,'Cargo classique','USA'),
(9992608,'NORDIC HUMBOLDT',180,39,6,9,'Navire porte conteneur','LTU'),
(9393012,'NORDIC MARIANNE',72,49,8,9,'Navire porte conteneur','ARG'),
(9101501,'NORDLOTUS',223,16,9,4,'Méthanier- Gaz liquide','WSM'),
(9211281,'NORDORCHID',254,29,4,9,'Navire porte conteneur','DUB'),
(9454863,'NORTHERN ROCK',320,20,10,4,'Méthanier- Gaz liquide','NGA'),
(9661091,'NORTHSEA ALPHA',70,45,1,5,'Céréaliers','AUT'),
(9304032,'NORTHSEA BETA',283,10,7,7,'Navire réfrigéré','GGY'),
(9468260,'NORTHSEA RATIONAL',39,37,11,6,'Minéraliers','ISR'),
(9141950,'NS CAPTAIN',280,18,2,6,'Minéraliers','LBN'),
(9377377,'NS CONSUL',119,38,0,9,'Navire porte conteneur','PRY'),
(9905037,'NS LOTUS',188,48,7,3,'Pétrolier','NGA'),
(9906678,'OAK SPIRIT',208,24,3,6,'Minéraliers','GRC'),
(9742024,'OCEAN SPIRIT',166,26,1,10,'Cargo classique','RUS'),
(9570945,'OCEANIC',303,40,6,10,'Cargo classique','MAR'),
(9710525,'OLD WINE',42,9,11,10,'Cargo classique','SPM'),
(9866766,'OMEGAGAS',221,49,7,6,'Minéraliers','GLP'),
(9564026,'ONEGO BAYOU',269,19,3,3,'Pétrolier','IRQ'),
(9404688,'ONEGO HAREN',268,9,11,10,'Cargo classique','VEN'),
(9895170,'ONEGO NEVA',326,33,5,6,'Minéraliers','GBR'),
(9966348,'ONEGO PONZA',277,25,8,6,'Minéraliers','BEL'),
(9952955,'ONEGO TRADER',60,31,0,9,'Navire porte conteneur','KWT'),
(9327203,'ORACLIFF',45,7,6,9,'Navire porte conteneur','IOM'),
(9213335,'ORAHOLM',145,12,2,5,'Céréaliers','ITA'),
(9561595,'ORAKAI',112,18,12,3,'Pétrolier','SOM'),
(9500666,'ORALORA',187,10,3,6,'Minéraliers','GRC'),
(9925184,'ORALUNA',247,29,1,10,'Cargo classique','CRI'),
(9381213,'ORALYNN',236,7,11,6,'Minéraliers','PAK'),
(9368058,'ORAMALIA',73,12,10,7,'Navire réfrigéré','SGP'),
(9826638,'ORASUND',325,32,2,9,'Navire porte conteneur','BEL'),
(9988572,'ORATUULIA',289,21,1,7,'Navire réfrigéré','SLB'),
(9810165,'ORIENT HOPE',99,35,2,9,'Navire porte conteneur','TZA'),
(9883250,'ORIENT TRIBUNE',318,33,4,10,'Cargo classique','BFA'),
(9324939,'OSTBORG',229,42,4,5,'Céréaliers','SOM'),
(9354072,'OTELLO',223,15,4,5,'Céréaliers','NIS'),
(9408093,'OTHONI',143,38,10,9,'Navire porte conteneur','ZIM'),
(9710666,'OZDEN-S',107,39,1,6,'Minéraliers','TKM'),
(9854993,'PAGANELLA',171,10,3,6,'Minéraliers','COG'),
(9521229,'PASADENA',127,34,7,7,'Navire réfrigéré','ZAR'),
(9269424,'PATANI',109,45,10,10,'Cargo classique','GUY'),
(9205586,'PATRON',127,12,12,7,'Navire réfrigéré','TZA'),
(9936354,'PAUL',134,15,4,4,'Méthanier- Gaz liquide','DUB'),
(9207905,'PAUL E.',44,15,2,9,'Navire porte conteneur','ZAF'),
(9682354,'PAULA C',300,48,2,9,'Navire porte conteneur','KEN'),
(9401095,'PAVINO',108,48,8,6,'Minéraliers','ISL'),
(9818416,'PEAK BELFAST',309,18,10,5,'Céréaliers','NGA'),
(9809082,'PEAK BORDEAUX',242,42,6,10,'Cargo classique','MEX'),
(9402405,'PEAK BRESKENS',93,36,5,10,'Cargo classique','SLV'),
(9704855,'PEAK DUBLIN',150,22,6,3,'Pétrolier','SUR'),
(9593814,'PECHORA STAR',206,39,4,4,'Méthanier- Gaz liquide','DNK'),
(9962787,'PENELOP',210,33,0,5,'Céréaliers','VGB'),
(9475310,'PERFORMER',95,7,7,7,'Navire réfrigéré','LBR'),
(9987378,'PERU',100,7,12,7,'Navire réfrigéré','TTO'),
(9260211,'PIETERSGRACHT',114,9,10,5,'Céréaliers','SLB'),
(9780298,'PILSUM',106,8,12,3,'Pétrolier','PER'),
(9143975,'PINTA',323,23,8,6,'Minéraliers','CYM'),
(9363744,'PIONEER',90,29,9,7,'Navire réfrigéré','LAO'),
(9382255,'PIONER',167,36,7,4,'Méthanier- Gaz liquide','LUX'),
(9419448,'PIRIN',309,34,10,4,'Méthanier- Gaz liquide','BHS'),
(9211250,'PLUTO',165,41,11,4,'Méthanier- Gaz liquide','KEN'),
(9110278,'POLAR KING',166,48,12,9,'Navire porte conteneur','GRD'),
(9197916,'POLARNET',257,31,1,9,'Navire porte conteneur','MAR'),
(9894364,'POLIEGOS',217,47,5,5,'Céréaliers','LTU'),
(9834466,'PONTICA',218,15,1,3,'Pétrolier','WSM'),
(9814737,'PREDATOR',297,33,7,9,'Navire porte conteneur','CRI'),
(9837892,'PRETTY JACK',108,42,4,4,'Méthanier- Gaz liquide','SYR'),
(9269502,'PREVEZE 1',74,40,6,4,'Méthanier- Gaz liquide','RUS'),
(9479975,'PRIMA BALLERINA',51,27,7,4,'Méthanier- Gaz liquide','MAR'),
(9413172,'PRIMA LADY',190,50,2,3,'Pétrolier','CRI'),
(9184955,'PRIMA QUEEN',158,17,6,6,'Minéraliers','GRD'),
(9981002,'PRIMORSKY PROSPECT',322,18,4,9,'Navire porte conteneur','TUV'),
(9823728,'PRISM BRILLIANCE',326,13,2,10,'Cargo classique','LKA'),
(9242612,'PROGRESS',181,16,4,9,'Navire porte conteneur','SYC'),
(9117721,'PROMITHEAS',212,18,9,9,'Navire porte conteneur','ROM'),
(9520980,'PROSNA',79,28,0,9,'Navire porte conteneur','GTM'),
(9531536,'PROSPECT',256,19,8,5,'Céréaliers','TUV'),
(9545369,'PSKOV',247,11,11,5,'Céréaliers','GIN'),
(9708010,'PUCCINI',200,30,10,10,'Cargo classique','PLW'),
(9307575,'PUFFY',257,45,9,10,'Cargo classique','LBN'),
(9153765,'QAMUTIK',23,36,2,9,'Navire porte conteneur','BGD'),
(9413080,'RAMANDA',186,8,8,9,'Navire porte conteneur','NIU'),
(9501326,'RHONE',46,19,5,9,'Navire porte conteneur','THA'),
(9581310,'RICKMERS ANTWERP',202,10,5,7,'Navire réfrigéré','THA'),
(9679548,'RICKMERS DALIAN',186,47,9,6,'Minéraliers','FRA'),
(9836217,'RICKMERS HAMBURG',231,45,1,5,'Céréaliers','MDG'),
(9419689,'RICKMERS JAKARTA',109,11,3,3,'Pétrolier','FRO'),
(9846477,'RICKMERS SEOUL',247,29,11,6,'Minéraliers','CPV'),
(9643360,'RICKMERS SHANGHAI',298,20,2,4,'Méthanier- Gaz liquide','ISR'),
(9616925,'RICKMERS SINGAPORE',234,39,9,10,'Cargo classique','THA'),
(9930182,'RICKMERS TOKYO',72,37,4,7,'Navire réfrigéré','VNM'),
(9709087,'RIDGEBURY MARY SELENA',43,18,11,9,'Navire porte conteneur','HRV'),
(9584273,'RIGHT STEP',299,23,2,3,'Pétrolier','RIF'),
(9484282,'RIX MUNTE',128,20,1,6,'Minéraliers','LBR'),
(9975081,'RIX PLATO',64,24,2,10,'Cargo classique','ETH'),
(9922896,'RIX STREAM',71,46,12,3,'Pétrolier','GIB'),
(9802254,'RMS WEDAU',66,37,1,5,'Céréaliers','AUS'),
(9782688,'ROBIJN',263,39,10,7,'Navire réfrigéré','ISL'),
(9505142,'ROCAMAR',194,22,6,3,'Pétrolier','PHL'),
(9648819,'RODAU',242,27,9,6,'Minéraliers','SGP'),
(9319377,'ROGALAND',91,23,8,4,'Méthanier- Gaz liquide','ESP'),
(9640655,'ROLLDOCK STORM',237,12,3,9,'Navire porte conteneur','JPN'),
(9945734,'ROSSOREN',277,18,2,9,'Navire porte conteneur','SAU'),
(9315048,'ROXANE Z',225,29,1,9,'Navire porte conteneur','TUV'),
(9699409,'RUDOLF SAMOYLOVICH',169,34,10,5,'Céréaliers','MON'),
(9960392,'RYMAN',201,30,7,9,'Navire porte conteneur','BRN'),
(9908053,'RYSUM',140,46,0,6,'Minéraliers','LBN'),
(9732813,'SAIF',185,43,12,7,'Navire réfrigéré','ZAR'),
(9972372,'SAMUEL DE CHAMPLAIN',244,38,1,4,'Méthanier- Gaz liquide','WSM'),
(9190981,'SAMUEL PROSPECT',294,43,5,6,'Minéraliers','NOR'),
(9630139,'SAN BACCO',155,9,12,3,'Pétrolier','SDN'),
(9434543,'SAN BIAGIO',117,27,4,10,'Cargo classique','ALB'),
(9146858,'SAN SABA',213,17,3,10,'Cargo classique','TUR'),
(9299685,'SANDETTIE',300,49,0,3,'Pétrolier','JPN'),
(9902224,'SANDVIKEN',223,15,12,4,'Méthanier- Gaz liquide','GNB'),
(9735414,'SANTA BETTINA',266,10,3,5,'Céréaliers','ECU'),
(9693237,'SANTA FRANCESCA',306,37,10,7,'Navire réfrigéré','AZE'),
(9168201,'SARACENA',307,7,11,5,'Céréaliers','FIN'),
(9201371,'SARPEN',319,30,4,7,'Navire réfrigéré','NIU'),
(9377225,'SATURN',306,28,4,4,'Méthanier- Gaz liquide','ZAF'),
(9653190,'SC CHENGDU',224,7,10,3,'Pétrolier','KIR'),
(9814006,'SC CHONGQING',36,23,9,3,'Pétrolier','GMB'),
(9939088,'SCF MELAMPUS',73,12,1,7,'Navire réfrigéré','WSM'),
(9355393,'SCHILLIG',275,13,10,10,'Cargo classique','ROM'),
(9306536,'SCHIPPERSGRACHT',301,29,11,6,'Minéraliers','ATF'),
(9420136,'SCHOKLAND',242,28,9,5,'Céréaliers','SEN'),
(9990528,'SCOT MUNCHEN',249,7,3,7,'Navire réfrigéré','DIS'),
(9650441,'SCOTT SPIRIT',236,18,10,10,'Cargo classique','GNQ'),
(9688107,'SDS RAIN',68,45,10,4,'Méthanier- Gaz liquide','KNA'),
(9651392,'SEABORN',155,14,2,3,'Pétrolier','ZAF'),
(9185052,'SEABRAVERY',84,9,5,4,'Méthanier- Gaz liquide','PMD'),
(9208599,'SEACLIPPER',162,41,6,3,'Pétrolier','PRT'),
(9665613,'SEACONGER',271,24,1,10,'Cargo classique','SUR'),
(9101630,'SEADELTA',168,19,12,9,'Navire porte conteneur','URY'),
(9657005,'SEAFRONTIER',213,33,9,4,'Méthanier- Gaz liquide','TTO'),
(9100609,'SEAHARMONY',218,30,9,7,'Navire réfrigéré','SLB'),
(9486812,'SEALOYALTY',44,50,0,5,'Céréaliers','SAU'),
(9923493,'SEAMASTER',84,36,6,5,'Céréaliers','PAK'),
(9510839,'SEAPIKE',210,7,10,10,'Cargo classique','SEN'),
(9357827,'SEAPOWER',223,33,2,10,'Cargo classique','GRC'),
(9918263,'SEAQUEEN',248,12,7,6,'Minéraliers','LKA'),
(9110152,'SEARAY',319,22,5,5,'Céréaliers','SEN'),
(9862395,'SEASHARK',107,29,5,9,'Navire porte conteneur','SLV'),
(9132769,'SEASPRAT',146,26,9,5,'Céréaliers','DJI'),
(9315834,'SEASTAR EMPRESS',51,13,3,5,'Céréaliers','FIN'),
(9541387,'SEAVEN VOYAGER',104,45,1,7,'Navire réfrigéré','IOM'),
(9489048,'SEAVIGOUR',123,16,0,4,'Méthanier- Gaz liquide','CUB'),
(9249976,'SELAHATTIN ASLAN 2',206,28,10,5,'Céréaliers','YEM'),
(9333760,'SELAM',201,16,9,9,'Navire porte conteneur','MDV'),
(9527081,'SELIN D',265,19,10,5,'Céréaliers','DIS'),
(9160654,'SELINA H',131,8,12,5,'Céréaliers','TKM'),
(9418987,'SEMERU',214,19,6,4,'Méthanier- Gaz liquide','NIC'),
(9767779,'SENIORITY',178,43,3,6,'Minéraliers','VEN'),
(9659646,'SERI BALHAF',212,47,6,5,'Céréaliers','CHL'),
(9975189,'SEYCHELLES PIONEER',87,32,4,7,'Navire réfrigéré','KAZ'),
(9238763,'SFAX',241,37,10,9,'Navire porte conteneur','POL'),
(9146735,'SFL HUMBER',280,13,4,6,'Minéraliers','GNB'),
(9846784,'SHANDONG FU YOU',74,15,2,6,'Minéraliers','SDN'),
(9571862,'SHANDONG FU ZHI',91,48,12,6,'Minéraliers','FIN'),
(9257002,'SHANGHAI DAWN',262,11,10,4,'Méthanier- Gaz liquide','MLT'),
(9805817,'SIBUR TOBOL',62,16,7,9,'Navire porte conteneur','ABW'),
(9650487,'SIBUR VORONEZH',199,22,9,10,'Cargo classique','ATG'),
(9338798,'SICHEM AMETHYST',58,14,9,9,'Navire porte conteneur','COG'),
(9305884,'SICHEM CHALLENGE',155,27,6,10,'Cargo classique','PAN'),
(9895666,'SICHEM CROISIC',26,37,7,10,'Cargo classique','MDV'),
(9714331,'SICHEM MISSISSIPPI',278,40,8,6,'Minéraliers','MMR'),
(9872438,'SICHEM ORCHID',177,19,8,9,'Navire porte conteneur','GTM'),
(9919997,'SICHEM PALACE',111,21,5,3,'Pétrolier','GHA'),
(9313378,'SIDER MONICA',180,30,1,5,'Céréaliers','AIA'),
(9780967,'SIDER MYKONOS',306,15,11,5,'Céréaliers','GGY'),
(9537588,'SIKINOS',256,29,6,3,'Pétrolier','MDA'),
(9849994,'SILVER HEBA',89,43,12,5,'Céréaliers','LVA'),
(9772358,'SILVER KENNA',281,10,10,6,'Minéraliers','CRI'),
(9743622,'SINGELGRACHT',268,46,2,5,'Céréaliers','PMD'),
(9667108,'SK RESOLUTE',69,34,5,3,'Pétrolier','CRI'),
(9674027,'SKUTEVIKEN',290,13,4,7,'Navire réfrigéré','ZIM'),
(9238247,'SKY',100,44,4,7,'Navire réfrigéré','COL'),
(9584841,'SKYLINE BARGE 21',246,12,4,5,'Céréaliers','VCT'),
(9334508,'SKYROS',247,17,10,6,'Minéraliers','KHM'),
(9797513,'SLOMAN DISCHARGER',27,40,0,7,'Navire réfrigéré','MOZ'),
(9207709,'SLUISGRACHT',321,16,10,3,'Pétrolier','SDN'),
(9565269,'SM NEW ORLEANS',83,22,5,7,'Navire réfrigéré','MDV'),
(9443451,'SNOEKGRACHT',274,43,7,6,'Minéraliers','CYM'),
(9252925,'SOLA TS',274,29,0,4,'Méthanier- Gaz liquide','PNG'),
(9239935,'SOLANDO',182,36,9,9,'Navire porte conteneur','SPM'),
(9239867,'SOLERO',52,29,9,4,'Méthanier- Gaz liquide','PMD'),
(9391911,'SOLSTRAUM',326,11,9,4,'Méthanier- Gaz liquide','MLT'),
(9696416,'SONANGOL MAIOMBE',255,36,2,10,'Cargo classique','NIS'),
(9794593,'SONGA CORAL',237,41,4,4,'Méthanier- Gaz liquide','NZL'),
(9675091,'SONGA PEARL',140,19,0,4,'Méthanier- Gaz liquide','AIA'),
(9649638,'SONGA RUBY',168,34,11,5,'Céréaliers','CAN'),
(9517457,'SONGA SAPPHIRE',216,17,11,3,'Pétrolier','ECU'),
(9907743,'SPAARNEGRACHT',29,11,2,6,'Minéraliers','KNA'),
(9573254,'SPANACO PROGRESS',290,49,4,3,'Pétrolier','NIS'),
(9343870,'SPANACO SIMPLICITY',78,38,3,3,'Pétrolier','ABD'),
(9578579,'SPAR LIBRA',279,20,9,7,'Navire réfrigéré','IRQ'),
(9870428,'SPECIALITY',280,45,7,5,'Céréaliers','IND'),
(9371103,'SPIRIT II',287,36,5,10,'Cargo classique','BIR'),
(9190358,'SPIRIT OF MONTOIR',65,8,5,9,'Navire porte conteneur','KAZ'),
(9948787,'ST PIERRE',47,15,10,9,'Navire porte conteneur','ISR'),
(9670032,'ST SARA',254,26,2,4,'Méthanier- Gaz liquide','HTI'),
(9198739,'ST. MICHAELIS',47,42,0,7,'Navire réfrigéré','COL'),
(9519201,'STADIONGRACHT',247,12,0,7,'Navire réfrigéré','YEM'),
(9633267,'STAR I',277,41,9,4,'Méthanier- Gaz liquide','VUT'),
(9673521,'STARPOWER',131,36,0,4,'Méthanier- Gaz liquide','IRQ'),
(9392087,'STAV VIKING',287,36,1,3,'Pétrolier','SPM'),
(9875526,'STC SENTOSA',100,34,1,3,'Pétrolier','DIS'),
(9773085,'STEEN',307,13,5,6,'Minéraliers','LBR'),
(9625757,'STELLA MARIS',27,7,0,5,'Céréaliers','GTM'),
(9723798,'STELLA ORION',310,19,10,3,'Pétrolier','CZE'),
(9797765,'STELLAMARIS',210,41,6,5,'Céréaliers','GMB'),
(9178759,'STEN MOSTER',141,13,11,3,'Pétrolier','COG'),
(9388415,'STENA CLEAR SKY',278,16,0,6,'Minéraliers','GGY'),
(9784104,'STENA FORECASTER',58,11,11,9,'Navire porte conteneur','BMU'),
(9473277,'STENA PRESIDENT',108,50,10,5,'Céréaliers','SEN'),
(9479858,'STI BATTERSEA',79,23,10,7,'Navire réfrigéré','NIC'),
(9317946,'STI CLAPHAM',61,28,9,10,'Cargo classique','BEL'),
(9980145,'STI COMANDANTE',300,41,5,3,'Pétrolier','TAH'),
(9918731,'STI FINCHLEY',256,45,12,3,'Pétrolier','PAN'),
(9667690,'STI HAMMERSMITH',231,17,1,7,'Navire réfrigéré','EST'),
(9921737,'STI ROTHERHITHE',276,14,4,3,'Pétrolier','GNB'),
(9562963,'STOLT FUJI',60,28,7,9,'Navire porte conteneur','SEN'),
(9865944,'STOLT RAZORBILL',95,20,10,10,'Cargo classique','HUN'),
(9315105,'STOLT REDSHANK',41,45,3,5,'Céréaliers','MCO'),
(9811489,'STOLT SANDERLING',103,50,7,7,'Navire réfrigéré','SEN'),
(9881005,'STOLT SANDPIPER',39,9,6,9,'Navire porte conteneur','PHL'),
(9887129,'STOLT SEAGULL',309,20,0,4,'Méthanier- Gaz liquide','DIS'),
(9613178,'STONE I',324,48,3,10,'Cargo classique','BLZ'),
(9817394,'STRAITVIEW',163,50,12,4,'Méthanier- Gaz liquide','CYM'),
(9620046,'STRATEGIC ENCOUNTER',248,30,9,3,'Pétrolier','CIV'),
(9292786,'SUAR VIGO',311,37,0,6,'Minéraliers','AGO'),
(9843843,'SUDE-S',179,19,12,6,'Minéraliers','CMR'),
(9363989,'SUKRAN-C',166,13,5,5,'Céréaliers','LBY'),
(9403134,'SULTAN ATASOY',213,8,10,4,'Méthanier- Gaz liquide','CNI'),
(9882978,'SUN',142,35,10,7,'Navire réfrigéré','GRD'),
(9381448,'SUNMI',313,32,0,4,'Méthanier- Gaz liquide','HND'),
(9830218,'SUOMIGRACHT',97,29,3,10,'Cargo classique','SOM'),
(9774685,'SUPERIORITY',299,31,6,5,'Céréaliers','GLP'),
(9991506,'SURGUT',60,7,11,3,'Pétrolier','WLF'),
(9133441,'SUSAN',47,26,12,4,'Méthanier- Gaz liquide','NOR'),
(9788018,'SUVOROVSKY PROSPECT',101,11,5,4,'Méthanier- Gaz liquide','GLP'),
(9878943,'SVENDBORG',100,15,2,4,'Méthanier- Gaz liquide','IRL'),
(9159733,'SYDBORG',161,27,11,5,'Céréaliers','DUB'),
(9387481,'SYLVIA',122,27,9,10,'Cargo classique','GTM'),
(9329269,'SYMPHONY SKY',150,23,7,9,'Navire porte conteneur','CYP'),
(9785083,'TAIGA DESGAGNES',96,21,6,4,'Méthanier- Gaz liquide','NIC'),
(9570237,'TANGO MAR',249,44,4,3,'Pétrolier','GNB'),
(9668022,'TANJA RICKMERS',236,21,0,4,'Méthanier- Gaz liquide','NIU'),
(9256180,'TARA',231,36,2,10,'Cargo classique','GIN'),
(9526700,'TEAM SAPPHIRE',143,38,10,5,'Céréaliers','SLV'),
(9313663,'TELMO',172,9,8,9,'Navire porte conteneur','NAM'),
(9205856,'TEMSE',32,32,6,4,'Méthanier- Gaz liquide','BRN'),
(9517222,'TENACITY VENTURE',162,15,4,5,'Céréaliers','ZIM'),
(9338060,'TENERIFE CAR',130,34,3,3,'Pétrolier','AUT'),
(9963804,'TESSALA',276,13,7,4,'Méthanier- Gaz liquide','LVA'),
(9951279,'THALIA',259,28,1,4,'Méthanier- Gaz liquide','ITA'),
(9293668,'THAMES',197,8,6,10,'Cargo classique','FJI'),
(9219743,'THESEUS',247,40,10,4,'Méthanier- Gaz liquide','QAT'),
(9611645,'THORCO LANNER',177,38,12,9,'Navire porte conteneur','AGO'),
(9771656,'THUN GAZELLE',190,35,1,3,'Pétrolier','VUT'),
(9388848,'THUN GREENWICH',256,39,11,9,'Navire porte conteneur','GUY'),
(9449417,'THUN VENERN',262,36,12,3,'Pétrolier','FJI'),
(9473701,'TIGRIS',122,34,4,7,'Navire réfrigéré','NGA'),
(9485245,'TINA C',198,45,0,5,'Céréaliers','FRO'),
(9465164,'TINA THERESA',164,8,0,5,'Céréaliers','RUS'),
(9341339,'TINSDAL',96,35,1,6,'Minéraliers','FJI'),
(9912690,'TIP BREMEN',268,37,0,6,'Minéraliers','GUY'),
(9326128,'TIWALA',150,15,1,6,'Minéraliers','COG'),
(9850704,'TJONGER',79,18,9,7,'Navire réfrigéré','NAM'),
(9720207,'TORM LAURA',294,15,5,9,'Navire porte conteneur','YEM'),
(9478665,'TRANS AFRICA',252,49,1,10,'Cargo classique','DUB'),
(9877700,'TRANSPORTER',27,16,7,4,'Méthanier- Gaz liquide','SDN'),
(9828242,'TRAVIATA',327,24,2,3,'Pétrolier','MYS'),
(9759943,'TRIPLE S',299,42,6,10,'Cargo classique','MYS'),
(9224636,'TRONCON H4S',149,16,4,7,'Navire réfrigéré','PRT'),
(9903305,'TSM KERMOR',123,15,7,10,'Cargo classique','SLB'),
(9128178,'UAL LOBITO',91,32,3,7,'Navire réfrigéré','BHS'),
(9864742,'UGUR DADAYLI',26,47,3,7,'Navire réfrigéré','ESP'),
(9612938,'UNION BIENVENIDO',282,17,5,10,'Cargo classique','COL'),
(9380373,'UTTUM',281,14,1,7,'Navire réfrigéré','SAU'),
(9801585,'VAL D''AVEL',98,7,4,3,'Pétrolier','TAH'),
(9724918,'VARKAN EGE',232,32,3,9,'Navire porte conteneur','FJI'),
(9866747,'VECTIS EAGLE',322,19,9,5,'Céréaliers','SYR'),
(9265472,'VECTIS FALCON',105,27,1,6,'Minéraliers','DUB'),
(9969286,'VECTIS OSPREY',172,22,12,6,'Minéraliers','MCO'),
(9866362,'VEDETTE',295,27,1,3,'Pétrolier','DNK'),
(9588831,'VEGA MARS',252,14,5,4,'Méthanier- Gaz liquide','JOR'),
(9203863,'VENEZIA D',233,50,12,5,'Céréaliers','SEN'),
(9649737,'VENICE A',57,8,9,5,'Céréaliers','MUS'),
(9709832,'VIKING DRIVE',229,17,8,5,'Céréaliers','DZA'),
(9306106,'VILLE DE BORDEAUX',117,10,10,3,'Pétrolier','GUY'),
(9404771,'VITIS',324,36,8,6,'Minéraliers','USA'),
(9916590,'VLADIMIR RUSANOV',218,37,8,3,'Pétrolier','FIN'),
(9778490,'VLADIMIR VIZE',64,37,0,5,'Céréaliers','TKM'),
(9556040,'VLADIMIR VORONIN',300,43,11,4,'Méthanier- Gaz liquide','NZL'),
(9588464,'VN SAPEUR',274,27,5,6,'Minéraliers','ARE'),
(9300778,'VOGE MIA',78,28,11,5,'Céréaliers','ARE'),
(9422459,'VON ADLER',96,8,6,9,'Navire porte conteneur','FIN'),
(9375010,'VS LISBETH',104,14,11,6,'Minéraliers','SEN'),
(9390262,'WEDELLSBORG',187,47,1,6,'Minéraliers','NIU'),
(9982015,'WERRA',170,8,5,7,'Navire réfrigéré','NOR'),
(9767979,'WESSEX EXPLORER',105,43,11,9,'Navire porte conteneur','BGR'),
(9943600,'WESTMINSTER',110,42,9,3,'Pétrolier','HND'),
(9338296,'WHITDAWN',255,43,1,4,'Méthanier- Gaz liquide','BEN'),
(9720403,'WILSON AMSTERDAM',233,46,8,5,'Céréaliers','DNK'),
(9972371,'WILSON AVEIRO',190,35,4,10,'Cargo classique','DEU'),
(9465507,'WILSON BELFAST',147,7,4,9,'Navire porte conteneur','GTM'),
(9911253,'WILSON BILBAO',45,16,1,7,'Navire réfrigéré','DIS'),
(9372248,'WILSON CADIZ',128,30,0,9,'Navire porte conteneur','MDG'),
(9536126,'WILSON CALAIS',244,8,11,6,'Minéraliers','GRC'),
(9250622,'WILSON CEUTA',239,25,7,9,'Navire porte conteneur','IOM'),
(9934366,'WILSON CORINTH',288,49,2,6,'Minéraliers','GGY'),
(9983808,'WILSON DORDRECHT',41,50,3,6,'Minéraliers','WSM'),
(9486498,'WILSON DUNKIRK',263,9,11,6,'Minéraliers','DZA'),
(9670478,'WILSON FINNFJORD',97,34,7,9,'Navire porte conteneur','CPV'),
(9802435,'WILSON GAETA',78,34,12,6,'Minéraliers','ALB'),
(9516925,'WILSON GDYNIA',95,21,9,5,'Céréaliers','TTO'),
(9849055,'WILSON HAWK',309,8,2,6,'Minéraliers','FRA'),
(9724788,'WILSON LIMERICK',37,39,3,5,'Céréaliers','NIU'),
(9506092,'WIND OF PRIDE',61,9,9,5,'Céréaliers','THA'),
(9629632,'WINE TRADER',53,34,5,5,'Céréaliers','DZA'),
(9387754,'WOLF',126,25,4,3,'Pétrolier','POL'),
(9170486,'WONDER OF THE SEAS',117,37,2,4,'Méthanier- Gaz liquide','VEN'),
(9889730,'YAMAL SPIRIT',328,47,0,7,'Navire réfrigéré','GBR'),
(9386160,'YANGTZE OASIS',295,18,11,4,'Méthanier- Gaz liquide','GBR'),
(9945760,'YARA AESA',113,27,12,3,'Pétrolier','GNQ'),
(9319721,'YARA KARA',136,9,8,7,'Navire réfrigéré','HUN'),
(9550408,'YARA NAUMA',61,25,7,4,'Méthanier- Gaz liquide','DIS'),
(9461804,'YARA SELA',320,19,4,9,'Navire porte conteneur','IDN'),
(9578740,'YASA H. MULLA',168,29,3,9,'Navire porte conteneur','NZL'),
(9847897,'YENISEI RIVER',201,8,9,10,'Cargo classique','VEN'),
(9297953,'YUNUS EMRE',296,9,1,3,'Pétrolier','ROM'),
(9422691,'ZAPADNYY',33,13,8,5,'Céréaliers','UKN'),
(9744105,'ZEA ANTWERP',106,36,12,5,'Céréaliers','TAH'),
(9322965,'ZEA DALIAN',322,7,5,4,'Méthanier- Gaz liquide','CAN'),
(9243613,'ZEA FRONTIER',146,17,0,5,'Céréaliers','PRT'),
(9321034,'ZEA HAMBURG',278,40,10,3,'Pétrolier','AZE'),
(9628450,'ZEA KELANI',116,27,10,9,'Navire porte conteneur','IRN'),
(9533725,'ZEA NEW ORLEANS',41,46,6,9,'Navire porte conteneur','GNQ'),
(9303955,'ZEA SEOUL',209,28,5,6,'Minéraliers','DEU'),
(9965203,'ZEA SHANGHAI',140,14,9,3,'Pétrolier','DEU'),
(9726745,'ZEA SINGAPORE',180,21,11,6,'Minéraliers','WLF'),
(9888441,'ZEA TOKYO',95,20,3,4,'Méthanier- Gaz liquide','GRD'),
(9168993,'ZEALAND BEATRIX',181,32,9,4,'Méthanier- Gaz liquide','SYR'),
(9471775,'ZEELAND',319,18,8,4,'Méthanier- Gaz liquide','GRD'),
(9380720,'ZEYNEP KA',40,21,11,7,'Navire réfrigéré','AZE'),
(9337963,'ZIJLBORG',53,34,3,10,'Cargo classique','JOR'),
(9402482,'MAILLE BREZE',34,25,7,4,'Méthanier- Gaz liquide','PRY'),
(9520731,'ARKLOW VALLEY',216,33,12,5,'Céréaliers','PNG'),
(9762492,'LADY HANNAH',183,16,8,6,'Minéraliers','JOR'),
(9108603,'VENEZIA SECONDA',316,10,2,4,'Méthanier- Gaz liquide','WLF'),
(9171048,'RIX ATLANTIC',326,40,8,7,'Navire réfrigéré','COK'),
(9418168,'STRAITS BREEZE',319,41,12,3,'Pétrolier','PAN'),
(9432337,'FAR EASTERN JUPITER',185,14,7,10,'Cargo classique','ERI'),
(9359045,'EAGLE TRADER',238,43,12,4,'Méthanier- Gaz liquide','KEN'),
(9868228,'DA TONG YUN',60,17,4,4,'Méthanier- Gaz liquide','SLE'),
(9963495,'WILSON DUISBURG',119,30,12,6,'Minéraliers','DZA'),
(9496848,'CELEBRITY ASCENT',58,23,1,9,'Navire porte conteneur','PMD'),
(9705803,'NANTILUS',45,26,2,6,'Minéraliers','CHE'),
(9958530,'ARGOAT',89,38,7,6,'Minéraliers','DEU'),
(9422842,'BLACK PEARL',121,8,8,7,'Navire réfrigéré','PRY'),
(9860443,'LE TER',202,50,2,6,'Minéraliers','LTU'),
(9692592,'MSC EURIBIA',230,31,4,7,'Navire réfrigéré','LAO'),
(9994039,'ARISTONA',181,40,6,10,'Cargo classique','JAM'),
(9267224,'ATLANTIS ALVARADO',78,48,5,4,'Méthanier- Gaz liquide','IOM'),
(9434147,'BAHRI JEDDAH',323,49,5,9,'Navire porte conteneur','KEN'),
(9117219,'CLIPPER MARS',288,7,3,10,'Cargo classique','TAH'),
(9959012,'FURE VITEN',220,25,8,7,'Navire réfrigéré','CUW'),
(9501710,'INDIANA JONES',312,47,2,4,'Méthanier- Gaz liquide','DJI'),
(9523467,'MOSEL ACE',192,21,3,7,'Navire réfrigéré','MAR'),
(9588371,'OLYMPIC TRITON',89,29,5,4,'Méthanier- Gaz liquide','AUT'),
(9713056,'PEAK BILBAO',87,17,7,6,'Minéraliers','TGO'),
(9514280,'SIMA',177,45,12,9,'Navire porte conteneur','IRL'),
(9553883,'STELLA POLARIS',219,21,9,5,'Céréaliers','CIV'),
(9451329,'STEN FRIGG',249,20,10,6,'Minéraliers','PRT'),
(9345153,'STROOMBANK',172,26,9,6,'Minéraliers','FRA'),
(9734252,'ULUSOY 5',186,11,4,5,'Céréaliers','PAK'),
(9812302,'VOGE DIGNITY',300,43,3,7,'Navire réfrigéré','TZA'),
(9842452,'WILSON FLEX IV',89,19,4,6,'Minéraliers','WSM'),
(9174206,'ANTJE K.',78,47,12,10,'Cargo classique','CYP'),
(9122540,'ARKLOW ARTIST',198,27,2,7,'Navire réfrigéré','IRL'),
(9944292,'ARKLOW WIND',295,41,2,10,'Cargo classique','GNQ'),
(9406133,'B GAS MARGRETHE',273,24,11,5,'Céréaliers','JOR'),
(9411916,'CL GENEVA',131,30,7,3,'Pétrolier','TON'),
(9324597,'FAITHFUL WARRIOR',115,49,6,4,'Méthanier- Gaz liquide','BMU'),
(9403713,'HAV ZANDER',288,9,3,5,'Céréaliers','BRN'),
(9131511,'PIRRIHIOS',297,13,10,4,'Méthanier- Gaz liquide','FRO'),
(9114987,'SANTAMARIA',288,30,12,9,'Navire porte conteneur','CPV')
;
INSERT INTO Marchandise VALUES
('1899-12-30','Minerais de fer'),
('1899-12-30','Minerais de métaux non ferreux'),
('1899-12-30','Minéraux (bruts) pour l''industrie chimique et engrais naturels'),
('1899-12-30','Pyrite de fer non grillées'),
('1899-12-30','Sel'),
('1899-12-30','Pierres, sables, graviers, autres produits d''extraction'),
('1899-12-30','Sables naturels'),
('1899-12-30','Kaolin'),
('1899-12-30','Autres argiles'),
('1899-12-30','Tourbe'),
('1899-12-30','Minerais d''uranium et thorium'),
('1899-12-30','Courrier, colis')
;
INSERT INTO Pays VALUES
('ABD','Abu Dhabi','Emirats Arabes Unis'),
('ZAF','Afrique du Sud','Afrique du Sud'),
('ALB','Albanie','Albanie'),
('DZA','Algérie','Algérie'),
('DEU','Allemagne','Allemagne'),
('AGO','Angola','Angola'),
('AIA','Anguilla','Anguilla'),
('ATG','Antigua et Barbuda','Antigua et Barbuda'),
('SAU','Arabie saoudite','Arabie saoudite'),
('ARG','Argentine','Argentine'),
('ABW','Aruba','Aruba'),
('AUS','Australie','Australie'),
('AUT','Autriche','Autriche'),
('AZE','Azerbaïdjan','Azerbaïdjan'),
('BHS','Bahamas','Bahamas'),
('BGD','Bangladesh','Bangladesh'),
('BHR','Barhein','Barhein'),
('BEL','Belgique','Belgique'),
('BLZ','Bélize','Bélize'),
('BEN','Bénin','Bénin'),
('BOL','Bolivie','Bolivie'),
('BRA','Brésil','Brésil'),
('BRN','Brunei','Brunei'),
('BGR','Bulgarie','Bulgarie'),
('BFA','Burkina Faso','Burkina Faso'),
('KHM','Cambodge','Cambodge'),
('CMR','Cameroun','Cameroun'),
('CAN','Canada','Canada'),
('CPV','Cap-Vert','Cap-Vert'),
('CHL','Chili','Chili'),
('CHN','Chine','Chine'),
('CYP','Chypre','Chypre'),
('COL','Colombie','Colombie'),
('COM','Comores','Comores'),
('COG','Congo','Congo'),
('PRK','Corée du Nord','Corée du Nord'),
('KOR','Corée du Sud','Corée du Sud'),
('CRI','Costa Rica','Costa Rica'),
('CIV','Côte d''Ivoire','Côte d''Ivoire'),
('HRV','Croatie','Croatie'),
('CUB','Cuba','Cuba'),
('CUW','Curaçao','Curaçao'),
('DNK','Danemark','Danemark'),
('DJI','Djibouti','Djibouti'),
('DMA','Dominique','Dominique'),
('DUB','Dubai','Emirats Arabes Unis'),
('SCO','Ecosse','Royaume Uni'),
('EGY','Egypte','Egypte'),
('ARE','Emirats Arabes Unis','Emirats Arabes Unis'),
('ECU','Equateur','Equateur'),
('ERI','Érythrée','Érythrée'),
('ESP','Espagne','Espagne'),
('EST','Estonie','Estonie'),
('USA','Etats-Unis','Etats-Unis'),
('ETH','Ethiopie','Ethiopie'),
('FJI','Fidji','Fidji'),
('FIN','Finlande','Finlande'),
('FRA','France','France'),
('GAB','Gabon','Gabon'),
('GMB','Gambie','Gambie'),
('GEO','Géorgie','Géorgie'),
('GHA','Ghana','Ghana'),
('GIB','Gibraltar','Gibraltar'),
('GRC','Grèce','Grèce'),
('GRD','Grenade','Grenade'),
('GRL','Groënland','Groënland'),
('GLP','Guadeloupe','Guadeloupe'),
('GTM','Guatemala','Guatemala'),
('GGY','Guernesey','Guernesey'),
('GIN','Guinée','Guinée'),
('GNQ','Guinée équatoriale','Guinée équatoriale'),
('GNB','Guinée-Bissau','Guinée-Bissau'),
('GUY','Guyana','Guyane'),
('HTI','Haïti','Haïti'),
('HND','Honduras','Honduras'),
('HKG','Hong Kong','Hong Kong'),
('HUN','Hongrie','Hongrie'),
('IOM','Ile de Man','Royaume Uni'),
('ALD','Iles Åland','Iles Aland'),
('CYM','Iles Caïman','Iles Caïman'),
('CNI','Iles Canaries','Espagne'),
('COK','Iles Cook','Nouvelle Zélande'),
('FRO','Iles Faroë','Iles Faroë'),
('ATF','Iles Kerguelen','France'),
('MHL','Iles Marshall','Iles Marshall'),
('SLB','Iles Salomon','Iles Salomon'),
('VGB','Iles Vierges (anglaise)','Iles Vierges (anglaise)'),
('IND','Inde','Inde'),
('IDN','Indonésie','Indonésie'),
('IRQ','Irak','Irak'),
('IRN','Iran','Iran'),
('IRL','Irlande','Irlande'),
('ISL','Islande','Islande'),
('ISR','Israël','Israël'),
('ITA','Italie','Italie'),
('JAM','Jamaïque','Jamaïque'),
('JPN','Japon','Japon'),
('JEY','Jersey','Jersey'),
('JOR','Jordanie','Jordanie'),
('KAZ','Kazakhstan','Kazakhstan'),
('KEN','Kenya','Kenya'),
('KIR','Kiribati','Kiribati'),
('KWT','Koweit','Koweit'),
('BRB','La Barbade','La Barbade'),
('LAO','Laos','Laos'),
('BMU','Les Bermudes','Les Bermudes'),
('LVA','Lettonie','Lettonie'),
('LBN','Liban','Liban'),
('LBR','Liberia','Liberia'),
('LBY','Libye','Libye'),
('LTU','Lituanie','Lituanie'),
('LUX','Luxembourg','Luxembourg'),
('MDG','Madagascar','Madagascar'),
('PMD','Madeire (MAR)','Portugal'),
('MYS','Malaisie','Malaisie'),
('MDV','Maldives','Maldives'),
('MLT','Malte','Malte'),
('MAR','Maroc','Maroc'),
('MUS','Maurice','Maurice'),
('MRT','Mauritanie','Mauritanie'),
('MEX','Mexique','Mexique'),
('MDA','Moldavie','Moldavie'),
('MCO','Monaco','Monaco'),
('MNG','Mongolie','Mongolie'),
('MON','Monténégro','Monténégro'),
('MOZ','Mozambique','Mozambique'),
('MMR','Myanmar','Myanmar'),
('BIR','Myanmar','Myanmar'),
('NAM','Namibie','Namibie'),
('NRU','Nauru','Nouvelle Zélande'),
('NIC','Nicaragua','Nicaragua'),
('NGA','Nigéria','Nigéria'),
('NIU','Niue','Niue'),
('NOR','Norvège','Norvège'),
('NZL','Nouvelle Zélande','Nouvelle Zélande'),
('OMN','Oman','Oman'),
('UGA','Ouganda','Ouganda'),
('PAK','Pakistan','Pakistan'),
('PLW','Palau','Palau'),
('PAN','Panama','Panama'),
('PNG','Papouasie Nouvelle Guinée','Papouasie Nouvelle Guinée'),
('PRY','Paraguay','Paraguay'),
('UKN','Pavillon inconnu','A ORDRES'),
('NLD','Pays-Bas','Pays-Bas'),
('PER','Pérou','Pérou'),
('PHL','Philippines','Philippines'),
('POL','Pologne','Pologne'),
('PRT','Portugal','Portugal'),
('QAT','Qatar','Qatar'),
('DIS','Registre International Danois','Danemark'),
('RIF','Registre International Français','France'),
('NIS','Registre International Norvégien','Norvège'),
('ZAR','République démocratique du Congo','République démocratique du Congo'),
('CZE','République tchéque','République tchéque'),
('ROM','Roumanie','Roumanie'),
('GBR','Royaume Uni','Royaume Uni'),
('RUS','Russie','Russie'),
('KNA','Saint Kitts et Nevis','Saint Kitts et Nevis'),
('SPM','Saint Pierre et Miquelon','Saint Pierre et Miquelon'),
('VCT','Saint Vincent et Grenadines','Saint Vincent et Grenadines'),
('LCA','Sainte Lucie','Sainte Lucie'),
('SLV','Salvador','Salvador'),
('ASM','Samoa américaine','Samoa américaine'),
('WSM','Samoa occidentales','Samoa occidentales'),
('STP','Sao Tomé-et-Principe','Sao Tomé-et-Principe'),
('SEN','Sénégal','Sénégal'),
('SYC','Seychelles','Seychelles'),
('SLE','Sierra Leone','Sierra Leone'),
('SGP','Singapour','Singapour'),
('SVK','Slovaquie','Slovaquie'),
('SVN','Slovénie','Slovénie'),
('SOM','Somalie','Somalie'),
('SDN','Soudan','Soudan'),
('LKA','Sri Lanka','Sri Lanka'),
('SWE','Suède','Suède'),
('CHE','Suisse','Suisse'),
('SUR','Suriname','Suriname'),
('SYR','Syrie','Syrie'),
('TAH','Tahiti','France'),
('TWN','Taïwan','Taïwan'),
('TZA','Tanzanie (Zanzibar)','Tanzanie'),
('THA','Thaïlande','Thaïlande'),
('TGO','Togo','Togo'),
('TON','Tonga','Tonga'),
('TTO','Trinidad et Tobago','Trinidad et Tobago'),
('TUN','Tunisie','Tunisie'),
('TKM','Turkménistan','Turkménistan'),
('TUR','Turquie','Turquie'),
('TUV','Tuvalu','Tuvalu'),
('UKR','Ukraine','Ukraine'),
('URY','Uruguay','Uruguay'),
('VUT','Vanuatu','Vanuatu'),
('VEN','Vénézuéla','Vénézuéla'),
('VNM','Vietnam','Vietnam'),
('WLF','Wallis et Futuna','Wallis et Futuna'),
('YEM','Yémen','Yémen'),
('ZIM','Zimbabwe','Zimbabwe')
;
INSERT INTO Emplacement VALUES
(1,1,239,9),
(2,1,287,1),
(3,1,159,7),
(1,2,261,1),
(2,2,163,0),
(3,2,201,2),
(4,2,81,2),
(1,3,68,1),
(2,3,176,5),
(3,3,329,12),
(1,4,55,6),
(2,4,314,0),
(3,4,223,8),
(4,4,224,8),
(5,4,48,2),
(1,5,133,8),
(2,5,234,8),
(1,6,261,11),
(2,6,151,8),
(3,6,254,3),
(4,6,302,5)
;
INSERT INTO Quai VALUES
(1,'Le Verdon'),
(2,'Ambès'),
(3,'Bassens'),
(4,'Blaye'),
(5,'Grattequina'),
(6,'Bordeaux')
;
INSERT INTO Client VALUES
(1,'AAI – ATLANTIQUE AUTOMATISME INCENDIE ',Null,40260,'Castets',Null,Null),
(2,'ABZAC ',Null,33230,'Abzac',Null,Null),
(3,'ACA ',Null,33320,'Eysines',Null,Null),
(4,'ADAM ',Null,33480,'Hélène',Null,Null),
(5,'ADAPTATION CABLAGE (ADCA) SAS ',Null,79300,'Plain',Null,Null),
(6,'ADIAL SAS ',Null,86430,'Adriers',Null,Null),
(7,'AGB ',Null,33700,'Mérignac',Null,Null),
(8,'AGENCEMENT ET MEUBLES DE MONTMORILLON (AM2) SAS ',Null,86500,'Montmorillon',Null,Null),
(9,'AIGLE INTERNATIONAL SA ',Null,86220,'Vienne',Null,Null),
(10,'AIO ',Null,33600,'Pessac',Null,Null),
(11,'AIRCALO ',Null,33160,'Jalles',Null,Null),
(12,'AKIRA TECHNOLOGIES ',Null,64100,'Bayonne',Null,Null),
(13,'ALAMIGEON PAPERS & TECHNOLOGIES ',Null,16600,'Touvre',Null,Null),
(14,'ALCORE BRIGANTINE ',Null,64600,'Anglet',Null,Null),
(15,'ALEMA AUTOMATION / KUKA SYSTEMS AEROSPACE ',Null,33700,'Mérignac',Null,Null),
(16,'ALKAR ',Null,64130,'Licharre',Null,Null),
(17,'ALKI ',Null,64250,'Itxassou',Null,Null),
(18,'ALMAY TECHNOLOGIES (FORMES ET OUTILLAGES SASU) ',Null,86300,'Chauvigny',Null,Null),
(19,'ALSENAM (ex ASTF) ',Null,33692,'Mérignac',Null,Null),
(20,'ALTEMA ',Null,64530,'Pontacq',Null,Null),
(21,'AMCOR ',Null,33600,'Isle',Null,Null),
(22,'AMPLITUDE SYSTEMES ',Null,33600,'Pessac',Null,Null),
(23,'AMTHEUS SAS ',Null,79100,'Thouars',Null,Null),
(24,'APPLICATIONS ÉLECTRONIQUES ET TECHNIQUES (AE&T) ',Null,64110,'Jurançon',Null,Null),
(25,'APPLIED TECHNOLOGIES INTERNET (AT INTERNET) ',Null,33700,'Mérignac',Null,Null),
(26,'AQMO ',Null,33295,'Blanquefort',Null,Null),
(27,'AQUALANDE ',Null,40120,'Roquefort',Null,Null),
(28,'AQUANAL (AQUITAINE ANALYSES) ',Null,33600,'Pessac',Null,Null),
(29,'AQUITAINE ÉLECTRONIQUE ',Null,64811,'Castet',Null,Null),
(30,'ARELEC ',Null,64140,'Lons',Null,Null),
(31,'ARIAL INDUSTRIE – BIASON ',Null,64121,'Castet',Null,Null),
(32,'ASQUINI ',Null,47200,'Marmande',Null,Null),
(33,'ATELIER DU BOCAGE (ADB) SCIC ',Null,79140,'Pin',Null,Null),
(34,'ATELIER MECANIQUE DU BASSIN ',Null,17000,'Rochelle',Null,Null),
(35,'ATELIERS DE LA QUEILLE ',Null,47400,'Tonneins',Null,Null),
(36,'ATL PRODUCTION SAS ',Null,23200,'Aubusson',Null,Null),
(37,'ATL PRODUCTION SAS ',Null,23200,'Aubusson',Null,Null),
(38,'ATLANTIQUE ARMATURES SAS ',Null,79410,'Echiré',Null,Null),
(39,'AURIOL ',Null,47200,'Marmande',Null,Null),
(40,'AVENIR ÉLECTRIQUE DE LIMOGES (AEL) ',Null,87280,'Limoges',Null,Null),
(41,'AW2S ',Null,33110,'Bouscat',Null,Null),
(42,'AXYAL SAS ',Null,64230,'Sauvagnon',Null,Null),
(43,'BABCOCK WANSON / CNIM ',Null,47600,'Nérac',Null,Null),
(44,'BACLE PIERRE DE GRANIT SARL ',Null,16300,'Hilaire',Null,Null),
(45,'BARIO PI ',Null,86200,'Loudun',Null,Null),
(46,'BENNES DALBY ',Null,47340,'Ficalba',Null,Null),
(47,'BERKEM ',Null,24680,'Gardonne',Null,Null),
(48,'BLASON D’OR SAS ',Null,24100,'Vignes',Null,Null),
(49,'BMS CIRCUITS ',Null,64990,'Mouguerre',Null,Null),
(50,'BOCHE ',Null,79300,'Sauveur',Null,Null),
(51,'BOIS TOURNÉ AQUITAIN ',Null,47700,'Casteljaloux',Null,Null),
(52,'BOURSIER SOGREG ',Null,64250,'Bains',Null,Null),
(53,'BOYER ',Null,33170,'Gradignan',Null,Null),
(54,'BRUNO SCHERER ENTREPRISE (BSE) ',Null,64700,'Hendaye',Null,Null),
(55,'BSMP SARL ',Null,79320,'Moncoutant',Null,Null),
(56,'BTS INDUSTRIES SAS ',Null,79200,'Thouet',Null,Null),
(57,'C2R MENUISERIE ',Null,47800,'Guyenne',Null,Null),
(58,'CACOLAC ',Null,33850,'Léognan',Null,Null),
(59,'CACOLA',Null,33850,'Léognan',Null,Null),
(60,'CARTOL SEM ',Null,79140,'Cerizay',Null,Null),
(61,'CATHERINEAU ',Null,33160,'Jalles',Null,Null),
(62,'CAZENAVE ',Null,64121,'Castet',Null,Null),
(63,'CDB & CIE SAS (INDISCRETE) ',Null,86300,'Chauvigny',Null,Null),
(64,'CEFAM ATLAS ',Null,17100,'Saintes',Null,Null),
(65,'CEVA SANTÉ ANIMALE ',Null,33500,'Libourne',Null,Null),
(66,'CHARCUTERIE BORDELAISE ',Null,33140,'Ornon',Null,Null),
(67,'CHROME DUR INDUSTRIEL SAS ',Null,16270,'Nieuil',Null,Null),
(68,'COFIDUR ',Null,24750,'Boulazac',Null,Null),
(69,'COOPÉRATIVE LAITIERE DE LA SEVRE ',Null,79370,'Belle',Null,Null),
(70,'COPELECTRONIC ',Null,64990,'Irube',Null,Null),
(71,'COREP ',Null,33130,'Bègles',Null,Null),
(72,'COURREGES ',Null,64000,'Pau',Null,Null),
(73,'CRÉATION METAL ',Null,79440,'Courlay',Null,Null),
(74,'CSA-CREUZET ',Null,47200,'Marmande',Null,Null),
(75,'CUISINE AS ',Null,33191,'Réole',Null,Null),
(76,'DARRAIDOU ',Null,64240,'Hasparren',Null,Null),
(77,'DARRIEUMERLOU ',Null,64520,'Bardos',Null,Null),
(78,'DÉLIDESS ',Null,33290,'Blanquefort',Null,Null),
(79,'DELPEYRAT ',Null,40282,'Mont',Null,Null),
(80,'DENTAL CERAM ',Null,79000,'Bessines',Null,Null),
(81,'DESTINATION ',Null,33083,'Bordeaux',Null,Null),
(82,'DISCAC ',Null,33310,'Lormont',Null,Null),
(83,'DMO ',Null,33230,'Coutras',Null,Null),
(84,'DOC EMBALLAGES SYSTEMS SAS ',Null,79100,'Thouars',Null,Null),
(85,'DRILLSTAR ',Null,64148,'Lons',Null,Null),
(86,'DRT ',Null,40105,'Dax',Null,Null),
(87,'EB&NE VENEERS ',Null,16360,'Tatre',Null,Null),
(88,'ECHEVERRIA ',Null,64700,'Hendaye',Null,Null),
(89,'EFFIPLAST – SOCIÉTÉ DES PLASTIQUES BRENEZ ',Null,33610,'Cestas',Null,Null),
(90,'ÉLECTRO CHROME ',Null,33700,'Mérignac',Null,Null),
(91,'ELSIL ',Null,33610,'Cestas',Null,Null),
(92,'EMAC ',Null,64130,'Bas',Null,Null),
(93,'ENILIA ENSMIC (ETABLISSEMENT PUBLIC DU MINISTERE DE L’AGRICULTURE) ',Null,17700,'Surgères',Null,Null),
(94,'EPSILON COMPOSITE ',Null,33340,'Médoc',Null,Null),
(95,'EPTA FRANCE / BONNET NEVE ',Null,64700,'Hendaye',Null,Null),
(96,'ESAT DESCARTES ',Null,33370,'Bordeaux',Null,Null),
(97,'ESATEC SAS ',Null,16400,'Puymoyen',Null,Null),
(98,'ESKULANAK (GROUPE LAUAK) ',Null,64240,'Ayherre',Null,Null),
(99,'ETABLISSEMENTS NEVEUX (GROUPE SEBICO) ',Null,47550,'Boe',Null,Null),
(100,'ETALMOBIL ',Null,79200,'Thouet',Null,Null),
(101,'EXAMECA – AD INDUSTRIE ',Null,64121,'Castet',Null,Null),
(102,'EXXELIA TEMEX ',Null,33600,'Pessac',Null,Null),
(103,'FABRICATIONS INDUSTRIELLES RENOVATION SYSTEMES TECHNIQUES (FIRST) ',Null,86220,'Leugny',Null,Null),
(104,'FABRIQUE RÉGIONALE DU BOCAGE (FRB) SEM ',Null,79140,'Cerizay',Null,Null),
(105,'FALIERES ',Null,33840,'Captieux',Null,Null),
(106,'FALIERE',Null,33840,'Captieux',Null,Null),
(107,'FAVRELIERE SARL ',Null,79300,'Sauveur',Null,Null),
(108,'FEDD ',Null,24510,'Alvere',Null,Null),
(109,'FERMETURE PEYRICHOU ',Null,40390,'Seignanx',Null,Null),
(110,'FERMIERS DU PERIGORD ',Null,24120,'Lavilledieu',Null,Null),
(111,'FERRAND SAS ',Null,16320,'Lavalette',Null,Null),
(112,'FINSA FRANCE ',Null,40110,'Morcenx',Null,Null),
(113,'FORESA ',Null,33440,'Lagrave',Null,Null),
(114,'FORGES DE BOLOGNE ',Null,79200,'Parthenay',Null,Null),
(115,'FORMES ET VOLUMES ',Null,17440,'Aytré',Null,Null),
(116,'FOUNTAINE PAJOT SA ',Null,17290,'Aunis',Null,Null),
(117,'FPBOIS ',Null,40200,'Mimizan',Null,Null),
(118,'FRANCE INOX ',Null,40180,'Saubusse',Null,Null),
(119,'FRESSON (GROUPE MECADAQ) ',Null,33600,'Pessac',Null,Null),
(120,'FRIGOR ',Null,33560,'Blanc',Null,Null),
(121,'GARDAREIN ',Null,24120,'Pazayac',Null,Null),
(122,'GASCOGNE ',Null,40990,'Dax',Null,Null),
(123,'GEMCO ',Null,64140,'Lons',Null,Null),
(124,'GESTFORM ',Null,33700,'Mérignac',Null,Null),
(125,'GORA ',Null,64420,'Hasparren',Null,Null),
(126,'GOUBIE CHARPENTE BOIS ',Null,24130,'Prigonrieux',Null,Null),
(127,'GOUJON ',Null,33650,'Villagrains',Null,Null),
(128,'GROUPE LEPINE ',Null,64300,'Orthez',Null,Null),
(129,'GROUPE ROLAND SAS ',Null,86330,'Moncontour',Null,Null),
(130,'GROUPE VOLTAIRE ',Null,64200,'Bassussary',Null,Null),
(131,'GUILLAUMIE ',Null,87700,'Vienne',Null,Null),
(132,'GUYENNE PAPIER ',Null,24800,'Nanthiat',Null,Null),
(133,'HARMAND & FILS ',Null,16230,'Boixe',Null,Null),
(134,'HCM SYSTREL (SERMA) ',Null,17180,'Périgny',Null,Null),
(135,'HERBES GRAND OUEST SARL ',Null,86340,'Gizay',Null,Null),
(136,'HMC EURL ',Null,16440,'Nersac',Null,Null),
(137,'HOLIGHT ',Null,64680,'Bains',Null,Null),
(138,'HYD&AU – VERAFLEX ',Null,33870,'Vayres',Null,Null),
(139,'HYD&AU – VERAFLE',Null,33870,'Vayres',Null,Null),
(140,'I2S ',Null,33608,'Pessac',Null,Null),
(141,'ICERAM ',Null,87068,'Limoges',Null,Null),
(142,'IMAO ',Null,87100,'Limoges',Null,Null),
(143,'IMMERSION ',Null,33100,'Bordeaux',Null,Null),
(144,'IMPRIMERIE JADAULT ',Null,79440,'Courlay',Null,Null),
(145,'IMPRIMERIE PROUTEAU ',Null,79300,'Bressuire',Null,Null),
(146,'INGELIANCE ',Null,33700,'Mérignac',Null,Null),
(147,'INNODEC ',Null,87000,'Limoges',Null,Null),
(148,'INOVA ',Null,24550,'Quercy',Null,Null),
(149,'INOVELEC ',Null,24750,'Boulazac',Null,Null),
(150,'JLFD – VANS FAUTRAS ',Null,24230,'Montcaret',Null,Null),
(151,'JOLLY IMPRIMEUR (L’IMPRESSION CRÉATIVE) ',Null,79300,'Bressuire',Null,Null),
(152,'KANOPY SARL ',Null,79460,'Magne',Null,Null),
(153,'KIMO ',Null,24700,'Ménestérol',Null,Null),
(154,'KSB ',Null,24490,'Chalais',Null,Null),
(155,'L’ANGELYS SAS ',Null,17100,'Fontcouverte',Null,Null),
(156,'L’ATELIER D’AGENCEMENT ',Null,33700,'Mérignac',Null,Null),
(157,'L’ATELIER DU CHOCOLAT (SAS ANDRIEU) ',Null,64100,'Bayonne',Null,Null),
(158,'L’ÉLECTROLYSE ',Null,33360,'Latresne',Null,Null),
(159,'LABORATOIRES RIVADIS SAS ',Null,79100,'Louzy',Null,Null),
(160,'LAFON INDUSTRIE (MADIC) ',Null,33530,'Bassens',Null,Null),
(161,'LAINÉ MÉCANIQUE ',Null,64230,'Lescar',Null,Null),
(162,'LARCEBAU ',Null,64800,'Igon',Null,Null),
(163,'LARENN ',Null,87270,'Couzeix',Null,Null),
(164,'LARRERE ET FILS ',Null,40410,'Liposthey',Null,Null),
(165,'LAYGUE & FILS ',Null,33650,'Martillac',Null,Null),
(166,'LE PETIT BASQUE ',Null,33650,'Eyrans',Null,Null),
(167,'LECAMUS SARL ',Null,17000,'Rochelle',Null,Null),
(168,'LECTRA ',Null,33610,'Cestas',Null,Null),
(169,'LES P’TITS AMOUREUX (LPA) SAS  ',Null,79160,'Ardin',Null,Null),
(170,'LESBATS SCIERIES AQUITAINE ',Null,40090,'Perdon',Null,Null),
(171,'LETOILE SAS ',Null,33522,'Bruges',Null,Null),
(172,'LIEGES HPK ',Null,47230,'Lavardac',Null,Null),
(173,'LIM GROUP – CWD ',Null,24300,'Nontron',Null,Null),
(174,'LIMDOR ',Null,87500,'Perche',Null,Null),
(175,'LISI CREUZET ',Null,47213,'Marmande',Null,Null),
(176,'LUCAS FRANCE ',Null,33430,'Bazas',Null,Null),
(177,'LUTEC (ex LUBAT) ',Null,33610,'Cestas',Null,Null),
(178,'MAISON PARIS ',Null,40360,'Pomarez',Null,Null),
(179,'MAISON VAUX (CHARCUTERIE DE CAMPAGNE VAUX) ',Null,24200,'Caneda',Null,Null),
(180,'MANOUKIAN SAS ',Null,79300,'Bressuire',Null,Null),
(181,'MANUFACTURE BOIS LANDAIS (MBL) ',Null,40990,'Paul',Null,Null),
(182,'MANUFACTURE DEGORCE SARL ',Null,16380,'Marthon',Null,Null),
(183,'MANY-VIGIER EQUIPEMENTS ',Null,33290,'Blanquefort',Null,Null),
(184,'MARLETTE SAS ',Null,17137,'Houmeau',Null,Null),
(185,'MARTIN ÉTIQUETTES (STRATUS PACKAGING) ',Null,87220,'Feytiat',Null,Null),
(186,'MASM SARL ',Null,79320,'Moncoutant',Null,Null),
(187,'MAUCO ',Null,33240,'Peujard',Null,Null),
(188,'MAVIL ',Null,33520,'Bruges',Null,Null),
(189,'MDA INDUSTRIES  SARL ',Null,79380,'Sèvre',Null,Null),
(190,'MECADAQ ',Null,40220,'Tarnos',Null,Null),
(191,'MECALOR ADIMEP ',Null,33185,'Haillan',Null,Null),
(192,'MÉCANIQUE AÉRONAUTIQUE PYRÉNÉENNE (MAP) ',Null,64121,'Castet',Null,Null),
(193,'MENEAU ',Null,33450,'Loubès',Null,Null),
(194,'MEUBLES DELIAS SA ',Null,16270,'Suris',Null,Null),
(195,'MGA ',Null,47304,'Lot',Null,Null),
(196,'MILCO SAS ',Null,17400,'Vergne',Null,Null),
(197,'MINET ',Null,79800,'Pamproux',Null,Null),
(198,'MORISSET SARL ',Null,79430,'Laurent',Null,Null),
(199,'MOURLAN ',Null,33690,'Lavazan',Null,Null),
(200,'MPRD (JV GROUP) –',Null,33370,'Bordeaux',Null,Null),
(201,'MPS ',Null,40230,'Josse',Null,Null),
(202,'MULOT SAS ',Null,17390,'Tremblade',Null,Null),
(203,'NANNI INDUSTRIES ',Null,33260,'Buch',Null,Null),
(204,'NAVAILLES ',Null,40700,'Hagetmau',Null,Null),
(205,'OCQUETEAU SAS ',Null,17480,'Oléron',Null,Null),
(206,'OGEU – SEMO ',Null,64680,'Bains',Null,Null),
(207,'OLABERRIA ',Null,64480,'Ustaritz',Null,Null),
(208,'OPTIMUM ',Null,47520,'Agen',Null,Null),
(209,'OTECH ',Null,64270,'Puyoo',Null,Null),
(210,'OXYMETAL ',Null,33072,'Bordeaux',Null,Null),
(211,'PAGES MÉCANIQUE ',Null,24480,'Cadouin',Null,Null),
(212,'PAULIN SOCAM /AMCP SAS ',Null,86500,'Montmorillon',Null,Null),
(213,'PERNAT SMJ ',Null,33160,'Jalles',Null,Null),
(214,'PHILIPPE RUBIO ',Null,64110,'Lons',Null,Null),
(215,'PI CRÉATION ',Null,64990,'Irube',Null,Null),
(216,'PICARD THERMOFORMAGE SAS ',Null,16440,'Nersac',Null,Null),
(217,'PLATEFORME TECHNIQUE NATIONALE MONTAJAULT SARL ',Null,86440,'Auxances',Null,Null),
(218,'POLYPROCESS ',Null,33127,'Illac',Null,Null),
(219,'PRECIMECAN ',Null,64210,'Bidart',Null,Null),
(220,'PREFATEC FRANCE SARL ',Null,16110,'Constant',Null,Null),
(221,'PROFILAGE USINAGE MARANDAIS (PUMA) ',Null,17230,'Marans',Null,Null),
(222,'PY INDUSTRIE ',Null,64121,'Montardon',Null,Null),
(223,'PYREVERRE ',Null,64990,'Mouguerre',Null,Null),
(224,'RAZOL ',Null,47400,'Fauillet',Null,Null),
(225,'RESCOLL ',Null,33615,'Pessac',Null,Null),
(226,'REVEAU MENUISERIE SARL ',Null,17000,'Rochelle',Null,Null),
(227,'RIDORET ',Null,17000,'Rochelle',Null,Null),
(228,'ROLPIN ',Null,40210,'Labouheyre',Null,Null),
(229,'ROQUE ',Null,33750,'Puch',Null,Null),
(230,'ROUCADIL ',Null,47500,'Vite',Null,Null),
(231,'S24 (BOSSI INDUSTRIE) ',Null,24490,'Chalais',Null,Null),
(232,'SACBA ',Null,47400,'Tonneins',Null,Null),
(233,'SAFI ',Null,47500,'Cuzorn',Null,Null),
(234,'SAFT ',Null,33074,'Bordeaux',Null,Null),
(235,'SAINT PALAIS ',Null,40260,'Castets',Null,Null),
(236,'SAINTE MARIE CONSTRUCTIONS ISOTHERMES ',Null,47220,'Astaffort',Null,Null),
(237,'SAUCISSERIE D’AQUITAINE ',Null,24700,'Ménestérol',Null,Null),
(238,'SCIERIE BERNIER ',Null,79600,'Airvault',Null,Null),
(239,'SCOMEC ',Null,16340,'Espagnac',Null,Null),
(240,'SELLERIE DÉCORATION AMÉNAGEMENTS (SDA) ',Null,33700,'Mérignac',Null,Null),
(241,'SERELLE SAS ',Null,40140,'Magescq',Null,Null),
(242,'SERMA TECHNOLOGIES ',Null,33615,'Pessac',Null,Null),
(243,'SERTA AEROSPACE & DEFENCE ',Null,33127,'Illac',Null,Null),
(244,'SFRI ',Null,33127,'Illac',Null,Null),
(245,'SICA DES GAVES (SIKIG) ',Null,64270,'Villefranche',Null,Null),
(246,'SM FRANCE ',Null,17308,'Rochefort',Null,Null),
(247,'SMURFIT KAPPA ',Null,33380,'Biganos',Null,Null),
(248,'SOCARI ',Null,86600,'Levescault',Null,Null),
(249,'SOCAT ',Null,24120,'Lavilledieu',Null,Null),
(250,'SOCIÉTÉ DES EAUX MINÉRALES D’ARCACHON-ABATILLES (SEMA) ',Null,33120,'Arcachon',Null,Null),
(251,'SOCIÉTÉ DES VIANDES DES ÉLEVEURS DE PARTHENAY (SVEP) ',Null,79200,'Thouet',Null,Null),
(252,'SOCIÉTÉ PUYOLAISE ARTICLES CHAUSSANTS (SPAC) – FLD ',Null,64270,'Puyoo',Null,Null),
(253,'SOCIÉTÉ PYRÉNÉENNE DE MÉTALLURGIE (SPM) ',Null,64000,'Pau',Null,Null),
(254,'SOFAMS SAS ',Null,86340,'Fleure',Null,Null),
(255,'SOFAST ',Null,33291,'Blanquefort',Null,Null),
(256,'SOKOA ',Null,64700,'Hendaye',Null,Null),
(257,'SOLISYSTEME SARL ',Null,86170,'Avanton',Null,Null),
(258,'SOMOCAP ',Null,64480,'Jatxou',Null,Null),
(259,'SOMOMA ',Null,40170,'Uza',Null,Null),
(260,'SOPPEC ',Null,16440,'Nersac',Null,Null),
(261,'SOROMAP SARL ',Null,17300,'Rochefort',Null,Null),
(262,'SOTECH INDUSTRIE ',Null,24100,'Bergerac',Null,Null),
(263,'SOTHYS –',Null,19100,'Gaillarde',Null,Null),
(264,'SOTOMECA ',Null,33430,'Bazas',Null,Null),
(265,'SQUARE ',Null,33650,'Eyrans',Null,Null),
(266,'STAND OP SARL ',Null,79180,'Chauray',Null,Null),
(267,'STARPLAST ',Null,87070,'Limoges',Null,Null),
(268,'STEVA LIMOUSIN ',Null,87250,'Gartempe',Null,Null),
(269,'STI ',Null,64260,'Arudy',Null,Null),
(270,'STILZ CHIMIE ',Null,86530,'Vienne',Null,Null),
(271,'STIMECA ',Null,87330,'Issoire',Null,Null),
(272,'STIVENT INDUSTRIE SAS ',Null,86110,'Mirebeau',Null,Null),
(273,'SUD N SOL ',Null,47310,'Estillac',Null,Null),
(274,'SUD OUEST ALIMENT – MAÏSADOUR (SOAL) ',Null,40280,'Mauco',Null,Null),
(275,'SUDEC INDUSTRIES ',Null,64700,'Hendaye',Null,Null),
(276,'SUNNA DESIGN ',Null,33295,'Blanquefort',Null,Null),
(277,'SUTUREX-RENODEX ',Null,24200,'Aillac',Null,Null),
(278,'SYNERGY ',Null,33608,'Pessac',Null,Null),
(279,'TANNERIE RÉMY CARRIAT ',Null,64250,'Espelette',Null,Null),
(280,'TDM ',Null,33700,'Mérignac',Null,Null),
(281,'TECHNOFLEX ',Null,64210,'Bidart',Null,Null),
(282,'TELERAD ',Null,64603,'Anglet',Null,Null),
(283,'TEMAPLAST ',Null,19270,'Donzenac',Null,Null),
(284,'TEMBEC AVEBENE ',Null,40400,'Tartas',Null,Null),
(285,'TIGR ',Null,23300,'Souterraine',Null,Null),
(286,'TOLERIE VENTILATION SAINT-LIN (TVSL) SAS ',Null,79420,'Lin',Null,Null),
(287,'TOYAL EUROPE ',Null,64490,'Accous',Null,Null),
(288,'TPL INDUSTRIES ',Null,79600,'Tessonnière',Null,Null),
(289,'TRADITION ET TERROIR SUD-OUEST ',Null,33140,'Ornon',Null,Null),
(290,'TRAIMECA PYRO SA ',Null,64112,'Urrugne',Null,Null),
(291,'UNICOQUE ',Null,47290,'Cancon',Null,Null),
(292,'UNITHER ',Null,33187,'Haillan',Null,Null),
(293,'VAILMECA SARL ',Null,86240,'Ligugé',Null,Null),
(294,'VALADE SAS ',Null,19210,'Lubersac',Null,Null),
(295,'VENTANA / MICRON PRECISION ',Null,64510,'Narcastet',Null,Null),
(296,'VENTANA AEROSPACE ',Null,64510,'Narcastet',Null,Null),
(297,'WORLDCAST SYSTEMS ',Null,33700,'Mérignac',Null,Null),
(298,'YOOJI ',Null,47310,'Estillac',Null,Null),
(299,'ZHENDRE ',Null,33140,'Ornon',Null,Null)
;
INSERT INTO Escale VALUES
(1900053,'2019-01-09','2019-01-10',Null,Null,'TGO',9795664,4,3),
(1900133,'2019-01-20','2019-01-25',Null,Null,'TGO',9795664,6,2),
(1901223,'2019-06-21','2019-06-25',Null,Null,'TGO',9795664,1,3),
(1900609,'2019-03-28','2019-04-01',Null,Null,'TGO',9795664,2,4),
(1900723,'2019-04-12','2019-04-16',Null,Null,'TGO',9795664,6,4),
(1902169,'2019-10-26','2019-10-31',Null,Null,'TGO',9795664,3,2),
(1902414,'2019-11-29','2019-11-30',Null,Null,'WORMS',9913237,1,3),
(1900878,'2019-05-03','2019-05-07',Null,Null,'SISA',9511702,2,4),
(1902438,'2019-11-30','2019-12-05',Null,Null,'SISA',9511702,5,1),
(1902216,'2019-11-03','2019-11-07',Null,Null,'SISA',9511702,4,3),
(1901757,'2019-09-05','2019-09-06',Null,Null,'SI NANTES',9215169,3,1),
(1902222,'2019-10-26','2019-11-14',Null,Null,'FASA',9942998,4,4),
(1900321,'2019-02-16','2019-02-19',Null,Null,'FASA',9419641,4,4),
(1900464,'2019-03-08','2019-03-13',Null,Null,'FASA',9246693,4,1),
(1900990,'2019-05-13','2019-05-24',Null,Null,'SI NANTES',9246693,5,1),
(1900605,'2019-03-25','2019-04-01',Null,Null,'SISA',9165121,3,2),
(1902083,'2019-10-18','2019-10-20',Null,Null,'HUMANN T',9309533,5,2),
(1900951,'2019-05-12','2019-05-16',Null,Null,'HUMANN T',9650452,6,2),
(1901750,'2019-09-04','2019-09-06',Null,Null,'HUMANN T',9650452,3,1),
(2000008,'2019-12-28','2020-01-07',Null,Null,'SISA',9525114,6,2),
(1901414,'2019-07-15','2019-07-26',Null,Null,'AGENA TR',9590321,1,3),
(1902307,'2019-11-10','2019-11-20',Null,Null,'SISA',9736271,1,2),
(1900559,'2019-03-21','2019-03-24',Null,Null,'SISA',9390034,2,3),
(1901314,'2019-07-04','2019-07-06',Null,Null,'SISA',9390034,2,2),
(1901687,'2019-08-25','2019-08-28',Null,Null,'SISA',9390034,3,1),
(1902122,'2019-10-19','2019-10-27',Null,Null,'SISA',9390034,4,4),
(1901760,'2019-09-04','2019-09-07',Null,Null,'SISA',9390034,5,2),
(1900444,'2019-03-06','2019-03-08',Null,Null,'SI NANTES',9718992,2,1),
(1902465,'2019-12-06','2019-12-14',Null,Null,'FASA',9887267,6,2),
(1901325,'2019-07-06','2019-07-10',Null,Null,'SI NANTES',9278551,3,3),
(1900356,'2019-02-22','2019-02-22',Null,Null,'TGO',9102636,3,3),
(1900944,'2019-05-13','2019-05-14',Null,Null,'TGO',9102636,3,1),
(1900738,'2019-04-14','2019-04-15',Null,Null,'TGO',9102636,3,1),
(1900154,'2019-01-24','2019-01-24',Null,Null,'TGO',9102636,3,1),
(1901047,'2019-05-26','2019-05-31',Null,Null,'SISA',9844501,2,2),
(1902515,'2019-12-16','2019-12-24',Null,Null,'FASA',9764008,6,3),
(1900117,'2019-01-15','2019-01-19',Null,Null,'SISA',9325219,3,1),
(1902466,'2019-12-04','2019-12-07',Null,Null,'SISA',9325219,5,2),
(1900429,'2019-03-01','2019-03-05',Null,Null,'SISA',9249720,6,2),
(1900826,'2019-04-25','2019-05-04',Null,Null,'STOCALOIRE',9699592,5,1),
(1901425,'2019-07-17','2019-07-22',Null,Null,'SISA',9513411,4,3),
(1901874,'2019-09-20','2019-09-26',Null,Null,'SISA',9513411,2,1),
(1902501,'2019-12-10','2019-12-15',Null,Null,'SISA',9513411,1,1),
(1901081,'2019-06-02','2019-06-04',Null,Null,'SISA',9513411,2,2),
(1900474,'2019-03-09','2019-03-11',Null,Null,'HUMANN T',9108310,1,2),
(1900717,'2019-04-09','2019-04-13',Null,Null,'HUMANN T',9108310,6,2),
(1901418,'2019-07-19','2019-07-22',Null,Null,'CDT',9646392,1,3),
(1901374,'2019-07-11','2019-07-13',Null,Null,'HUMANN T',9725821,1,3),
(1900899,'2019-05-07','2019-05-07',Null,Null,'HUMANN T',9769058,1,1),
(1901706,'2019-08-28','2019-08-29',Null,Null,'SISA',9769058,6,3),
(1902420,'2019-11-29','2019-12-03',Null,Null,'FASA',9292053,1,1),
(1901544,'2019-08-01','2019-08-06',Null,Null,'FASA',9831765,6,2),
(1901785,'2019-09-08','2019-09-09',Null,Null,'SI NANTES',9992232,6,4),
(1902290,'2019-11-12','2019-11-15',Null,Null,'SI NANTES',9992232,6,4),
(1901408,'2019-07-18','2019-07-23',Null,Null,'WORMS',9703971,4,4),
(1901767,'2019-09-06','2019-09-09',Null,Null,'WORMS',9703971,2,2),
(1902244,'2019-11-06','2019-11-07',Null,Null,'SI NANTES',9625100,2,2),
(1902145,'2019-10-25','2019-10-30',Null,Null,'HUMANN T',9519871,5,2),
(1902117,'2019-10-22','2019-10-24',Null,Null,'SI NANTES',9858033,3,2),
(1902209,'2019-11-02','2019-11-09',Null,Null,'SOGEBRAS',9858033,4,5),
(1901833,'2019-09-15','2019-09-19',Null,Null,'SOGEBRAS',9858033,6,3),
(1900909,'2019-05-04','2019-05-14',Null,Null,'SISA',9121658,1,1),
(1900397,'2019-02-27','2019-03-21',Null,Null,'CLT',9443039,2,2),
(1900666,'2019-04-04','2019-04-18',Null,Null,'CLT',9443039,5,2),
(1900205,'2019-01-31','2019-02-22',Null,Null,'CLT',9443039,4,2),
(1900570,'2019-03-22','2019-04-03',Null,Null,'CLT',9443039,2,1),
(1900780,'2019-04-19','2019-04-29',Null,Null,'CLT',9443039,3,3),
(1901007,'2019-05-22','2019-06-04',Null,Null,'CLT',9443039,4,5),
(1901218,'2019-06-21','2019-06-25',Null,Null,'CLT',9443039,5,1),
(1901406,'2019-07-17','2019-07-18',Null,Null,'CLT',9443039,5,2),
(1900362,'2019-02-22','2019-02-26',Null,Null,'CLT',9443039,6,2),
(1900853,'2019-04-30','2019-05-21',Null,Null,'CLT',9443039,4,1),
(1901360,'2019-07-11','2019-07-16',Null,Null,'CLT',9443039,4,4),
(1900173,'2019-01-25','2019-01-30',Null,Null,'CLT',9443039,2,4),
(1901429,'2019-07-19','2019-07-31',Null,Null,'CLT',9443039,2,2),
(1901524,'2019-08-01','2019-08-02',Null,Null,'CLT',9443039,1,3),
(1901699,'2019-08-27','2019-09-06',Null,Null,'CLT',9443039,4,5),
(1901777,'2019-09-07','2019-09-23',Null,Null,'CLT',9443039,4,4),
(1901920,'2019-09-27','2019-09-30',Null,Null,'CLT',9443039,2,1),
(1902126,'2019-10-23','2019-11-06',Null,Null,'CLT',9443039,3,3),
(1902257,'2019-11-08','2019-11-19',Null,Null,'CLT',9443039,4,1),
(1902361,'2019-11-21','2019-12-17',Null,Null,'CLT',9443039,4,2),
(1901579,'2019-08-09','2019-08-13',Null,Null,'CLT',9443039,4,3),
(1901608,'2019-08-14','2019-08-20',Null,Null,'CLT',9443039,6,1),
(1901546,'2019-08-03','2019-08-08',Null,Null,'CLT',9443039,5,2),
(1901648,'2019-08-20','2019-08-26',Null,Null,'CLT',9443039,6,2),
(1901109,'2019-06-06','2019-06-20',Null,Null,'CLT',9443039,2,3),
(1901954,'2019-10-02','2019-10-17',Null,Null,'CLT',9443039,4,2),
(1902519,'2019-12-17','2020-01-06',Null,Null,'CLT',9443039,3,3),
(1901252,'2019-06-26','2019-07-09',Null,Null,'CLT',9443039,4,1),
(1901256,'2019-06-27','2019-06-29',Null,Null,'DRCH',9288048,4,3),
(1901273,'2019-06-29','2019-09-06',Null,Null,'DRCH',9288048,6,3),
(1900709,'2019-04-10','2019-05-22',Null,Null,'DRCH',9288048,5,2),
(1900996,'2019-04-10','2019-06-06',Null,Null,'DRCH',9288048,2,3),
(1902541,'2019-12-21','2020-03-14',Null,Null,'DRCH',9288048,2,3),
(1902335,'2019-11-18','2020-07-04',Null,Null,'DRCH',9288048,3,3),
(1900082,'2019-01-12','2019-01-13',Null,Null,'DTM',9398026,1,3),
(1900124,'2019-01-18','2019-01-18',Null,Null,'DTM',9398026,4,2),
(1900165,'2019-01-25','2019-01-25',Null,Null,'DTM',9398026,3,3),
(1900281,'2019-02-12','2019-02-12',Null,Null,'DTM',9398026,1,2),
(1900467,'2019-03-09','2019-03-09',Null,Null,'DTM',9398026,2,4),
(1900486,'2019-03-11','2019-03-12',Null,Null,'DTM',9398026,4,4),
(1900552,'2019-03-20','2019-03-20',Null,Null,'DTM',9398026,4,1),
(1900606,'2019-03-28','2019-03-28',Null,Null,'DTM',9398026,6,3),
(1900622,'2019-03-30','2019-03-30',Null,Null,'DTM',9398026,3,3),
(1900903,'2019-05-08','2019-05-08',Null,Null,'DTM',9398026,6,4),
(1900970,'2019-05-18','2019-05-18',Null,Null,'DTM',9398026,2,4),
(1901009,'2019-05-23','2019-05-23',Null,Null,'DTM',9398026,6,1),
(1901045,'2019-05-27','2019-05-27',Null,Null,'DTM',9398026,6,1),
(1900297,'2019-02-13','2019-02-13',Null,Null,'DTM',9398026,3,1),
(1900564,'2019-03-22','2019-03-22',Null,Null,'DTM',9398026,1,1),
(1900733,'2019-04-14','2019-04-14',Null,Null,'DTM',9398026,4,2),
(1901327,'2019-07-06','2019-07-06',Null,Null,'DTM',9398026,1,3),
(1901432,'2019-07-20','2019-07-20',Null,Null,'DTM',9398026,5,2),
(1900033,'2019-01-06','2019-01-06',Null,Null,'DTM',9398026,1,3),
(1900716,'2019-04-11','2019-04-12',Null,Null,'DTM',9398026,2,1),
(1900735,'2019-04-14','2019-04-14',Null,Null,'DTM',9398026,4,2),
(1900832,'2019-04-27','2019-04-28',Null,Null,'DTM',9398026,2,4),
(1900875,'2019-05-03','2019-05-03',Null,Null,'DTM',9398026,4,2),
(1900956,'2019-05-15','2019-05-15',Null,Null,'DTM',9398026,2,1),
(1901202,'2019-06-20','2019-06-20',Null,Null,'DTM',9398026,3,2),
(1901208,'2019-06-20','2019-06-20',Null,Null,'DTM',9398026,2,3),
(1900119,'2019-01-18','2019-01-18',Null,Null,'DTM',9398026,2,2),
(1900128,'2019-01-19','2019-01-19',Null,Null,'DTM',9398026,2,2),
(1900175,'2019-01-26','2019-01-26',Null,Null,'DTM',9398026,5,2),
(1900221,'2019-02-02','2019-02-03',Null,Null,'DTM',9398026,3,1),
(1900240,'2019-02-06','2019-02-06',Null,Null,'DTM',9398026,3,1),
(1900426,'2019-03-03','2019-03-03',Null,Null,'DTM',9398026,3,3),
(1900679,'2019-04-06','2019-04-06',Null,Null,'DTM',9398026,1,2),
(1900710,'2019-04-10','2019-04-11',Null,Null,'DTM',9398026,2,4),
(1900924,'2019-05-10','2019-05-10',Null,Null,'DTM',9398026,4,2),
(1901280,'2019-06-30','2019-06-30',Null,Null,'DTM',9398026,6,2),
(1901315,'2019-07-04','2019-07-04',Null,Null,'DTM',9398026,4,5),
(1901489,'2019-07-28','2019-07-28',Null,Null,'DTM',9398026,1,3),
(1901367,'2019-07-12','2019-07-12',Null,Null,'DTM',9398026,3,1),
(1901426,'2019-07-19','2019-07-19',Null,Null,'DTM',9398026,3,1),
(1901930,'2019-09-28','2019-09-28',Null,Null,'DTM',9398026,4,2),
(1901865,'2019-09-19','2019-09-19',Null,Null,'DTM',9398026,3,1),
(1901419,'2019-07-19','2019-07-19',Null,Null,'DTM',9398026,4,2),
(1902160,'2019-10-26','2019-10-28',Null,Null,'DTM',9398026,4,1),
(1902580,'2019-12-28','2019-12-29',Null,Null,'DTM',9398026,4,4),
(1901879,'2019-09-21','2019-09-21',Null,Null,'DTM',9398026,2,2),
(1900798,'2019-04-22','2019-04-22',Null,Null,'DTM',9398026,4,5),
(1902166,'2019-10-28','2019-10-28',Null,Null,'DTM',9398026,4,4),
(1902097,'2019-10-20','2019-10-20',Null,Null,'DTM',9398026,5,2),
(1901257,'2019-06-27','2019-06-27',Null,Null,'DTM',9398026,6,2),
(1902124,'2019-10-23','2019-10-23',Null,Null,'DTM',9398026,5,2),
(1902074,'2019-10-17','2019-10-17',Null,Null,'DTM',9398026,6,2),
(1901300,'2019-07-02','2019-07-02',Null,Null,'CDT',9583754,2,2),
(1901317,'2019-07-04','2019-07-16',Null,Null,'CDT',9583754,4,1),
(1901423,'2019-07-19','2019-07-31',Null,Null,'CDT',9583754,1,2),
(1900014,'2019-01-01','2019-01-03',Null,Null,'TGO',9711209,5,2),
(1900225,'2019-02-03','2019-02-04',Null,Null,'TGO',9711209,2,4),
(1900660,'2019-04-04','2019-04-04',Null,Null,'TGO',9711209,4,4),
(1900865,'2019-05-02','2019-05-02',Null,Null,'TGO',9711209,1,1),
(1901065,'2019-05-31','2019-05-31',Null,Null,'TGO',9711209,2,2),
(1900437,'2019-03-05','2019-03-06',Null,Null,'TGO',9711209,1,1),
(1901877,'2019-09-21','2019-09-26',Null,Null,'STOCALOIRE',9136578,1,1),
(1900399,'2019-02-27','2019-03-12',Null,Null,'STOCALOIRE',9198269,4,5),
(1900728,'2019-04-13','2019-04-16',Null,Null,'SI NANTES',9462664,1,2),
(1901149,'2019-06-12','2019-06-14',Null,Null,'SI NANTES',9462664,6,2),
(1901462,'2019-07-24','2019-07-25',Null,Null,'FASA',9462664,1,3),
(1901606,'2019-08-14','2019-08-17',Null,Null,'SI NANTES',9462664,6,2),
(1901639,'2019-08-19','2019-08-21',Null,Null,'SI NANTES',9384351,6,4),
(1900113,'2019-01-16','2019-01-18',Null,Null,'SOGEBRAS',9585191,3,1),
(1901085,'2019-06-02','2019-06-05',Null,Null,'STOCALOIRE',9585191,2,2),
(1902095,'2019-10-19','2019-10-23',Null,Null,'SOGEBRAS',9405900,1,2),
(1900657,'2019-04-03','2019-04-04',Null,Null,'FASA',9155153,3,2),
(1901577,'2019-08-08','2019-08-11',Null,Null,'SOGEBRAS',9983171,6,2),
(1900776,'2019-04-19','2019-04-26',Null,Null,'SISA',9915417,2,3),
(1902394,'2019-11-23','2019-11-28',Null,Null,'HUMANN T',9819971,4,1),
(1902010,'2019-10-08','2019-10-10',Null,Null,'SI NANTES',9974636,5,1),
(1900392,'2019-02-23','2019-02-28',Null,Null,'HUMANN T',9333584,4,4),
(1901925,'2019-09-27','2019-10-02',Null,Null,'HUMANN T',9565154,2,4),
(1902127,'2019-10-21','2019-11-02',Null,Null,'AGSM',9582485,2,3),
(1900295,'2019-02-13','2019-02-14',Null,Null,'TGO',9195217,4,1),
(1902400,'2019-11-26','2019-11-28',Null,Null,'SI NANTES',9319628,2,3),
(1900489,'2019-03-08','2019-03-13',Null,Null,'STOCALOIRE',9161941,1,1),
(1901532,'2019-08-02','2019-08-03',Null,Null,'FASA',9131946,6,1),
(1900234,'2019-02-05','2019-02-18',Null,Null,'STOCALOIRE',9175175,3,2),
(1901943,'2019-09-28','2019-10-03',Null,Null,'STOCALOIRE',9686284,4,5),
(1901101,'2019-06-03','2019-06-07',Null,Null,'STOCALOIRE',9521933,2,2),
(1901590,'2019-08-09','2019-08-15',Null,Null,'STOCALOIRE',9737480,1,2),
(1902483,'2019-12-10','2019-12-13',Null,Null,'SI NANTES',9737480,2,2),
(1900590,'2019-03-26','2019-04-05',Null,Null,'STOCALOIRE',9259594,3,1),
(1900906,'2019-05-06','2019-05-11',Null,Null,'STOCALOIRE',9256033,4,4),
(1902256,'2019-11-04','2019-11-09',Null,Null,'HUMANN T',9256033,1,1),
(1900331,'2019-02-16','2019-02-20',Null,Null,'HUMANN T',9197110,2,4),
(1902360,'2019-11-20','2019-11-25',Null,Null,'HUMANN T',9197110,4,2),
(1900243,'2019-02-07','2019-02-09',Null,Null,'SISA',9223852,4,2),
(1902131,'2019-10-22','2019-10-26',Null,Null,'HUMANN T',9680789,5,1),
(1900700,'2019-04-08','2019-04-12',Null,Null,'SISA',9430361,4,1),
(1901143,'2019-06-10','2019-06-14',Null,Null,'HUMANN T',9218776,4,2),
(1902568,'2019-12-24','2019-12-28',Null,Null,'HUMANN T',9218776,2,3),
(1900870,'2019-05-02','2019-05-07',Null,Null,'SISA',9659450,6,1),
(1901132,'2019-06-09','2019-06-13',Null,Null,'WORMS',9317381,2,3),
(1900210,'2019-01-31','2019-02-02',Null,Null,'SI NANTES',9592212,3,1),
(1902553,'2019-12-20','2020-01-04',Null,Null,'STOCALOIRE',9579551,4,4),
(1901028,'2019-05-21','2019-06-02',Null,Null,'STOCALOIRE',9726704,5,2),
(1901836,'2019-09-13','2019-09-17',Null,Null,'WORMS',9922536,4,2),
(1901763,'2019-09-05','2019-09-13',Null,Null,'HUMANN T',9269632,4,1),
(1902566,'2019-12-25','2019-12-31',Null,Null,'SI NANTES',9810728,1,3),
(1900008,'2019-01-02','2019-01-03',Null,Null,'MSC',9201066,1,1),
(1900375,'2019-02-21','2019-02-25',Null,Null,'HUMANN T',9955987,4,1),
(1901513,'2019-07-30','2019-08-01',Null,Null,'HUMANN T',9955987,4,2),
(1900524,'2019-03-16','2019-03-17',Null,Null,'HUMANN T',9793540,4,2),
(1900688,'2019-04-06','2019-04-08',Null,Null,'HUMANN T',9793540,5,1),
(1900550,'2019-03-18','2019-03-21',Null,Null,'HUMANN T',9793540,3,1),
(1900742,'2019-04-12','2019-04-15',Null,Null,'HUMANN T',9793540,6,3),
(1901944,'2019-09-30','2019-10-02',Null,Null,'HUMANN T',9670480,4,2),
(1901492,'2019-07-24','2019-07-29',Null,Null,'SISA',9693514,6,4),
(1900407,'2019-02-28','2019-03-01',Null,Null,'SISA',9635984,2,1),
(1901533,'2019-07-25','2019-08-03',Null,Null,'HUMANN T',9645009,2,4),
(1901086,'2019-06-02','2019-06-04',Null,Null,'HUMANN T',9645009,1,2),
(1900985,'2019-05-18','2019-05-25',Null,Null,'FASA',9394993,4,3),
(1902113,'2019-10-21','2019-10-24',Null,Null,'FASA',9648290,4,3),
(1900129,'2019-01-18','2019-01-26',Null,Null,'STOCALOIRE',9774504,2,3),
(1901574,'2019-08-07','2019-08-10',Null,Null,'SISA',9728206,3,1),
(1901890,'2019-09-22','2019-09-24',Null,Null,'HUMANN T',9579745,3,3),
(1901491,'2019-07-25','2019-07-31',Null,Null,'AGSM',9738611,4,2),
(1901762,'2019-09-05','2019-09-06',Null,Null,'AGSM',9738611,2,2),
(1902522,'2019-12-18','2020-06-23',Null,Null,'GPM',9952212,4,4),
(1901264,'2019-06-26','2019-06-29',Null,Null,'HUMANN T',9157296,6,4),
(1901472,'2019-07-22','2019-07-28',Null,Null,'SISA',9847810,3,1),
(1900983,'2019-05-13','2019-05-22',Null,Null,'SISA',9970757,4,1),
(1900058,'2019-01-08','2019-01-12',Null,Null,'SOGEBRAS',9686037,2,3),
(1900335,'2019-02-17','2019-02-19',Null,Null,'HUMANN T',9892825,1,1),
(1901180,'2019-06-14','2019-06-19',Null,Null,'SISA',9724431,5,2),
(1902063,'2019-10-14','2019-10-18',Null,Null,'SI NANTES',9111433,2,4),
(1900712,'2019-04-11','2019-04-14',Null,Null,'SOGEBRAS',9263537,6,2),
(1900387,'2019-02-26','2019-02-26',Null,Null,'TGO',9678095,4,1),
(1900017,'2019-01-02','2019-01-05',Null,Null,'FASA',9351670,2,4),
(1900207,'2019-01-31','2019-02-02',Null,Null,'WORMS',9339433,1,2),
(1901285,'2019-06-30','2019-07-02',Null,Null,'WORMS',9339433,6,2),
(1900767,'2019-04-18','2019-04-25',Null,Null,'SISA',9205471,5,1),
(1901515,'2019-07-28','2019-08-02',Null,Null,'SISA',9205471,2,3),
(1901668,'2019-08-22','2019-08-28',Null,Null,'SISA',9205471,6,4),
(1901003,'2019-05-21','2019-05-23',Null,Null,'SISA',9553997,4,5),
(1901241,'2019-06-24','2019-06-26',Null,Null,'SI NANTES',9553997,1,2),
(1900887,'2019-05-05','2019-05-07',Null,Null,'SISA',9750784,5,1),
(1901015,'2019-05-23','2019-05-24',Null,Null,'SOGEBRAS',9287398,6,2),
(1902183,'2019-10-30','2020-01-08',Null,Null,'SOGEBRAS',9287398,1,1),
(1901023,'2019-05-24','2019-05-30',Null,Null,'SOGEBRAS',9287398,6,1),
(1902111,'2019-10-21','2019-10-25',Null,Null,'SOGEBRAS',9287398,4,5),
(1902154,'2019-10-26','2019-10-29',Null,Null,'SOGEBRAS',9287398,5,2),
(1901024,'2019-05-24','2019-05-25',Null,Null,'CDT',9636601,5,1),
(1901014,'2019-05-23','2019-05-24',Null,Null,'CDT',9636601,6,3),
(1900097,'2019-01-14','2019-01-16',Null,Null,'HUMANN T',9493628,3,1),
(1902023,'2019-10-10','2020-03-06',Null,Null,'GPM',9953709,2,2),
(1901979,'2019-10-04','2019-10-08',Null,Null,'HUMANN T',9253272,3,3),
(1900167,'2019-01-25','2019-01-26',Null,Null,'SISA',9960607,4,3),
(1901754,'2019-09-05','2019-09-05',Null,Null,'WORMS',9237931,2,1),
(1901297,'2019-06-28','2019-07-03',Null,Null,'HUMANN T',9513879,6,3),
(1901728,'2019-08-28','2019-09-02',Null,Null,'HUMANN T',9513879,4,4),
(1901793,'2019-09-08','2019-09-11',Null,Null,'HUMANN T',9513879,4,2),
(1902298,'2019-11-14','2019-11-15',Null,Null,'TGO',9250880,5,1),
(1902369,'2019-11-22','2019-11-22',Null,Null,'TGO',9250880,6,4),
(1902427,'2019-11-30','2019-12-03',Null,Null,'TGO',9250880,4,4),
(1902482,'2019-12-10','2019-12-11',Null,Null,'TGO',9250880,6,1),
(1902539,'2019-12-20','2019-12-24',Null,Null,'TGO',9250880,4,3),
(1900056,'2019-01-10','2019-01-10',Null,Null,'TGO',9362210,3,3),
(1900466,'2019-03-09','2019-03-09',Null,Null,'TGO',9362210,2,1),
(1900630,'2019-03-30','2019-04-01',Null,Null,'TGO',9362210,6,4),
(1900848,'2019-04-30','2019-04-30',Null,Null,'TGO',9362210,6,1),
(1900258,'2019-02-08','2019-02-09',Null,Null,'TGO',9362210,1,2),
(1900291,'2019-02-13','2019-02-13',Null,Null,'TGO',9337922,3,1),
(1900796,'2019-04-21','2019-04-23',Null,Null,'TGO',9337922,1,3),
(1900573,'2019-03-23','2019-03-24',Null,Null,'TGO',9337922,1,2),
(1902211,'2019-10-28','2019-11-08',Null,Null,'STOCALOIRE',9233694,4,2),
(1900270,'2019-02-10','2019-02-11',Null,Null,'HUMANN T',9617471,6,2),
(1900697,'2019-04-08','2019-04-10',Null,Null,'HUMANN T',9617471,6,2),
(1900404,'2019-02-28','2019-03-01',Null,Null,'HUMANN T',9617471,4,4),
(1900751,'2019-04-16','2019-04-17',Null,Null,'HUMANN T',9617471,3,2),
(1902045,'2019-10-13','2019-10-14',Null,Null,'HUMANN T',9617471,3,3),
(1901156,'2019-06-12','2019-06-14',Null,Null,'WORMS',9517789,4,3),
(1901054,'2019-05-28','2019-06-07',Null,Null,'WORMS',9517789,3,3),
(1901825,'2019-09-11','2019-09-14',Null,Null,'WORMS',9517789,5,2),
(1900822,'2019-04-26','2019-04-27',Null,Null,'HUMANN T',9176645,4,4),
(1901104,'2019-06-05','2019-06-07',Null,Null,'HUMANN T',9176645,2,1),
(1901403,'2019-07-17','2019-07-18',Null,Null,'HUMANN T',9176645,4,2),
(1901453,'2019-07-23','2019-07-24',Null,Null,'HUMANN T',9176645,4,1),
(1901607,'2019-08-14','2019-08-15',Null,Null,'HUMANN T',9176645,6,4),
(1901990,'2019-10-07','2019-10-07',Null,Null,'HUMANN T',9176645,5,2),
(1902293,'2019-11-13','2019-11-14',Null,Null,'HUMANN T',9176645,4,2),
(1902353,'2019-11-20','2019-11-21',Null,Null,'HUMANN T',9176645,3,1),
(1900600,'2019-03-27','2019-03-27',Null,Null,'HUMANN T',9176645,3,1),
(1900028,'2019-01-05','2019-01-06',Null,Null,'SISA',9940026,1,1),
(1900076,'2019-01-12','2019-01-12',Null,Null,'SISA',9940026,4,4),
(1900253,'2019-02-07','2019-02-09',Null,Null,'SISA',9940026,6,1),
(1900454,'2019-03-07','2019-03-10',Null,Null,'HUMANN T',9940026,3,2),
(1900655,'2019-04-03','2019-04-05',Null,Null,'SISA',9940026,2,3),
(1900864,'2019-04-30','2019-05-02',Null,Null,'SISA',9940026,2,3),
(1900968,'2019-05-17','2019-05-18',Null,Null,'SISA',9940026,4,4),
(1900320,'2019-02-16','2019-02-16',Null,Null,'SISA',9940026,6,4),
(1901209,'2019-06-20','2019-06-21',Null,Null,'SISA',9940026,1,3),
(1901399,'2019-07-16','2019-07-17',Null,Null,'SISA',9940026,1,2),
(1901649,'2019-08-20','2019-08-21',Null,Null,'SISA',9940026,2,3),
(1900714,'2019-04-11','2019-04-12',Null,Null,'SISA',9940026,4,3),
(1901831,'2019-09-14','2019-09-18',Null,Null,'SI NANTES',9654735,4,3),
(1900288,'2019-02-12','2019-02-14',Null,Null,'SISA',9853139,1,3),
(1902459,'2019-12-06','2019-12-20',Null,Null,'CDT',9822749,5,2),
(1901171,'2019-06-14','2019-06-15',Null,Null,'SI NANTES',9650532,4,3),
(1902269,'2019-11-09','2019-11-11',Null,Null,'SISA',9650532,3,1),
(1901621,'2019-08-16','2019-08-17',Null,Null,'SISA',9650532,4,3),
(1901076,'2019-06-02','2019-06-09',Null,Null,'SI NANTES',9820803,1,2),
(1901147,'2019-06-11','2019-06-19',Null,Null,'SI NANTES',9920148,4,5),
(1901455,'2019-07-20','2019-07-25',Null,Null,'HUMANN T',9998342,5,2),
(1902238,'2019-11-06','2019-11-07',Null,Null,'SISA',9861591,1,1),
(1900086,'2019-01-07','2019-01-13',Null,Null,'HUMANN T',9469366,4,1),
(1900011,'2019-01-01','2019-01-03',Null,Null,'HUMANN T',9469366,2,2),
(1900588,'2019-03-25','2019-03-27',Null,Null,'HUMANN T',9517386,3,3),
(1900077,'2019-01-11','2019-01-13',Null,Null,'WORMS',9649236,3,3),
(1901163,'2019-06-09','2019-06-15',Null,Null,'SISA',9808410,2,2),
(1901999,'2019-10-08','2019-10-09',Null,Null,'SISA',9302087,6,3),
(1900888,'2019-05-01','2019-05-07',Null,Null,'SISA',9679609,6,3),
(1900543,'2019-03-19','2019-03-21',Null,Null,'STOCALOIRE',9862000,2,1),
(1900235,'2019-02-06','2019-02-07',Null,Null,'SOMALOIR',9456679,1,3),
(1900050,'2019-01-08','2019-01-09',Null,Null,'SOMALOIR',9456679,6,3),
(1900091,'2019-01-13','2019-01-15',Null,Null,'SOMALOIR',9456679,6,3),
(1900188,'2019-01-27','2019-01-28',Null,Null,'SOMALOIR',9456679,5,1),
(1900116,'2019-01-17','2019-01-19',Null,Null,'SOMALOIR',9456679,4,3),
(1900378,'2019-02-24','2019-02-25',Null,Null,'SOMALOIR',9456679,2,1),
(1900579,'2019-03-24','2019-03-25',Null,Null,'SOMALOIR',9456679,5,2),
(1900718,'2019-04-11','2019-04-13',Null,Null,'SOMALOIR',9456679,1,3),
(1900953,'2019-05-14','2019-05-15',Null,Null,'SOMALOIR',9456679,3,3),
(1901017,'2019-05-23','2019-05-25',Null,Null,'SOMALOIR',9456679,2,4),
(1901051,'2019-05-28','2019-05-29',Null,Null,'SOMALOIR',9456679,6,1),
(1901210,'2019-06-20','2019-06-22',Null,Null,'SOMALOIR',9456679,5,1),
(1901289,'2019-06-30','2019-07-01',Null,Null,'SOMALOIR',9456679,1,2),
(1901350,'2019-07-09','2019-07-10',Null,Null,'SOMALOIR',9456679,4,5),
(1900342,'2019-02-19','2019-02-20',Null,Null,'SOMALOIR',9456679,5,1),
(1900440,'2019-03-05','2019-03-06',Null,Null,'SOMALOIR',9456679,4,2),
(1900477,'2019-03-10','2019-03-11',Null,Null,'SOMALOIR',9456679,6,4),
(1900511,'2019-03-14','2019-03-16',Null,Null,'SOMALOIR',9456679,1,1),
(1900548,'2019-03-20','2019-03-21',Null,Null,'SOMALOIR',9456679,5,2),
(1900615,'2019-03-28','2019-03-30',Null,Null,'SOMALOIR',9456679,1,3),
(1900649,'2019-04-02','2019-04-03',Null,Null,'SOMALOIR',9456679,6,1),
(1900819,'2019-04-25','2019-04-27',Null,Null,'SOMALOIR',9456679,1,1),
(1900860,'2019-05-01','2019-05-02',Null,Null,'SOMALOIR',9456679,2,4),
(1900890,'2019-05-05','2019-05-06',Null,Null,'SOMALOIR',9456679,1,2),
(1900917,'2019-05-09','2019-05-11',Null,Null,'SOMALOIR',9456679,4,1),
(1901183,'2019-06-16','2019-06-17',Null,Null,'SOMALOIR',9456679,1,1),
(1901318,'2019-07-04','2019-07-06',Null,Null,'SOMALOIR',9456679,3,3),
(1901412,'2019-07-18','2019-07-20',Null,Null,'SOMALOIR',9456679,3,1),
(1900209,'2019-01-31','2019-02-02',Null,Null,'SOMALOIR',9456679,6,3),
(1900309,'2019-02-14','2019-02-16',Null,Null,'SOMALOIR',9456679,5,2),
(1900406,'2019-02-28','2019-03-02',Null,Null,'SOMALOIR',9456679,4,4),
(1900689,'2019-04-07','2019-04-08',Null,Null,'SOMALOIR',9456679,3,2),
(1900753,'2019-04-16','2019-04-17',Null,Null,'SOMALOIR',9456679,4,5),
(1900984,'2019-05-19','2019-05-20',Null,Null,'SOMALOIR',9456679,4,1),
(1901243,'2019-06-25','2019-06-26',Null,Null,'SOMALOIR',9456679,1,3),
(1901647,'2019-08-20','2019-08-21',Null,Null,'SOMALOIR',9456679,6,2),
(1901684,'2019-08-25','2019-08-26',Null,Null,'SOMALOIR',9456679,6,2),
(1900272,'2019-02-10','2019-02-11',Null,Null,'SOMALOIR',9456679,6,3),
(1901082,'2019-06-02','2019-06-04',Null,Null,'SOMALOIR',9456679,4,5),
(1901115,'2019-06-07','2019-06-08',Null,Null,'SOMALOIR',9456679,1,1),
(1901146,'2019-06-11','2019-06-12',Null,Null,'SOMALOIR',9456679,4,5),
(1901387,'2019-07-14','2019-07-15',Null,Null,'SOMALOIR',9456679,2,3),
(1901454,'2019-07-23','2019-07-24',Null,Null,'SOMALOIR',9456679,5,1),
(1901493,'2019-07-28','2019-07-29',Null,Null,'SOMALOIR',9456679,6,1),
(1901711,'2019-08-29','2019-08-31',Null,Null,'SOMALOIR',9456679,4,2),
(1901784,'2019-09-08','2019-09-09',Null,Null,'SOMALOIR',9456679,4,5),
(1901815,'2019-09-12','2019-09-14',Null,Null,'SOMALOIR',9456679,2,1),
(1902511,'2019-12-15','2019-12-17',Null,Null,'SOMALOIR',9456679,3,2),
(1902285,'2019-11-12','2019-11-14',Null,Null,'SOMALOIR',9456679,3,3),
(1902471,'2019-12-07','2019-12-08',Null,Null,'SOMALOIR',9456679,6,2),
(1902570,'2019-12-27','2019-12-28',Null,Null,'SOMALOIR',9456679,1,2),
(1901742,'2019-09-03','2019-09-04',Null,Null,'SOMALOIR',9456679,6,3),
(1901887,'2019-09-22','2019-09-23',Null,Null,'SOMALOIR',9456679,2,2),
(1901915,'2019-09-26','2019-09-28',Null,Null,'SOMALOIR',9456679,2,2),
(1901987,'2019-10-06','2019-10-07',Null,Null,'SOMALOIR',9456679,1,3),
(1902064,'2019-10-15','2019-10-16',Null,Null,'SOMALOIR',9456679,1,1),
(1902099,'2019-10-20','2019-10-21',Null,Null,'SOMALOIR',9456679,4,3),
(1902139,'2019-10-24','2019-10-26',Null,Null,'SOMALOIR',9456679,5,2),
(1902174,'2019-10-29','2019-10-30',Null,Null,'SOMALOIR',9456679,1,3),
(1902421,'2019-11-30','2019-11-30',Null,Null,'SOMALOIR',9456679,1,1),
(1902528,'2019-12-19','2019-12-23',Null,Null,'SOMALOIR',9456679,3,1),
(1902593,'2019-12-31','2020-01-02',Null,Null,'SOMALOIR',9456679,2,4),
(1901850,'2019-09-17','2019-09-18',Null,Null,'SOMALOIR',9456679,4,1),
(1902024,'2019-10-10','2019-10-12',Null,Null,'SOMALOIR',9456679,1,3),
(1902365,'2019-11-21','2019-11-23',Null,Null,'SOMALOIR',9456679,6,3),
(1902401,'2019-11-26','2019-11-27',Null,Null,'SOMALOIR',9456679,4,1),
(1902450,'2019-12-04','2019-12-05',Null,Null,'SOMALOIR',9456679,4,3),
(1901528,'2019-08-01','2019-08-03',Null,Null,'SOMALOIR',9456679,2,2),
(1901950,'2019-10-01','2019-10-02',Null,Null,'SOMALOIR',9456679,1,1),
(1902213,'2019-11-02','2019-11-05',Null,Null,'SOMALOIR',9456679,4,2),
(1902252,'2019-11-07','2019-11-08',Null,Null,'SOMALOIR',9456679,2,3),
(1902329,'2019-11-17','2019-11-18',Null,Null,'SOMALOIR',9456679,3,1),
(1900145,'2019-01-22','2019-01-23',Null,Null,'SOMALOIR',9456679,5,1),
(1902493,'2019-12-11','2019-12-12',Null,Null,'SOMALOIR',9456679,4,5),
(1900323,'2019-02-15','2019-02-18',Null,Null,'SISA',9873424,3,1),
(1900503,'2019-03-13','2019-03-15',Null,Null,'SISA',9873424,3,1),
(1900824,'2019-04-26','2019-04-28',Null,Null,'FASA',9390543,1,2),
(1900003,'2019-01-01','2019-01-02',Null,Null,'SISA',9171996,2,4),
(1900139,'2019-01-21','2019-01-22',Null,Null,'SISA',9171996,4,5),
(1900646,'2019-04-02','2019-04-03',Null,Null,'SISA',9171996,2,2),
(1901050,'2019-05-23','2019-05-29',Null,Null,'SISA',9171996,4,2),
(1901934,'2019-09-29','2019-09-30',Null,Null,'SISA',9129597,1,2),
(1900195,'2019-01-28','2019-02-13',Null,Null,'SISA',9324990,5,2),
(1901196,'2019-06-18','2019-06-21',Null,Null,'SI NANTES',9686786,6,4),
(1901307,'2019-07-02','2019-07-04',Null,Null,'SOGEBRAS',9142749,3,2),
(1901690,'2019-08-25','2019-08-30',Null,Null,'SI NANTES',9573634,2,4),
(1900174,'2019-01-25','2019-01-28',Null,Null,'TGO',9695466,1,3),
(1902306,'2019-11-15','2019-11-16',Null,Null,'HUMANN T',9112329,1,1),
(1901415,'2019-07-19','2019-07-20',Null,Null,'HUMANN T',9778304,2,3),
(1900857,'2019-05-01','2019-05-03',Null,Null,'WORMS',9885740,2,3),
(1901344,'2019-07-09','2019-07-10',Null,Null,'WORMS',9885740,4,2),
(1900732,'2019-04-13','2019-04-15',Null,Null,'SISA',9885740,1,3),
(1900164,'2019-01-25','2019-01-26',Null,Null,'SISA',9885740,1,1),
(1900910,'2019-05-08','2019-05-16',Null,Null,'SISA',9285430,6,3),
(1900287,'2019-02-12','2019-02-13',Null,Null,'CDT',9238312,3,1),
(1900181,'2019-01-26','2019-01-27',Null,Null,'AGSM',9692512,1,1),
(1902377,'2019-11-20','2019-11-25',Null,Null,'HUMANN T',9842951,4,4),
(1900575,'2019-03-23','2019-03-27',Null,Null,'SISA',9691135,4,3),
(1901215,'2019-06-15','2019-06-22',Null,Null,'SOGEBRAS',9688263,3,2),
(1900966,'2019-05-17','2019-05-25',Null,Null,'TGO',9269864,6,4),
(1902114,'2019-10-22','2019-10-29',Null,Null,'FASA',9881771,4,5),
(1900176,'2019-01-21','2019-02-08',Null,Null,'SISA',9105280,3,1),
(1902554,'2019-12-23','2019-12-25',Null,Null,'HUMANN T',9736409,4,5),
(1902228,'2019-11-05','2019-11-06',Null,Null,'HUMANN T',9842638,5,1),
(1902435,'2019-12-01','2019-12-03',Null,Null,'SISA',9842638,2,4),
(1902038,'2019-10-12','2019-10-16',Null,Null,'SI NANTES',9268034,3,1),
(1901390,'2019-07-15','2019-07-23',Null,Null,'SOGEBRAS',9856006,3,1),
(1902190,'2019-10-30','2020-09-02',Null,Null,'GPM',9440837,2,2),
(1900055,'2019-01-09','2020-05-24',Null,Null,'CDT',9627341,6,3),
(1900452,'2019-03-07','2019-04-03',Null,Null,'CDT',9516099,4,5),
(1900315,'2019-02-15','2019-04-03',Null,Null,'GPM',9779413,1,3),
(1900029,'2019-01-05','2019-01-08',Null,Null,'HUMANN T',9176896,3,1),
(1901031,'2019-05-22','2019-05-27',Null,Null,'SISA',9386028,5,1),
(1900239,'2019-02-06','2019-02-08',Null,Null,'SISA',9386028,6,3),
(1901122,'2019-06-08','2019-06-12',Null,Null,'SISA',9386028,2,2),
(1901799,'2019-09-08','2019-09-12',Null,Null,'SISA',9386028,2,2),
(1901729,'2019-08-31','2019-09-03',Null,Null,'SISA',9386028,4,1),
(1902001,'2019-10-08','2019-10-10',Null,Null,'SISA',9386028,2,2),
(1902208,'2019-11-01','2019-11-04',Null,Null,'SISA',9386028,1,2),
(1902453,'2019-12-04','2019-12-11',Null,Null,'SISA',9386028,2,4),
(1902273,'2019-11-09','2019-11-12',Null,Null,'SISA',9386028,4,4),
(1900522,'2019-03-16','2019-03-18',Null,Null,'HUMANN T',9529765,3,2),
(1900042,'2019-01-05','2019-01-17',Null,Null,'FASA',9564140,2,3),
(1901659,'2019-08-22','2019-08-23',Null,Null,'SI NANTES',9564140,1,2),
(1900911,'2019-05-09','2019-05-11',Null,Null,'SI NANTES',9100654,3,2),
(1901107,'2019-06-06','2019-06-07',Null,Null,'SISA',9914387,2,2),
(1901598,'2019-08-11','2019-08-14',Null,Null,'SISA',9914387,4,5),
(1901322,'2019-06-30','2019-07-08',Null,Null,'SISA',9755180,4,1),
(1901004,'2019-05-22','2019-05-25',Null,Null,'SISA',9755180,1,2),
(1901655,'2019-08-22','2019-08-26',Null,Null,'SISA',9755180,5,2),
(1902292,'2019-11-13','2019-11-16',Null,Null,'SISA',9755180,4,2),
(1901946,'2019-09-27','2019-10-04',Null,Null,'SOGEBRAS',9755180,3,2),
(1901123,'2019-06-08','2019-06-11',Null,Null,'SISA',9968171,2,2),
(1900250,'2019-02-07','2019-02-11',Null,Null,'SISA',9768382,2,3),
(1900919,'2019-05-06','2019-05-13',Null,Null,'SISA',9768382,3,1),
(1901382,'2019-07-14','2019-07-18',Null,Null,'SISA',9768382,3,1),
(1901563,'2019-08-06','2019-08-10',Null,Null,'SISA',9768382,6,4),
(1900453,'2019-03-05','2019-03-12',Null,Null,'SISA',9125626,6,4),
(1901291,'2019-06-30','2019-07-04',Null,Null,'SISA',9125626,1,3),
(1901348,'2019-07-08','2019-07-13',Null,Null,'SISA',9125626,6,1),
(1901863,'2019-09-18','2019-09-21',Null,Null,'SOGEBRAS',9125626,3,1),
(1902548,'2019-12-20','2019-12-26',Null,Null,'SISA',9125626,2,4),
(1902397,'2019-11-21','2019-11-28',Null,Null,'SISA',9125626,2,4),
(1900265,'2019-02-09','2019-02-09',Null,Null,'WORMS',9227209,1,1),
(1900120,'2019-01-18','2019-01-19',Null,Null,'WORMS',9227209,2,2),
(1900067,'2019-01-11','2019-01-12',Null,Null,'WORMS',9227209,1,1),
(1900357,'2019-02-22','2019-02-23',Null,Null,'WORMS',9227209,1,3),
(1900410,'2019-03-01','2019-03-02',Null,Null,'WORMS',9227209,3,1),
(1900460,'2019-03-08','2019-03-09',Null,Null,'WORMS',9227209,2,3),
(1900616,'2019-03-29','2019-03-30',Null,Null,'WORMS',9227209,2,1),
(1900512,'2019-03-15','2019-03-16',Null,Null,'WORMS',9227209,6,2),
(1900774,'2019-04-19','2019-04-19',Null,Null,'WORMS',9227209,6,3),
(1901212,'2019-06-21','2019-06-22',Null,Null,'WORMS',9227209,6,3),
(1901266,'2019-06-28','2019-06-29',Null,Null,'WORMS',9227209,2,3),
(1901371,'2019-07-12','2019-07-12',Null,Null,'WORMS',9227209,2,3),
(1900670,'2019-04-05','2019-04-06',Null,Null,'WORMS',9227209,3,3),
(1900719,'2019-04-12','2019-04-13',Null,Null,'WORMS',9227209,4,4),
(1900783,'2019-04-20','2019-04-20',Null,Null,'WORMS',9227209,6,4),
(1900920,'2019-05-10','2019-05-11',Null,Null,'WORMS',9227209,3,3),
(1900965,'2019-05-17','2019-05-18',Null,Null,'WORMS',9227209,4,1),
(1901664,'2019-08-23','2019-08-24',Null,Null,'WORMS',9227209,6,4),
(1900213,'2019-02-01','2019-02-02',Null,Null,'WORMS',9227209,3,1),
(1900565,'2019-03-22','2019-03-23',Null,Null,'WORMS',9227209,6,3),
(1900872,'2019-05-03','2019-05-04',Null,Null,'WORMS',9227209,4,3),
(1901018,'2019-05-24','2019-05-25',Null,Null,'WORMS',9227209,4,1),
(1901066,'2019-05-31','2019-06-01',Null,Null,'WORMS',9227209,1,3),
(1901114,'2019-06-07','2019-06-07',Null,Null,'WORMS',9227209,3,3),
(1901320,'2019-07-05','2019-07-06',Null,Null,'WORMS',9227209,5,2),
(1901417,'2019-07-19','2019-08-03',Null,Null,'WORMS',9227209,4,2),
(1900257,'2019-02-08','2019-02-08',Null,Null,'WORMS',9227209,2,1),
(1900313,'2019-02-15','2019-02-16',Null,Null,'WORMS',9227209,6,1),
(1900820,'2019-04-26','2019-04-27',Null,Null,'WORMS',9227209,3,3),
(1901166,'2019-06-14','2019-06-15',Null,Null,'WORMS',9227209,1,3),
(1901580,'2019-08-09','2019-08-10',Null,Null,'WORMS',9227209,4,3),
(1901615,'2019-08-16','2019-08-17',Null,Null,'WORMS',9227209,4,1),
(1901715,'2019-08-30','2019-08-31',Null,Null,'WORMS',9227209,3,1),
(1901377,'2019-07-13','2019-07-13',Null,Null,'WORMS',9227209,2,4),
(1902091,'2019-10-19','2019-10-19',Null,Null,'WORMS',9227209,2,2),
(1902504,'2019-12-13','2019-12-14',Null,Null,'WORMS',9227209,4,4),
(1902533,'2019-12-20','2020-01-04',Null,Null,'WORMS',9227209,3,2),
(1901822,'2019-09-13','2019-09-14',Null,Null,'WORMS',9227209,4,2),
(1901971,'2019-10-04','2019-10-05',Null,Null,'WORMS',9227209,3,2),
(1901917,'2019-09-27','2019-09-28',Null,Null,'WORMS',9227209,3,2),
(1902309,'2019-11-15','2019-11-16',Null,Null,'WORMS',9227209,1,2),
(1901766,'2019-09-06','2019-09-07',Null,Null,'WORMS',9227209,2,3),
(1901868,'2019-09-20','2019-09-21',Null,Null,'WORMS',9227209,5,1),
(1902079,'2019-10-18','2019-10-18',Null,Null,'WORMS',9227209,5,1),
(1902412,'2019-11-29','2019-11-30',Null,Null,'WORMS',9227209,2,1),
(1902457,'2019-12-06','2019-12-07',Null,Null,'WORMS',9227209,2,2),
(1900166,'2019-01-25','2019-01-26',Null,Null,'WORMS',9227209,6,3),
(1902195,'2019-11-01','2019-11-02',Null,Null,'WORMS',9227209,2,1),
(1902253,'2019-11-08','2019-11-09',Null,Null,'WORMS',9227209,3,3),
(1902370,'2019-11-22','2019-11-23',Null,Null,'WORMS',9227209,2,2),
(1902027,'2019-10-11','2019-10-11',Null,Null,'WORMS',9227209,5,2),
(1902143,'2019-10-25','2019-10-26',Null,Null,'WORMS',9227209,4,2),
(1900108,'2019-01-16','2019-01-16',Null,Null,'WORMS',9113987,4,4),
(1900351,'2019-02-21','2019-02-24',Null,Null,'WORMS',9113987,1,2),
(1900236,'2019-02-06','2019-02-07',Null,Null,'WORMS',9113987,5,2),
(1900761,'2019-04-17','2019-04-18',Null,Null,'WORMS',9113987,3,1),
(1900972,'2019-05-18','2019-05-28',Null,Null,'WORMS',9113987,2,3),
(1901096,'2019-06-05','2019-06-05',Null,Null,'WORMS',9113987,6,2),
(1901152,'2019-06-12','2019-06-13',Null,Null,'WORMS',9113987,1,1),
(1901378,'2019-07-13','2019-07-13',Null,Null,'WORMS',9113987,3,3),
(1900634,'2019-04-01','2019-04-04',Null,Null,'WORMS',9113987,4,5),
(1901681,'2019-08-25','2019-09-03',Null,Null,'WORMS',9113987,6,4),
(1901844,'2019-09-16','2019-09-17',Null,Null,'WORMS',9113987,3,2),
(1901891,'2019-09-23','2019-09-24',Null,Null,'WORMS',9113987,2,4),
(1902280,'2019-11-11','2019-11-12',Null,Null,'WORMS',9113987,4,2),
(1901938,'2019-09-30','2019-10-01',Null,Null,'WORMS',9113987,6,2),
(1901665,'2019-08-23','2019-08-23',Null,Null,'WORMS',9113987,6,3),
(1901786,'2019-09-09','2019-09-10',Null,Null,'WORMS',9113987,6,2),
(1902165,'2019-10-28','2019-10-29',Null,Null,'WORMS',9113987,2,2),
(1902448,'2019-12-04','2019-12-06',Null,Null,'WORMS',9113987,4,5),
(1901993,'2019-10-07','2019-10-08',Null,Null,'WORMS',9113987,1,3),
(1902333,'2019-11-18','2019-11-24',Null,Null,'WORMS',9113987,2,1),
(1902221,'2019-11-04','2019-11-05',Null,Null,'WORMS',9113987,3,2),
(1902056,'2019-10-15','2019-10-15',Null,Null,'WORMS',9113987,4,4),
(1902107,'2019-10-21','2019-10-22',Null,Null,'WORMS',9113987,2,4),
(1901593,'2019-08-12','2019-08-15',Null,Null,'WORMS',9113987,1,1),
(1901768,'2019-09-06','2019-09-09',Null,Null,'HUMANN T',9573638,4,1),
(1900088,'2019-01-13','2019-01-14',Null,Null,'SISA',9756950,4,3),
(1900583,'2019-03-25','2019-03-26',Null,Null,'SISA',9756950,3,1),
(1900305,'2019-02-14','2019-02-15',Null,Null,'SISA',9756950,6,2),
(1900478,'2019-03-10','2019-03-11',Null,Null,'SISA',9756950,2,4),
(1901442,'2019-07-21','2019-07-23',Null,Null,'SISA',9756950,2,1),
(1902130,'2019-10-23','2019-10-25',Null,Null,'SISA',9756950,2,2),
(1900778,'2019-04-18','2019-04-20',Null,Null,'SISA',9327224,4,5),
(1900808,'2019-04-21','2019-04-25',Null,Null,'SISA',9162517,4,2),
(1901609,'2019-08-10','2019-08-15',Null,Null,'SISA',9162517,4,5),
(1900237,'2019-02-06','2019-02-07',Null,Null,'CMA CGM',9350963,4,2),
(1901461,'2019-07-24','2019-07-26',Null,Null,'CMA CGM',9350963,6,4),
(1901743,'2019-09-04','2019-09-04',Null,Null,'CMA CGM',9350963,6,4),
(1902406,'2019-11-27','2019-11-28',Null,Null,'CMA CGM',9350963,4,2),
(1902065,'2019-10-16','2019-10-17',Null,Null,'CMA CGM',9350963,2,1),
(1901150,'2019-06-12','2019-06-12',Null,Null,'CMA CGM',9350963,3,3),
(1900141,'2019-01-21','2019-01-23',Null,Null,'CMA CGM',9516831,6,4),
(1900443,'2019-03-06','2019-03-06',Null,Null,'CMA CGM',9516831,1,1),
(1900762,'2019-04-17','2019-04-18',Null,Null,'CMA CGM',9516831,1,1),
(1901056,'2019-05-29','2019-05-29',Null,Null,'CMA CGM',9516831,6,3),
(1901646,'2019-08-20','2019-08-21',Null,Null,'CMA CGM',9516831,2,4),
(1902291,'2019-11-13','2019-11-15',Null,Null,'CMA CGM',9516831,3,2),
(1902561,'2019-12-25','2019-12-26',Null,Null,'CMA CGM',9516831,5,2),
(1901955,'2019-10-02','2019-10-03',Null,Null,'CMA CGM',9516831,1,2),
(1901357,'2019-07-10','2019-07-11',Null,Null,'CMA CGM',9516831,2,2),
(1900004,'2019-01-01','2019-01-03',Null,Null,'CMA CGM',9916812,1,1),
(1900296,'2019-02-13','2019-02-14',Null,Null,'CMA CGM',9916812,2,2),
(1900601,'2019-03-27','2019-03-28',Null,Null,'CMA CGM',9916812,2,1),
(1901504,'2019-07-29','2019-07-31',Null,Null,'CMA CGM',9916812,4,3),
(1900902,'2019-05-08','2019-05-08',Null,Null,'CMA CGM',9916812,3,2),
(1901193,'2019-06-18','2019-06-19',Null,Null,'CMA CGM',9916812,3,2),
(1901800,'2019-09-11','2019-09-11',Null,Null,'CMA CGM',9916812,5,2),
(1902119,'2019-10-23','2019-10-24',Null,Null,'CMA CGM',9916812,3,1),
(1902447,'2019-12-04','2019-12-04',Null,Null,'CMA CGM',9916812,4,1),
(1900199,'2019-01-30','2019-01-30',Null,Null,'CMA CGM',9934815,4,3),
(1900510,'2019-03-14','2019-03-15',Null,Null,'CMA CGM',9934815,4,1),
(1900810,'2019-04-24','2019-04-25',Null,Null,'CMA CGM',9934815,4,1),
(1901105,'2019-06-06','2019-06-06',Null,Null,'CMA CGM',9934815,2,3),
(1901703,'2019-08-28','2019-08-28',Null,Null,'CMA CGM',9934815,3,1),
(1902006,'2019-10-08','2019-10-09',Null,Null,'CMA CGM',9934815,2,4),
(1902352,'2019-11-20','2019-11-20',Null,Null,'CMA CGM',9934815,2,2),
(1900350,'2019-02-21','2019-02-21',Null,Null,'CMA CGM',9247734,4,5),
(1901250,'2019-06-26','2019-06-27',Null,Null,'CMA CGM',9247734,6,1),
(1901566,'2019-08-07','2019-08-07',Null,Null,'CMA CGM',9247734,6,3),
(1900650,'2019-04-03','2019-04-03',Null,Null,'CMA CGM',9247734,1,1),
(1900957,'2019-05-15','2019-05-16',Null,Null,'CMA CGM',9247734,5,2),
(1901855,'2019-09-18','2019-09-18',Null,Null,'CMA CGM',9247734,4,1),
(1902173,'2019-10-29','2019-10-30',Null,Null,'CMA CGM',9247734,6,4),
(1902488,'2019-12-11','2019-12-13',Null,Null,'CMA CGM',9247734,6,4),
(1900054,'2019-01-09','2019-01-10',Null,Null,'CMA CGM',9247734,1,2),
(1900979,'2019-05-18','2019-05-19',Null,Null,'CMA CGM',9723378,6,1),
(1901393,'2019-07-15','2019-07-16',Null,Null,'CMA CGM',9723378,3,2),
(1900792,'2019-04-21','2019-04-22',Null,Null,'CMA CGM',9723378,6,3),
(1901679,'2019-08-25','2019-08-26',Null,Null,'CMA CGM',9723378,6,4),
(1900574,'2019-03-23','2019-03-24',Null,Null,'CMA CGM',9723378,6,2),
(1901182,'2019-06-16','2019-06-17',Null,Null,'CMA CGM',9723378,4,4),
(1902326,'2019-11-17','2019-11-18',Null,Null,'CMA CGM',9723378,2,2),
(1902585,'2019-12-30','2019-12-31',Null,Null,'CMA CGM',9723378,4,5),
(1900382,'2019-02-25','2019-02-26',Null,Null,'CMA CGM',9723378,2,4),
(1901991,'2019-10-07','2019-10-07',Null,Null,'CMA CGM',9723378,1,2),
(1901730,'2019-09-01','2019-09-02',Null,Null,'CMA CGM',9953808,1,1),
(1902387,'2019-11-24','2019-11-25',Null,Null,'CMA CGM',9953808,6,1),
(1902046,'2019-10-13','2019-10-15',Null,Null,'CMA CGM',9953808,5,1),
(1901296,'2019-07-01','2019-07-02',Null,Null,'CMA CGM',9669553,4,3),
(1901885,'2019-09-22','2019-09-23',Null,Null,'CMA CGM',9669553,4,3),
(1902220,'2019-11-04','2019-11-05',Null,Null,'CMA CGM',9669553,2,2),
(1901494,'2019-07-28','2019-07-30',Null,Null,'CMA CGM',9442396,2,4),
(1901781,'2019-09-08','2019-09-09',Null,Null,'CMA CGM',9442396,6,4),
(1902101,'2019-10-20','2019-10-21',Null,Null,'CMA CGM',9442396,5,1),
(1902428,'2019-12-01','2019-12-02',Null,Null,'CMA CGM',9442396,5,2),
(1900184,'2019-01-26','2019-01-28',Null,Null,'CMA CGM',9557929,1,3),
(1900834,'2019-04-28','2019-04-29',Null,Null,'CMA CGM',9557929,2,2),
(1901036,'2019-05-26','2019-05-26',Null,Null,'CMA CGM',9557929,4,2),
(1900626,'2019-03-30','2019-03-31',Null,Null,'CMA CGM',9557929,1,1),
(1900427,'2019-03-03','2019-03-03',Null,Null,'CMA CGM',9557929,4,3),
(1901440,'2019-07-21','2019-07-22',Null,Null,'CMA CGM',9384817,1,1),
(1901227,'2019-06-23','2019-06-23',Null,Null,'CMA CGM',9601503,6,1),
(1900496,'2019-03-12','2019-03-13',Null,Null,'CMA CGM',9727434,5,2),
(1900084,'2019-01-12','2019-01-13',Null,Null,'CMA CGM',9727434,6,4),
(1900271,'2019-02-10','2019-02-11',Null,Null,'CMA CGM',9727434,2,2),
(1900223,'2019-02-03','2019-02-03',Null,Null,'CMA CGM',9587184,5,2),
(1900032,'2019-01-06','2019-01-07',Null,Null,'CMA CGM',9587184,1,2),
(1900393,'2019-02-27','2019-02-27',Null,Null,'CMA CGM',9323526,2,3),
(1900705,'2019-04-10','2019-04-11',Null,Null,'CMA CGM',9323526,6,1),
(1901005,'2019-05-22','2019-05-22',Null,Null,'CMA CGM',9323526,3,3),
(1901603,'2019-08-14','2019-08-15',Null,Null,'CMA CGM',9323526,2,3),
(1902232,'2019-11-06','2019-11-06',Null,Null,'CMA CGM',9323526,4,3),
(1901308,'2019-07-03','2019-07-04',Null,Null,'CMA CGM',9323526,4,1),
(1901903,'2019-09-25','2019-09-26',Null,Null,'CMA CGM',9323526,6,1),
(1900886,'2019-05-04','2019-05-05',Null,Null,'WORMS',9437545,6,4),
(1901611,'2019-08-13','2019-08-27',Null,Null,'AGENA TR',9209542,4,3),
(1901796,'2019-09-10','2019-09-12',Null,Null,'SOGEBRAS',9939269,3,2),
(1902278,'2019-11-10','2019-11-12',Null,Null,'SISA',9664831,4,5),
(1900530,'2019-03-14','2019-03-20',Null,Null,'AGSM',9583705,1,3),
(1901600,'2019-08-12','2019-08-19',Null,Null,'AGSM',9583705,2,3),
(1900219,'2019-02-02','2019-02-05',Null,Null,'AGSM',9773821,6,4),
(1900390,'2019-02-26','2019-02-28',Null,Null,'SISA',9983487,3,1),
(1900701,'2019-04-09','2019-04-11',Null,Null,'SISA',9983487,4,3),
(1901038,'2019-05-17','2019-05-27',Null,Null,'SISA',9983487,3,3),
(1900280,'2019-02-06','2019-02-13',Null,Null,'SISA',9983487,6,1),
(1900858,'2019-05-01','2019-05-03',Null,Null,'SISA',9983487,2,3),
(1901282,'2019-06-30','2019-07-03',Null,Null,'SOGEBRAS',9716475,6,4),
(1901792,'2019-09-07','2019-09-12',Null,Null,'SI NANTES',9716475,4,1),
(1901484,'2019-07-25','2019-07-31',Null,Null,'FASA',9716475,3,1),
(1902381,'2019-11-23','2019-11-30',Null,Null,'SOGEBRAS',9716475,3,1),
(1901676,'2019-08-24','2019-08-29',Null,Null,'SOGEBRAS',9716475,2,4),
(1900424,'2019-03-01','2019-03-05',Null,Null,'HUMANN T',9974553,5,2),
(1900459,'2019-03-08','2019-03-10',Null,Null,'HUMANN T',9974553,1,3),
(1900191,'2019-01-28','2019-01-31',Null,Null,'SOGEBRAS',9366584,4,3),
(1900963,'2019-05-17','2019-05-20',Null,Null,'TGO',9327347,4,4),
(1900619,'2019-03-29','2019-04-04',Null,Null,'FASA',9837293,4,2),
(1900260,'2019-01-29','2019-02-15',Null,Null,'STOCALOIRE',9837293,3,1),
(1900078,'2019-01-12','2019-01-18',Null,Null,'SOGEBRAS',9608832,3,2),
(1901070,'2019-06-01','2019-06-08',Null,Null,'SOGEBRAS',9608832,5,2),
(1900301,'2019-02-13','2019-02-19',Null,Null,'SOGEBRAS',9608832,6,2),
(1901942,'2019-09-29','2019-10-04',Null,Null,'SOGEBRAS',9608832,3,1),
(1901625,'2019-08-17','2019-08-19',Null,Null,'FASA',9608832,4,1),
(1902025,'2019-10-10','2019-10-11',Null,Null,'SI NANTES',9608832,4,3),
(1900741,'2019-04-14','2019-04-20',Null,Null,'SOGEBRAS',9608832,6,2),
(1900941,'2019-05-12','2019-05-13',Null,Null,'SISA',9977239,2,2),
(1900905,'2019-05-08','2019-05-09',Null,Null,'SISA',9977239,3,1),
(1901093,'2019-06-03','2019-06-05',Null,Null,'SISA',9977239,4,2),
(1901560,'2019-08-06','2019-08-07',Null,Null,'SISA',9977239,6,3),
(1901500,'2019-07-29','2019-07-30',Null,Null,'SISA',9977239,3,2),
(1901622,'2019-08-16','2019-08-19',Null,Null,'SISA',9977239,5,2),
(1902386,'2019-11-23','2019-11-28',Null,Null,'HUMANN T',9977239,5,1),
(1902560,'2019-12-25','2019-12-26',Null,Null,'SISA',9977239,1,3),
(1900988,'2019-05-20','2019-05-20',Null,Null,'SISA',9977239,4,5),
(1901356,'2019-07-10','2019-07-11',Null,Null,'SISA',9977239,4,5),
(1900578,'2019-03-24','2019-03-25',Null,Null,'SISA',9699493,4,5),
(1900172,'2019-01-25','2019-01-30',Null,Null,'SI NANTES',9147192,5,2),
(1901287,'2019-06-30','2019-07-01',Null,Null,'SISA',9147192,3,1),
(1902297,'2019-11-14','2019-11-20',Null,Null,'SOGEBRAS',9159172,4,1),
(1900264,'2019-02-07','2019-02-12',Null,Null,'TGO',9927081,6,2),
(2000049,'2019-12-27','2020-02-01',Null,Null,'SISA',9894804,5,1),
(1902551,'2019-12-24','2019-12-24',Null,Null,'HUMANN T',9393374,5,2),
(2000002,'2019-12-29','2020-01-01',Null,Null,'HUMANN T',9393374,4,1),
(1902452,'2019-12-02','2019-12-05',Null,Null,'HUMANN T',9393374,1,3),
(1902270,'2019-11-10','2019-11-10',Null,Null,'HUMANN T',9393374,4,1),
(1900418,'2019-02-28','2019-03-02',Null,Null,'HUMANN T',9393374,5,1),
(1901079,'2019-06-02','2019-06-04',Null,Null,'FASA',9799375,3,3),
(1900534,'2019-03-18','2019-03-20',Null,Null,'SOGEBRAS',9724305,2,3),
(1900242,'2019-02-06','2019-02-07',Null,Null,'SI NANTES',9980210,1,3),
(1900755,'2019-04-17','2019-04-19',Null,Null,'HUMANN T',9342046,4,1),
(1901100,'2019-06-05','2019-06-07',Null,Null,'SISA',9342046,6,4),
(1900031,'2019-01-05','2019-01-07',Null,Null,'SISA',9314424,4,5),
(1901642,'2019-08-19','2019-08-20',Null,Null,'CMA CGM',9578020,1,1),
(1901935,'2019-09-29','2019-09-30',Null,Null,'CMA CGM',9578020,6,1),
(1902275,'2019-11-10','2019-11-11',Null,Null,'CMA CGM',9578020,6,1),
(1901582,'2019-08-09','2019-08-12',Null,Null,'CMA CGM',9912036,5,1),
(1901835,'2019-09-15','2019-09-16',Null,Null,'CMA CGM',9912036,1,2),
(1902159,'2019-10-27','2019-10-29',Null,Null,'CMA CGM',9912036,4,4),
(1902476,'2019-12-08','2019-12-10',Null,Null,'CMA CGM',9912036,6,2),
(1902582,'2019-12-28','2020-01-03',Null,Null,'STOCALOIRE',9522447,4,3),
(1901940,'2019-09-30','2019-09-30',Null,Null,'WORMS',9543763,2,3),
(1900992,'2019-05-20','2019-05-25',Null,Null,'TGO',9192951,4,1),
(1902304,'2019-11-14','2019-11-18',Null,Null,'STOCALOIRE',9191492,4,2),
(1901294,'2019-06-30','2019-08-01',Null,Null,'CLT',9800844,2,2),
(1901914,'2019-09-26','2019-09-28',Null,Null,'CLT',9800844,6,1),
(1901910,'2019-09-24','2019-09-29',Null,Null,'HUMANN T',9364538,4,2),
(1902562,'2019-12-26','2019-12-28',Null,Null,'SISA',9516367,6,4),
(1900518,'2019-03-08','2019-03-21',Null,Null,'FASA',9112593,4,3),
(1901240,'2019-06-25','2019-06-26',Null,Null,'SISA',9696671,1,2),
(1902288,'2019-11-13','2019-11-14',Null,Null,'SISA',9696671,2,2),
(1900724,'2019-04-11','2019-04-16',Null,Null,'SISA',9621975,6,3),
(1902085,'2019-10-18','2019-10-22',Null,Null,'SI NANTES',9344293,4,3),
(1901260,'2019-06-27','2019-06-29',Null,Null,'SOGEBRAS',9940674,1,1),
(1900341,'2019-02-19','2019-02-20',Null,Null,'WORMS',9940674,1,1),
(1901929,'2019-09-27','2019-10-01',Null,Null,'WORMS',9940674,5,1),
(1900046,'2019-01-07','2019-01-10',Null,Null,'TGO',9761942,6,1),
(1900081,'2019-01-12','2019-01-17',Null,Null,'WORMS',9478027,6,3),
(1902207,'2019-11-02','2019-11-08',Null,Null,'SI NANTES',9433596,2,1),
(1900533,'2019-03-18','2019-03-18',Null,Null,'WORMS',9786727,6,3),
(1901641,'2019-08-19','2019-08-23',Null,Null,'SISA',9786727,5,2),
(1901660,'2019-08-22','2019-08-24',Null,Null,'WORMS',9868787,1,2),
(1900569,'2019-03-22','2019-03-26',Null,Null,'SOGEBRAS',9588409,3,2),
(1902505,'2019-12-13','2019-12-20',Null,Null,'TGO',9758408,6,2),
(1901773,'2019-09-03','2019-09-07',Null,Null,'SI NANTES',9306133,3,1),
(1902267,'2019-11-08','2019-11-13',Null,Null,'FASA',9581126,1,3),
(1902506,'2019-12-14','2019-12-16',Null,Null,'WORMS',9259073,4,4),
(1902237,'2019-11-05','2019-11-07',Null,Null,'SISA',9600673,6,4),
(1902031,'2019-10-11','2019-10-11',Null,Null,'CDT',9498696,1,2),
(1901845,'2019-09-16','2019-09-16',Null,Null,'CDT',9498696,1,1),
(1902413,'2019-11-29','2019-11-29',Null,Null,'CDT',9943718,4,4),
(1902115,'2019-10-22','2019-10-23',Null,Null,'CDT',9943718,1,1),
(1900998,'2019-05-21','2019-05-22',Null,Null,'CDT',9562219,2,3),
(1901247,'2019-06-26','2019-06-26',Null,Null,'CDT',9562219,3,3),
(1900656,'2019-04-03','2019-04-04',Null,Null,'CDT',9494050,4,2),
(1900898,'2019-05-07','2019-05-07',Null,Null,'CDT',9494050,1,2),
(1900232,'2019-02-05','2019-02-05',Null,Null,'CDT',9813395,1,2),
(1900158,'2019-01-24','2019-01-25',Null,Null,'CDT',9813395,6,4),
(1900286,'2019-02-12','2019-02-13',Null,Null,'CDT',9956054,4,4),
(1900462,'2019-03-08','2019-03-08',Null,Null,'CDT',9956054,5,2),
(1902182,'2019-10-22','2019-11-01',Null,Null,'SISA',9878658,4,4),
(1901616,'2019-08-15','2019-08-18',Null,Null,'SISA',9822207,1,1),
(1900785,'2019-04-20','2019-04-21',Null,Null,'SOGEBRAS',9189386,2,4),
(1900037,'2019-01-05','2019-01-09',Null,Null,'SISA',9899764,3,1),
(1900509,'2019-03-14','2019-03-15',Null,Null,'SISA',9899764,2,3),
(1900448,'2019-03-01','2019-03-08',Null,Null,'SISA',9899764,2,4),
(1900918,'2019-05-09','2019-05-13',Null,Null,'SISA',9899764,2,4),
(1901498,'2019-07-28','2019-07-30',Null,Null,'SISA',9899764,4,4),
(1901133,'2019-06-09','2019-06-12',Null,Null,'SISA',9899764,1,3),
(1902516,'2019-12-16','2019-12-23',Null,Null,'FASA',9834420,6,1),
(1900389,'2019-02-26','2019-02-28',Null,Null,'SI NANTES',9607924,3,2),
(1900339,'2019-02-18','2019-02-20',Null,Null,'SI NANTES',9430188,6,1),
(1900675,'2019-04-06','2019-04-07',Null,Null,'SISA',9728569,3,3),
(1900991,'2019-05-20','2019-05-23',Null,Null,'SISA',9194925,3,3),
(1901323,'2019-07-05','2019-07-06',Null,Null,'SISA',9194925,6,1),
(1901436,'2019-07-20','2019-07-21',Null,Null,'SISA',9194925,6,2),
(1902567,'2019-12-27','2019-12-27',Null,Null,'SISA',9194925,4,3),
(1902416,'2019-11-29','2019-11-30',Null,Null,'SISA',9194925,3,2),
(1900895,'2019-05-06','2019-05-07',Null,Null,'SISA',9194925,2,4),
(1901623,'2019-08-08','2019-08-18',Null,Null,'HUMANN T',9898132,2,1),
(1901724,'2019-08-31','2019-09-01',Null,Null,'HUMANN T',9898132,4,5),
(1900823,'2019-04-26','2019-04-29',Null,Null,'SOGEBRAS',9944662,1,3),
(1900306,'2019-02-14','2019-02-16',Null,Null,'SOGEBRAS',9543028,6,2),
(1902407,'2019-11-27','2019-11-30',Null,Null,'SOGEBRAS',9981855,4,5),
(1901588,'2019-08-10','2019-08-12',Null,Null,'SISA',9975850,2,1),
(1901372,'2019-07-12','2019-07-19',Null,Null,'STOCALOIRE',9644876,2,4),
(1902364,'2019-11-21','2019-11-27',Null,Null,'SI NANTES',9595857,3,3),
(1900837,'2019-04-22','2019-05-02',Null,Null,'SISA',9344723,3,3),
(1900247,'2019-02-07','2019-02-08',Null,Null,'SISA',9988928,3,1),
(1900373,'2019-02-23','2019-02-24',Null,Null,'WORMS',9829480,3,2),
(1902040,'2019-10-13','2019-10-13',Null,Null,'WORMS',9829480,6,3),
(1900922,'2019-05-03','2019-05-11',Null,Null,'WORMS',9920151,1,2),
(1901305,'2019-07-02','2019-07-04',Null,Null,'WORMS',9920151,4,5),
(1901617,'2019-08-16','2019-08-17',Null,Null,'WORMS',9920151,6,1),
(1901596,'2019-08-07','2019-08-13',Null,Null,'SISA',9920151,6,2),
(1902527,'2019-12-18','2019-12-20',Null,Null,'WORMS',9920151,4,5),
(1900308,'2019-01-29','2019-02-22',Null,Null,'FASA',9182153,1,2),
(1900558,'2019-03-21','2019-03-21',Null,Null,'WORMS',9291631,1,2),
(1902212,'2019-11-02','2019-11-08',Null,Null,'TGO',9443218,2,4),
(1902458,'2019-12-06','2019-12-06',Null,Null,'FASA',9362743,4,4),
(1901428,'2019-07-17','2019-07-25',Null,Null,'SI NANTES',9445211,6,4),
(1902172,'2019-10-26','2019-11-05',Null,Null,'SI NANTES',9445211,6,2),
(1900492,'2019-03-02','2019-03-15',Null,Null,'FASA',9925962,1,2),
(1900177,'2019-01-14','2019-02-01',Null,Null,'HUMANN T',9111217,2,2),
(1901384,'2019-07-07','2019-07-16',Null,Null,'SISA',9126345,3,3),
(1902204,'2019-10-31','2019-11-05',Null,Null,'SI NANTES',9351424,6,2),
(1901541,'2019-08-03','2019-08-07',Null,Null,'TGO',9530511,6,2),
(1900740,'2019-04-14','2019-04-18',Null,Null,'SOGEBRAS',9211268,5,1),
(1900285,'2019-02-11','2019-02-22',Null,Null,'STOCALOIRE',9494079,4,3),
(1900027,'2019-01-04','2019-01-07',Null,Null,'AGENA TR',9842072,4,3),
(1900487,'2019-03-11','2019-03-13',Null,Null,'SOGEBRAS',9232109,3,1),
(1902409,'2019-11-28','2019-12-02',Null,Null,'HUMANN T',9889715,2,2),
(1900889,'2019-05-03','2019-05-07',Null,Null,'SISA',9869449,5,2),
(1900146,'2019-01-23','2019-01-24',Null,Null,'SISA',9869449,4,1),
(1901810,'2019-09-07','2019-09-22',Null,Null,'HUMANN T',9761287,6,4),
(1901752,'2019-09-04','2019-09-05',Null,Null,'TGO',9543445,2,3),
(1901761,'2019-09-05','2019-09-06',Null,Null,'SOGEBRAS',9488418,1,2),
(1901751,'2019-09-04','2019-09-09',Null,Null,'SISA',9108198,6,2),
(1900830,'2019-04-27','2019-04-30',Null,Null,'SI NANTES',9540992,6,3),
(1902176,'2019-10-27','2019-10-30',Null,Null,'STOCALOIRE',9540992,4,3),
(1900683,'2019-04-06','2019-04-09',Null,Null,'SISA',9609491,6,1),
(1901704,'2019-08-26','2019-08-30',Null,Null,'SISA',9609491,6,1),
(1902535,'2019-12-20','2019-12-25',Null,Null,'SISA',9609491,2,2),
(1900884,'2019-04-29','2019-05-06',Null,Null,'SISA',9599127,3,3),
(1901326,'2019-06-29','2019-07-11',Null,Null,'SISA',9599127,4,3),
(1901539,'2019-08-03','2019-08-08',Null,Null,'SISA',9599127,5,2),
(1901840,'2019-09-13','2019-09-17',Null,Null,'SISA',9599127,2,3),
(1901444,'2019-07-18','2019-07-26',Null,Null,'SISA',9599127,4,2),
(1901735,'2019-08-30','2019-09-09',Null,Null,'SISA',9599127,3,2),
(1901459,'2019-07-24','2019-07-24',Null,Null,'WORMS',9612663,6,1),
(1900874,'2019-05-03','2019-06-11',Null,Null,'GPM',9445104,3,1),
(1901658,'2019-08-22','2019-10-08',Null,Null,'CDT',9445104,6,2),
(1901089,'2019-05-29','2019-06-05',Null,Null,'WORMS',9299639,5,2),
(1902005,'2019-10-08','2019-10-17',Null,Null,'TGO',9904111,2,4),
(1902181,'2019-10-30','2019-10-31',Null,Null,'AGSM',9603730,4,2),
(1902583,'2019-12-30','2019-12-31',Null,Null,'AGSM',9603730,6,2),
(1901237,'2019-06-24','2019-06-27',Null,Null,'STOCALOIRE',9259934,4,1),
(1901523,'2019-07-31','2019-08-02',Null,Null,'SI NANTES',9109053,4,5),
(1901039,'2019-05-26','2019-05-27',Null,Null,'STOCALOIRE',9437998,4,4),
(1900018,'2019-01-03','2019-01-07',Null,Null,'STOCALOIRE',9428343,4,2),
(1901161,'2019-06-10','2019-06-15',Null,Null,'STOCALOIRE',9428343,6,3),
(1901789,'2019-08-25','2019-09-11',Null,Null,'SISA',9173579,2,2),
(1901352,'2019-07-08','2019-07-12',Null,Null,'SISA',9932808,1,3),
(1901807,'2019-09-11','2019-09-13',Null,Null,'SISA',9932808,2,2),
(1901738,'2019-09-02','2019-09-05',Null,Null,'SISA',9221222,1,1),
(1901405,'2019-07-14','2019-07-19',Null,Null,'HUMANN T',9808235,6,4),
(1900494,'2019-03-11','2019-03-13',Null,Null,'HUMANN T',9889621,5,1),
(1901270,'2019-06-28','2019-06-30',Null,Null,'SISA',9371518,5,2),
(1901140,'2019-06-08','2019-06-13',Null,Null,'SI NANTES',9662597,1,1),
(1902082,'2019-10-18','2019-10-20',Null,Null,'SISA',9662597,2,3),
(1902146,'2019-10-25','2019-11-19',Null,Null,'CDT',9444981,6,4),
(1902347,'2019-11-19','2019-12-30',Null,Null,'CDT',9444981,4,4),
(1901402,'2019-07-12','2019-07-22',Null,Null,'FASA',9185182,4,2),
(1901267,'2019-06-28','2019-07-15',Null,Null,'CDT',9701644,3,3),
(1900153,'2019-01-24','2019-01-24',Null,Null,'SOMALOIR',9511170,2,3),
(1900959,'2019-05-15','2019-05-16',Null,Null,'SOMALOIR',9511170,4,1),
(1901060,'2019-05-30','2019-05-30',Null,Null,'SOMALOIR',9511170,3,3),
(1901145,'2019-06-11','2019-06-13',Null,Null,'SOMALOIR',9511170,4,5),
(1901359,'2019-07-10','2019-07-11',Null,Null,'SOMALOIR',9511170,6,3),
(1900346,'2019-02-20','2019-02-21',Null,Null,'SOMALOIR',9511170,1,1),
(1900662,'2019-04-04','2019-04-04',Null,Null,'SOMALOIR',9511170,2,1),
(1900861,'2019-05-01','2019-05-02',Null,Null,'SOMALOIR',9511170,6,2),
(1901255,'2019-06-27','2019-06-27',Null,Null,'SOMALOIR',9511170,2,1),
(1901466,'2019-07-25','2019-07-25',Null,Null,'SOMALOIR',9511170,1,1),
(1900555,'2019-03-20','2019-03-21',Null,Null,'SOMALOIR',9511170,5,1),
(1902135,'2019-10-24','2019-10-24',Null,Null,'SOMALOIR',9511170,4,3),
(1902021,'2019-10-10','2019-10-10',Null,Null,'SOMALOIR',9511170,6,3),
(1900263,'2019-02-08','2019-02-09',Null,Null,'SOMALOIR',9511170,2,3),
(1900764,'2019-04-17','2019-04-18',Null,Null,'SOMALOIR',9511170,2,1),
(1900698,'2019-04-09','2019-04-11',Null,Null,'SISA',9455459,3,2),
(1902443,'2019-12-01','2019-12-05',Null,Null,'SISA',9453061,3,1),
(1900950,'2019-05-14','2019-05-15',Null,Null,'SI NANTES',9865636,4,4),
(1900216,'2019-02-01','2019-02-07',Null,Null,'WORMS',9285176,2,3),
(1900377,'2019-02-23','2019-03-01',Null,Null,'SISA',9176551,5,1),
(1901695,'2019-08-24','2019-09-05',Null,Null,'FASA',9693194,6,4),
(1900010,'2019-01-02','2019-01-04',Null,Null,'SISA',9611824,4,1),
(1901345,'2019-07-05','2019-07-10',Null,Null,'SISA',9600974,3,2),
(1902105,'2019-10-21','2019-10-22',Null,Null,'SISA',9600974,5,1),
(1902556,'2019-12-24','2019-12-26',Null,Null,'SISA',9578040,4,2),
(1901508,'2019-07-29','2019-07-31',Null,Null,'HUMANN T',9155074,3,1),
(1901809,'2019-09-12','2019-09-14',Null,Null,'FASA',9323509,2,3),
(1901977,'2019-10-04','2019-10-05',Null,Null,'HUMANN T',9178214,6,2),
(1901021,'2019-05-24','2019-05-25',Null,Null,'FASA',9451635,4,2),
(1900758,'2019-04-17','2019-04-18',Null,Null,'HUMANN T',9220374,2,2),
(1902013,'2019-10-09','2019-10-10',Null,Null,'HUMANN T',9220374,5,2),
(1901570,'2019-08-07','2019-08-19',Null,Null,'FASA',9762713,1,1),
(1900962,'2019-05-17','2019-05-20',Null,Null,'TGO',9375238,2,2),
(1900015,'2019-01-02','2019-01-03',Null,Null,'SOMALOIR',9781270,3,3),
(1901521,'2019-08-01','2019-08-01',Null,Null,'SOMALOIR',9781270,4,5),
(1900912,'2019-05-09','2019-05-09',Null,Null,'SOMALOIR',9781270,3,3),
(1901310,'2019-07-04','2019-07-04',Null,Null,'SOMALOIR',9781270,2,2),
(1901102,'2019-06-06','2019-06-06',Null,Null,'SOMALOIR',9781270,3,1),
(1901806,'2019-09-12','2019-09-12',Null,Null,'SOMALOIR',9781270,4,5),
(1901961,'2019-10-03','2019-10-03',Null,Null,'SOMALOIR',9781270,4,4),
(1902186,'2019-10-30','2019-10-31',Null,Null,'SOMALOIR',9781270,3,3),
(1900554,'2019-03-18','2019-03-26',Null,Null,'AGENA TR',9590131,5,2),
(1901509,'2019-07-30','2019-08-02',Null,Null,'SOGEBRAS',9180454,2,1),
(1901697,'2019-08-27','2019-09-28',Null,Null,'CLT',9395768,4,4),
(1900001,'2019-01-01','2019-01-02',Null,Null,'HUMANN T',9457705,3,2),
(1902104,'2019-10-20','2019-10-23',Null,Null,'HUMANN T',9995895,5,1),
(1901332,'2019-07-07','2019-07-09',Null,Null,'HUMANN T',9515699,4,5),
(1901275,'2019-06-29','2019-07-01',Null,Null,'HUMANN T',9557496,2,4),
(1901780,'2019-09-07','2019-09-11',Null,Null,'SISA',9391619,1,1),
(1902342,'2019-11-16','2019-11-24',Null,Null,'SISA',9391619,2,3),
(1900366,'2019-02-20','2019-02-26',Null,Null,'SISA',9432430,5,2),
(1900973,'2019-05-18','2019-05-24',Null,Null,'SOGEBRAS',9221727,3,3),
(1900135,'2019-01-19','2019-01-22',Null,Null,'HUMANN T',9357446,3,1),
(1901828,'2019-09-11','2019-09-15',Null,Null,'HUMANN T',9357446,1,2),
(1901670,'2019-08-20','2019-08-25',Null,Null,'HUMANN T',9357446,4,3),
(1900419,'2019-02-28','2019-03-03',Null,Null,'HUMANN T',9357446,4,2),
(1900311,'2019-02-11','2019-02-16',Null,Null,'HUMANN T',9357446,3,3),
(1900065,'2019-01-08','2019-01-12',Null,Null,'HUMANN T',9303422,3,2),
(1900361,'2019-02-19','2019-02-23',Null,Null,'HUMANN T',9303422,5,2),
(1902571,'2019-12-26','2019-12-29',Null,Null,'HUMANN T',9303422,2,1),
(1902494,'2019-12-11','2019-12-12',Null,Null,'HUMANN T',9303422,6,3),
(1902530,'2019-12-19','2019-12-21',Null,Null,'HUMANN T',9303422,6,2),
(1900827,'2019-04-21','2019-04-28',Null,Null,'HUMANN T',9303422,6,1),
(1902240,'2019-11-06','2019-11-09',Null,Null,'HUMANN T',9815893,6,3),
(1901583,'2019-08-09','2019-08-12',Null,Null,'SOGEBRAS',9765207,6,3),
(1900401,'2019-02-27','2019-03-01',Null,Null,'SOGEBRAS',9102533,3,1),
(1901187,'2019-06-17','2019-06-19',Null,Null,'FASA',9760783,3,3),
(1902161,'2019-10-27','2019-10-29',Null,Null,'SOGEBRAS',9760783,2,2),
(1900768,'2019-04-17','2019-04-19',Null,Null,'WORMS',9880275,5,1),
(1902398,'2019-11-26','2019-11-28',Null,Null,'WORMS',9880275,2,4),
(1902249,'2019-11-07','2019-11-10',Null,Null,'WORMS',9880275,4,1),
(1900855,'2019-05-01','2019-05-03',Null,Null,'SOGEBRAS',9931970,4,2),
(1900208,'2019-01-31','2019-02-06',Null,Null,'SOGEBRAS',9474401,5,1),
(1900224,'2019-02-03','2019-02-04',Null,Null,'SISA',9275619,6,2),
(1901778,'2019-09-07','2019-09-09',Null,Null,'WORMS',9751672,3,1),
(1902575,'2019-12-27','2019-12-31',Null,Null,'HUMANN T',9795530,3,3),
(1902486,'2019-12-10','2019-12-16',Null,Null,'TGO',9969030,3,1),
(1900760,'2019-04-14','2019-04-18',Null,Null,'HUMANN T',9254157,6,1),
(1900121,'2019-01-18','2019-01-21',Null,Null,'SISA',9683278,1,3),
(1900625,'2019-03-30','2019-04-05',Null,Null,'HUMANN T',9353273,3,2),
(1902557,'2019-12-25','2019-12-28',Null,Null,'SOGEBRAS',9695652,6,1),
(1900594,'2019-03-26','2019-03-29',Null,Null,'TGO',9313467,2,4),
(1900593,'2019-03-26','2019-03-29',Null,Null,'TGO',9347123,1,2),
(1901389,'2019-07-14','2019-07-16',Null,Null,'HUMANN T',9717527,2,4),
(1901998,'2019-10-07','2019-10-09',Null,Null,'HUMANN T',9717527,4,1),
(1901556,'2019-07-25','2019-08-07',Null,Null,'SISA',9736823,1,2),
(1900506,'2019-03-13','2019-03-17',Null,Null,'SI NANTES',9274654,6,4),
(1902323,'2019-11-17','2019-11-18',Null,Null,'SOGEBRAS',9222162,2,4),
(1900648,'2019-04-01','2019-04-04',Null,Null,'SISA',9531759,3,1),
(1901046,'2019-05-27','2019-05-30',Null,Null,'SISA',9474884,3,1),
(1900699,'2019-04-09','2019-04-10',Null,Null,'SISA',9226572,5,1),
(1901116,'2019-06-06','2019-06-08',Null,Null,'SISA',9226572,2,1),
(1900797,'2019-04-22','2019-04-23',Null,Null,'SISA',9226572,2,1),
(1902478,'2019-12-08','2019-12-16',Null,Null,'SISA',9107098,1,3),
(1902523,'2019-12-18','2019-12-25',Null,Null,'SISA',9107098,2,1),
(1902581,'2019-12-28','2019-12-30',Null,Null,'SISA',9107098,4,4),
(1902295,'2019-11-13','2019-11-15',Null,Null,'SISA',9107098,4,1),
(1902350,'2019-11-19','2019-12-03',Null,Null,'SISA',9107098,2,3),
(1902203,'2019-11-01','2019-11-10',Null,Null,'SISA',9107098,4,3),
(1900420,'2019-03-02','2019-03-02',Null,Null,'WORMS',9119921,2,3),
(1902594,'2019-12-31','2020-01-01',Null,Null,'SOGEBRAS',9580594,6,2),
(1901016,'2019-05-23','2019-05-30',Null,Null,'STOCALOIRE',9580594,4,3),
(1900652,'2019-04-02','2019-04-05',Null,Null,'SI NANTES',9196498,4,2),
(1900384,'2019-02-25','2019-02-26',Null,Null,'AGENA TR',9294201,6,1),
(1901336,'2019-07-07','2019-07-17',Null,Null,'WORMS',9368634,5,1),
(1901555,'2019-08-05','2019-08-06',Null,Null,'WORMS',9571890,6,1),
(1900643,'2019-04-02','2019-04-02',Null,Null,'WORMS',9625406,1,2),
(2000001,'2019-12-31','2020-01-07',Null,Null,'WORMS',9600023,5,1),
(1900025,'2019-01-03','2019-01-10',Null,Null,'SOGEBRAS',9939897,2,1),
(1900526,'2019-03-16','2019-04-14',Null,Null,'CLT',9430879,2,4),
(1901330,'2019-07-07','2019-07-08',Null,Null,'SISA',9529944,3,3),
(1902368,'2019-11-21','2019-11-23',Null,Null,'HUMANN T',9357951,1,1),
(1900251,'2019-02-07','2019-02-12',Null,Null,'CDT',9411485,6,4),
(1901880,'2019-09-21','2019-10-01',Null,Null,'FASA',9761096,1,1),
(1900473,'2019-03-09','2019-03-15',Null,Null,'FASA',9929544,5,2),
(1902123,'2019-10-22','2019-11-06',Null,Null,'STOCALOIRE',9134756,1,2),
(1902193,'2019-10-31','2019-11-01',Null,Null,'HUMANN T',9796499,1,1),
(1901398,'2019-07-16','2019-07-22',Null,Null,'FASA',9749093,1,3),
(1900284,'2019-02-12','2019-02-12',Null,Null,'MSC',9874946,5,2),
(1900102,'2019-01-16','2019-01-16',Null,Null,'MSC',9874946,3,2),
(1900508,'2019-03-14','2019-03-15',Null,Null,'MSC',9874946,4,4),
(1900215,'2019-02-01','2019-02-03',Null,Null,'MSC',9874946,4,3),
(1900434,'2019-03-03','2019-03-06',Null,Null,'MSC',9874946,2,4),
(1900608,'2019-03-28','2019-03-29',Null,Null,'MSC',9874946,5,2),
(1900048,'2019-01-08','2019-01-09',Null,Null,'MSC',9874946,4,5),
(1900948,'2019-05-13','2019-05-14',Null,Null,'WORMS',9866874,5,1),
(1901162,'2019-06-11','2019-06-19',Null,Null,'SI NANTES',9480479,5,1),
(1901931,'2019-09-28','2019-09-30',Null,Null,'DRCH',9280691,6,3),
(1902028,'2019-10-11','2019-10-11',Null,Null,'DRCH',9280691,4,5),
(1901919,'2019-09-27','2019-09-27',Null,Null,'DRCH',9280691,6,4),
(1901972,'2019-10-04','2019-10-04',Null,Null,'DRCH',9280691,6,2),
(1902011,'2019-10-09','2019-10-09',Null,Null,'DRCH',9280691,4,2),
(1900294,'2019-02-06','2019-02-20',Null,Null,'FASA',9632994,4,2),
(1900684,'2019-04-07','2019-04-08',Null,Null,'MSC',9177481,4,5),
(1900869,'2019-05-02','2019-05-03',Null,Null,'MSC',9177481,2,3),
(1901175,'2019-06-15','2019-06-16',Null,Null,'MSC',9177481,5,2),
(1901284,'2019-06-30','2019-07-01',Null,Null,'MSC',9177481,4,2),
(1900803,'2019-04-23','2019-04-24',Null,Null,'MSC',9177481,1,3),
(1901059,'2019-05-29','2019-05-30',Null,Null,'MSC',9177481,3,3),
(1901361,'2019-07-11','2019-07-12',Null,Null,'MSC',9177481,5,2),
(1901458,'2019-07-24','2019-07-26',Null,Null,'MSC',9177481,4,4),
(1901654,'2019-08-22','2019-08-23',Null,Null,'MSC',9177481,3,2),
(1901747,'2019-09-04','2019-09-05',Null,Null,'MSC',9177481,1,2),
(1901595,'2019-08-12','2019-08-13',Null,Null,'MSC',9177481,6,3),
(1900974,'2019-05-18','2019-05-20',Null,Null,'MSC',9177481,6,2),
(1901067,'2019-05-31','2019-06-01',Null,Null,'SOGEBRAS',9825042,5,2),
(1900685,'2019-04-07','2019-04-09',Null,Null,'FASA',9405032,1,2),
(1900187,'2019-01-26','2019-01-29',Null,Null,'HUMANN T',9424287,4,5),
(1900577,'2019-03-24','2019-03-31',Null,Null,'HUMANN T',9424287,1,3),
(1902351,'2019-11-19','2019-11-22',Null,Null,'HUMANN T',9521982,2,1),
(1900430,'2019-03-01','2019-03-08',Null,Null,'HUMANN T',9734719,2,3),
(1900707,'2019-04-06','2019-04-15',Null,Null,'HUMANN T',9734719,4,3),
(1900795,'2019-04-19','2019-04-25',Null,Null,'HUMANN T',9734719,4,4),
(1900505,'2019-03-13','2019-03-16',Null,Null,'SISA',9285027,1,2),
(1900665,'2019-04-04','2019-04-07',Null,Null,'SISA',9285027,5,1),
(1900597,'2019-03-23','2019-03-29',Null,Null,'SISA',9285027,4,5),
(1901680,'2019-08-20','2019-09-01',Null,Null,'SISA',9285027,2,1),
(1901568,'2019-08-05','2019-08-12',Null,Null,'SISA',9285027,4,4),
(1900746,'2019-04-12','2019-04-21',Null,Null,'SISA',9285027,2,2),
(1900267,'2019-02-06','2019-02-12',Null,Null,'SISA',9285027,4,5),
(1901170,'2019-06-14','2019-06-15',Null,Null,'SISA',9285027,2,4),
(1901276,'2019-06-29','2019-07-04',Null,Null,'SI NANTES',9592213,3,2),
(1900445,'2019-03-05','2019-03-11',Null,Null,'STOCALOIRE',9964293,4,5),
(1900730,'2019-04-11','2019-04-14',Null,Null,'HUMANN T',9961295,4,1),
(1900582,'2019-03-24','2019-03-31',Null,Null,'HUMANN T',9159697,4,3),
(1900293,'2019-02-12','2019-02-15',Null,Null,'SI NANTES',9584300,1,3),
(1901111,'2019-06-06','2019-06-09',Null,Null,'SI NANTES',9391836,4,4),
(1900546,'2019-03-19','2019-03-27',Null,Null,'SI NANTES',9704975,2,4),
(1901507,'2019-07-27','2019-08-01',Null,Null,'SISA',9423864,4,3),
(1900497,'2019-03-12','2019-03-14',Null,Null,'STOCALOIRE',9545341,1,2),
(1900233,'2019-02-05','2019-02-12',Null,Null,'FASA',9605843,5,2),
(1902341,'2019-11-18','2019-11-29',Null,Null,'STOCALOIRE',9739344,3,1),
(1900371,'2019-02-23','2019-02-25',Null,Null,'SISA',9259628,4,3),
(1902430,'2019-12-01','2019-12-02',Null,Null,'SISA',9259628,6,2),
(1901226,'2019-06-23','2019-06-25',Null,Null,'SISA',9162642,6,3),
(1901278,'2019-06-25','2019-07-03',Null,Null,'FASA',9162642,2,4),
(1900465,'2019-03-07','2019-03-12',Null,Null,'SISA',9568952,4,1),
(1900584,'2019-03-25','2019-03-26',Null,Null,'SISA',9568952,3,2),
(1902308,'2019-11-09','2019-11-23',Null,Null,'SISA',9469971,6,4),
(1900811,'2019-04-21','2019-04-27',Null,Null,'SISA',9753650,5,1),
(1901043,'2019-05-26','2019-05-28',Null,Null,'SISA',9584288,3,2),
(1901610,'2019-08-11','2019-08-16',Null,Null,'SISA',9674981,5,1),
(1901645,'2019-08-19','2019-08-29',Null,Null,'SISA',9217426,2,1),
(1901591,'2019-08-10','2019-08-14',Null,Null,'SISA',9843024,4,5),
(1901592,'2019-08-11','2019-08-13',Null,Null,'SI NANTES',9408217,2,2),
(1902112,'2019-10-19','2019-10-25',Null,Null,'SI NANTES',9867003,6,2),
(1901969,'2019-10-03','2019-10-15',Null,Null,'FASA',9648828,6,2),
(1900940,'2019-05-12','2019-05-17',Null,Null,'STOCALOIRE',9606228,1,1),
(1900568,'2019-03-22','2019-03-27',Null,Null,'FASA',9551138,4,1),
(1900932,'2019-05-10','2019-05-18',Null,Null,'SI NANTES',9206685,3,2),
(1900278,'2019-02-10','2019-02-14',Null,Null,'SI NANTES',9252162,1,1),
(1901446,'2019-07-17','2019-08-01',Null,Null,'SISA',9412296,3,1),
(1901011,'2019-05-23','2019-05-28',Null,Null,'CDT',9473296,6,4),
(1901091,'2019-06-04','2019-07-02',Null,Null,'CDT',9123667,4,3),
(1900159,'2019-01-24','2019-01-26',Null,Null,'SISA',9759939,4,4),
(1902284,'2019-11-09','2019-11-14',Null,Null,'SI NANTES',9617258,1,1),
(1900100,'2019-01-15','2019-01-19',Null,Null,'SI NANTES',9288935,2,1),
(1902496,'2019-12-11','2019-12-18',Null,Null,'SI NANTES',9506592,6,1),
(1901945,'2019-09-29','2019-10-03',Null,Null,'FASA',9241659,2,4),
(1901404,'2019-07-17','2019-07-18',Null,Null,'SI NANTES',9448766,6,4),
(1900969,'2019-05-17','2019-05-21',Null,Null,'SI NANTES',9209813,3,2),
(1900921,'2019-05-10','2019-05-11',Null,Null,'TGO',9120443,2,1),
(1900456,'2019-03-07','2019-03-09',Null,Null,'SI NANTES',9354346,1,1),
(1900773,'2019-04-19','2019-04-20',Null,Null,'SI NANTES',9354346,6,3),
(1901064,'2019-05-30','2019-05-31',Null,Null,'SI NANTES',9354346,4,3),
(1901696,'2019-08-27','2019-08-28',Null,Null,'SI NANTES',9354346,4,3),
(1902234,'2019-11-05','2019-11-09',Null,Null,'SI NANTES',9354346,2,3),
(1901118,'2019-06-06','2019-06-16',Null,Null,'TGO',9754985,4,3),
(1902508,'2019-12-14','2019-12-23',Null,Null,'TGO',9754985,5,2),
(1900314,'2019-02-15','2019-02-21',Null,Null,'TGO',9754985,1,2),
(1900540,'2019-03-17','2019-03-21',Null,Null,'SISA',9633779,6,4),
(1900024,'2019-01-04','2019-01-05',Null,Null,'CMA CGM',9943697,2,3),
(1900074,'2019-01-11','2019-01-12',Null,Null,'CMA CGM',9943697,4,1),
(1900131,'2019-01-19','2019-01-20',Null,Null,'CMA CGM',9943697,3,3),
(1900171,'2019-01-25','2019-01-26',Null,Null,'CMA CGM',9943697,5,2),
(1900217,'2019-02-02','2019-02-02',Null,Null,'CMA CGM',9943697,4,3),
(1900279,'2019-02-11','2019-02-12',Null,Null,'CMA CGM',9943697,2,4),
(1900425,'2019-03-02','2019-03-04',Null,Null,'CMA CGM',9943697,1,3),
(1900682,'2019-04-06','2019-04-07',Null,Null,'CMA CGM',9943697,4,2),
(1900729,'2019-04-13','2019-04-13',Null,Null,'CMA CGM',9943697,3,2),
(1900926,'2019-05-11','2019-05-11',Null,Null,'CMA CGM',9943697,1,1),
(1901272,'2019-06-29','2019-06-29',Null,Null,'CMA CGM',9943697,2,2),
(1900784,'2019-04-20','2019-04-21',Null,Null,'CMA CGM',9943697,1,3),
(1900831,'2019-04-27','2019-04-27',Null,Null,'CMA CGM',9943697,1,2),
(1900876,'2019-05-03','2019-05-04',Null,Null,'CMA CGM',9943697,6,2),
(1901069,'2019-06-01','2019-06-01',Null,Null,'CMA CGM',9943697,1,2),
(1901121,'2019-06-08','2019-06-09',Null,Null,'CMA CGM',9943697,6,3),
(1901329,'2019-07-06','2019-07-07',Null,Null,'CMA CGM',9943697,1,3),
(1901380,'2019-07-13','2019-07-14',Null,Null,'CMA CGM',9943697,6,4),
(1901433,'2019-07-20','2019-07-21',Null,Null,'CMA CGM',9943697,6,2),
(1901627,'2019-08-17','2019-08-18',Null,Null,'CMA CGM',9943697,2,2),
(1901672,'2019-08-24','2019-08-24',Null,Null,'CMA CGM',9943697,4,4),
(1900623,'2019-03-30','2019-03-31',Null,Null,'CMA CGM',9943697,2,1),
(1900971,'2019-05-18','2019-05-18',Null,Null,'CMA CGM',9943697,6,4),
(1901032,'2019-05-25','2019-05-25',Null,Null,'CMA CGM',9943697,2,4),
(1901174,'2019-06-15','2019-06-15',Null,Null,'CMA CGM',9943697,4,5),
(1901222,'2019-06-21','2019-06-22',Null,Null,'CMA CGM',9943697,3,3),
(1901585,'2019-08-10','2019-08-10',Null,Null,'CMA CGM',9943697,6,1),
(1901545,'2019-08-03','2019-08-04',Null,Null,'CMA CGM',9943697,1,2),
(1902418,'2019-11-29','2019-11-30',Null,Null,'CMA CGM',9943697,2,4),
(1901571,'2019-08-07','2019-08-08',Null,Null,'CMA CGM',9943697,5,2),
(1901769,'2019-09-06','2019-09-07',Null,Null,'CMA CGM',9943697,1,2),
(1901926,'2019-09-27','2019-09-28',Null,Null,'CMA CGM',9943697,2,2),
(1902089,'2019-10-18','2019-10-19',Null,Null,'CMA CGM',9943697,3,1),
(1902314,'2019-11-15','2019-11-16',Null,Null,'CMA CGM',9943697,1,3),
(1902469,'2019-12-07','2019-12-07',Null,Null,'CMA CGM',9943697,4,2),
(1902510,'2019-12-15','2019-12-15',Null,Null,'CMA CGM',9943697,2,3),
(1901719,'2019-08-30','2019-08-31',Null,Null,'CMA CGM',9943697,3,1),
(1901873,'2019-09-20','2019-09-21',Null,Null,'CMA CGM',9943697,1,3),
(1901981,'2019-10-04','2019-10-05',Null,Null,'CMA CGM',9943697,2,1),
(1902033,'2019-10-11','2019-10-12',Null,Null,'CMA CGM',9943697,1,3),
(1902148,'2019-10-25','2019-10-26',Null,Null,'CMA CGM',9943697,6,3),
(1902589,'2019-12-29','2019-12-31',Null,Null,'CMA CGM',9943697,1,3),
(1901481,'2019-07-27','2019-07-27',Null,Null,'CMA CGM',9943697,2,3),
(1900547,'2019-03-20','2019-03-21',Null,Null,'CMA CGM',9943697,5,2),
(1900359,'2019-02-21','2019-02-23',Null,Null,'CMA CGM',9943697,1,2),
(1900498,'2019-03-12','2019-03-13',Null,Null,'CMA CGM',9943697,3,2),
(1901826,'2019-09-13','2019-09-14',Null,Null,'CMA CGM',9943697,2,4),
(1902200,'2019-11-01','2019-11-02',Null,Null,'CMA CGM',9943697,3,1),
(1902268,'2019-11-09','2019-11-10',Null,Null,'CMA CGM',9943697,5,2),
(1902378,'2019-11-22','2019-11-23',Null,Null,'CMA CGM',9943697,6,2),
(1900180,'2019-01-26','2019-01-28',Null,Null,'HUMANN T',9396418,4,5),
(1900385,'2019-02-25','2019-02-26',Null,Null,'SISA',9396418,5,1),
(1900591,'2019-03-26','2019-03-27',Null,Null,'SISA',9396418,2,3),
(1900945,'2019-05-13','2019-05-14',Null,Null,'HUMANN T',9396418,1,1),
(1900276,'2019-02-09','2019-02-12',Null,Null,'HUMANN T',9396418,2,1),
(1900312,'2019-02-15','2019-02-15',Null,Null,'HUMANN T',9396418,2,3),
(1900693,'2019-04-06','2019-04-09',Null,Null,'SOGEBRAS',9396418,4,4),
(1900836,'2019-04-27','2019-05-01',Null,Null,'HUMANN T',9396418,6,2),
(1900721,'2019-04-12','2019-04-13',Null,Null,'SISA',9396418,3,1),
(1902399,'2019-11-26','2019-11-27',Null,Null,'SISA',9396418,4,5),
(1902340,'2019-11-18','2019-11-19',Null,Null,'SISA',9396418,4,2),
(1902357,'2019-11-19','2019-11-25',Null,Null,'HUMANN T',9639915,5,2),
(1900752,'2019-04-13','2019-04-17',Null,Null,'SISA',9920051,4,4),
(1901924,'2019-09-27','2019-09-29',Null,Null,'HUMANN T',9997073,4,4),
(1901710,'2019-08-28','2019-08-30',Null,Null,'HUMANN T',9736578,6,2),
(1901001,'2019-05-21','2019-06-01',Null,Null,'STOCALOIRE',9587898,1,1),
(1901435,'2019-07-20','2019-07-21',Null,Null,'HUMANN T',9319807,6,3),
(1902062,'2019-10-15','2019-10-22',Null,Null,'SOGEBRAS',9247578,6,1),
(1900703,'2019-04-08','2019-04-11',Null,Null,'HUMANN T',9235517,3,1),
(1900566,'2019-03-21','2019-03-24',Null,Null,'SISA',9988152,2,2),
(1902271,'2019-11-10','2019-11-14',Null,Null,'SOGEBRAS',9800358,2,2),
(1902549,'2019-12-24','2020-01-02',Null,Null,'SOGEBRAS',9800358,5,1),
(1900598,'2019-03-27','2019-03-30',Null,Null,'SI NANTES',9997172,1,1),
(1902259,'2019-11-08','2019-11-10',Null,Null,'HUMANN T',9243240,5,1),
(1902462,'2019-12-05','2019-12-06',Null,Null,'HUMANN T',9243240,3,1),
(1902134,'2019-10-23','2019-10-29',Null,Null,'SISA',9521983,3,2),
(1901797,'2019-09-10','2019-09-11',Null,Null,'SISA',9521983,2,2),
(1901057,'2019-05-29','2019-05-31',Null,Null,'SISA',9907244,6,1),
(1900638,'2019-03-24','2019-04-02',Null,Null,'SISA',9907244,2,3),
(1901705,'2019-08-25','2019-08-30',Null,Null,'SISA',9907244,5,2),
(1901904,'2019-09-25','2019-09-27',Null,Null,'SISA',9907244,2,3),
(1901328,'2019-07-06','2019-07-09',Null,Null,'HUMANN T',9512897,4,3),
(1901279,'2019-06-30','2019-07-01',Null,Null,'AGSM',9324492,5,1),
(1902266,'2019-11-09','2019-11-10',Null,Null,'SISA',9324492,1,3),
(1900122,'2019-01-18','2019-01-19',Null,Null,'AGSM',9190253,1,2),
(1901027,'2019-05-24','2019-05-25',Null,Null,'AGSM',9190253,4,2),
(1902577,'2019-12-29','2019-12-30',Null,Null,'SISA',9190253,3,3),
(1900571,'2019-03-23','2019-03-24',Null,Null,'AGSM',9660716,3,2),
(1901000,'2019-05-21','2019-05-22',Null,Null,'AGSM',9561007,1,3),
(1901258,'2019-06-27','2019-06-28',Null,Null,'AGSM',9561007,1,3),
(1901782,'2019-09-08','2019-09-09',Null,Null,'AGSM',9561007,2,1),
(1900829,'2019-04-27','2019-04-28',Null,Null,'AGSM',9877469,6,2),
(1901937,'2019-09-30','2019-10-01',Null,Null,'AGSM',9969710,2,4),
(1900455,'2019-03-07','2019-03-08',Null,Null,'AGSM',9846569,4,5),
(1900220,'2019-02-02','2019-02-04',Null,Null,'AGSM',9846569,4,3),
(1901362,'2019-07-11','2019-07-12',Null,Null,'AGSM',9846569,4,2),
(1901666,'2019-08-23','2019-08-24',Null,Null,'AGSM',9846569,3,1),
(1900631,'2019-03-30','2019-04-01',Null,Null,'AGSM',9598110,4,4),
(1900801,'2019-04-23','2019-04-24',Null,Null,'AGSM',9598110,6,2),
(1902151,'2019-10-25','2019-10-27',Null,Null,'SISA',9598110,3,1),
(1900611,'2019-03-28','2019-03-30',Null,Null,'AGSM',9430115,1,1),
(1901901,'2019-09-24','2019-09-26',Null,Null,'AGSM',9430115,4,1),
(1902587,'2019-12-23','2020-01-01',Null,Null,'HUMANN T',9822056,2,2),
(1902217,'2019-11-03','2019-11-05',Null,Null,'SISA',9515379,4,5),
(1901475,'2019-07-26','2019-07-27',Null,Null,'AGSM',9515379,1,1),
(1901534,'2019-08-02','2019-08-03',Null,Null,'AGSM',9547447,2,4),
(1902339,'2019-11-18','2019-11-20',Null,Null,'SISA',9547447,6,2),
(1902048,'2019-10-14','2019-10-15',Null,Null,'SISA',9547447,2,3),
(1900468,'2019-03-09','2019-03-10',Null,Null,'AGSM',9603998,2,3),
(1900873,'2019-05-03','2019-05-04',Null,Null,'AGSM',9603998,2,1),
(1902015,'2019-10-10','2019-10-11',Null,Null,'SISA',9603998,5,1),
(1902491,'2019-12-11','2019-12-12',Null,Null,'SISA',9289296,2,3),
(1900043,'2019-01-07','2019-01-08',Null,Null,'AGSM',9974158,2,3),
(1900539,'2019-03-19','2019-03-20',Null,Null,'AGSM',9578529,4,1),
(1902390,'2019-11-24','2019-11-26',Null,Null,'SISA',9578529,3,1),
(1900322,'2019-02-16','2019-02-17',Null,Null,'AGSM',9877255,4,5),
(1900720,'2019-04-12','2019-04-13',Null,Null,'AGSM',9877255,4,1),
(1901124,'2019-06-09','2019-06-10',Null,Null,'AGSM',9433176,4,2),
(1900433,'2019-03-04','2019-03-05',Null,Null,'AGSM',9433176,5,2),
(1900745,'2019-04-16','2019-04-17',Null,Null,'AGSM',9975499,6,2),
(1901749,'2019-09-04','2019-09-05',Null,Null,'AGSM',9606040,1,2),
(1900005,'2019-01-01','2019-01-04',Null,Null,'CEU',9197028,4,3),
(1900727,'2019-04-13','2019-04-15',Null,Null,'CEU',9197028,6,1),
(1901200,'2019-06-20','2019-06-22',Null,Null,'CEU',9197028,3,1),
(1901430,'2019-07-19','2019-07-23',Null,Null,'CEU',9197028,1,1),
(1901547,'2019-08-04','2019-08-07',Null,Null,'CEU',9197028,2,3),
(1901575,'2019-08-08','2019-08-12',Null,Null,'CEU',9197028,4,2),
(1901770,'2019-09-06','2019-09-11',Null,Null,'CEU',9197028,6,2),
(1901072,'2019-06-01','2019-06-03',Null,Null,'CEU',9197028,2,3),
(1900933,'2019-05-11','2019-05-15',Null,Null,'CEU',9197028,4,2),
(1901128,'2019-06-09','2019-06-12',Null,Null,'CEU',9197028,6,3),
(1901172,'2019-06-14','2019-06-18',Null,Null,'CEU',9197028,1,3),
(1901319,'2019-07-04','2019-07-08',Null,Null,'CEU',9197028,2,1),
(1901354,'2019-07-10','2019-07-12',Null,Null,'CEU',9197028,3,2),
(1901388,'2019-07-14','2019-07-18',Null,Null,'CEU',9197028,2,1),
(1900370,'2019-02-23','2019-04-03',Null,Null,'CEU',9197028,3,3),
(1900763,'2019-04-17','2019-04-21',Null,Null,'CEU',9197028,6,1),
(1900813,'2019-04-24','2019-04-27',Null,Null,'CEU',9197028,6,4),
(1900846,'2019-04-29','2019-05-03',Null,Null,'CEU',9197028,2,3),
(1900896,'2019-05-06','2019-05-09',Null,Null,'CEU',9197028,6,3),
(1901019,'2019-05-24','2019-05-26',Null,Null,'CEU',9197028,4,4),
(1901238,'2019-06-25','2019-06-27',Null,Null,'CEU',9197028,2,4),
(1901283,'2019-06-30','2019-07-03',Null,Null,'CEU',9197028,3,2),
(1901460,'2019-07-24','2019-07-28',Null,Null,'CEU',9197028,1,3),
(1901707,'2019-08-28','2019-09-01',Null,Null,'CEU',9197028,2,4),
(1901816,'2019-09-12','2019-09-16',Null,Null,'CEU',9197028,6,4),
(1901965,'2019-10-02','2019-10-03',Null,Null,'CEU',9197028,2,2),
(1901636,'2019-08-19','2019-08-22',Null,Null,'CEU',9197028,1,1),
(1900980,'2019-05-19','2019-05-22',Null,Null,'CEU',9197028,2,2),
(1901602,'2019-08-13','2019-08-17',Null,Null,'CEU',9197028,4,2),
(1901849,'2019-09-17','2019-09-20',Null,Null,'CEU',9197028,4,5),
(1901996,'2019-10-07','2019-10-11',Null,Null,'CEU',9197028,5,2),
(1902053,'2019-10-14','2019-10-18',Null,Null,'CEU',9197028,4,2),
(1902092,'2019-10-19','2019-10-23',Null,Null,'CEU',9197028,3,2),
(1902149,'2019-10-25','2019-10-30',Null,Null,'CEU',9197028,4,4),
(1901927,'2019-09-27','2019-09-29',Null,Null,'CEU',9197028,4,5),
(1901941,'2019-09-30','2019-10-06',Null,Null,'CEU',9197028,3,3),
(1902261,'2019-11-08','2019-11-24',Null,Null,'CEU',9197028,6,1),
(1901886,'2019-09-22','2019-09-26',Null,Null,'CEU',9197028,4,2),
(1902210,'2019-11-02','2019-11-07',Null,Null,'CEU',9197028,1,1),
(1902572,'2019-12-28','2020-02-28',Null,Null,'CEU',9197028,4,2),
(1901667,'2019-08-23','2019-08-27',Null,Null,'CEU',9197028,1,1),
(1901737,'2019-09-02','2019-09-06',Null,Null,'CEU',9197028,6,3),
(1902355,'2019-11-20','2019-12-14',Null,Null,'CEU',9197028,6,2),
(1900674,'2019-04-05','2019-04-09',Null,Null,'CEU',9197028,6,3),
(1902194,'2019-10-31','2019-11-02',Null,Null,'CEU',9197028,6,2),
(1902490,'2019-12-14','2019-12-17',Null,Null,'CEU',9197028,4,2),
(1901502,'2019-07-29','2019-08-02',Null,Null,'CEU',9197028,3,2),
(1901095,'2019-06-04','2019-06-08',Null,Null,'CEU',9197028,5,2),
(1902542,'2019-12-17','2019-12-30',Null,Null,'CEU',9197028,5,1),
(1901112,'2019-06-05','2019-06-13',Null,Null,'STOCALOIRE',9472761,1,3),
(1900061,'2019-01-05','2019-01-11',Null,Null,'SISA',9162936,2,3),
(1900071,'2019-01-11','2019-01-17',Null,Null,'SI NANTES',9445955,2,4),
(1901203,'2019-06-19','2019-06-20',Null,Null,'AGENA TR',9445955,1,3),
(1900958,'2019-05-14','2019-05-19',Null,Null,'SISA',9663182,6,1),
(1902344,'2019-11-19','2019-11-22',Null,Null,'SISA',9888130,5,2),
(1900344,'2019-02-20','2019-02-22',Null,Null,'SISA',9989092,2,2),
(1900275,'2019-02-10','2019-02-12',Null,Null,'SISA',9885243,3,1),
(1900096,'2019-01-12','2019-01-17',Null,Null,'SISA',9268210,4,2),
(1901169,'2019-06-14','2019-06-18',Null,Null,'SOGEBRAS',9936202,2,2),
(1901884,'2019-09-22','2019-09-25',Null,Null,'HUMANN T',9275864,4,1),
(1901113,'2019-06-06','2019-06-08',Null,Null,'TGO',9659028,6,1),
(1901165,'2019-06-14','2019-06-15',Null,Null,'TGO',9659028,2,3),
(1901220,'2019-06-22','2019-06-22',Null,Null,'TGO',9659028,4,4),
(1901271,'2019-06-29','2019-06-29',Null,Null,'TGO',9659028,4,2),
(1901375,'2019-07-11','2019-07-13',Null,Null,'TGO',9659028,6,1),
(1901445,'2019-07-21','2019-07-23',Null,Null,'TGO',9659028,5,1),
(1901505,'2019-07-30','2019-07-31',Null,Null,'TGO',9659028,2,1),
(1901614,'2019-08-15','2019-08-16',Null,Null,'TGO',9659028,6,3),
(1901726,'2019-08-31','2019-09-02',Null,Null,'TGO',9659028,1,2),
(1901794,'2019-09-10','2019-09-10',Null,Null,'TGO',9659028,1,3),
(1901663,'2019-08-22','2019-08-23',Null,Null,'TGO',9659028,1,1),
(1901918,'2019-09-26','2019-09-27',Null,Null,'TGO',9659028,4,3),
(1901847,'2019-09-16','2019-09-19',Null,Null,'TGO',9659028,1,2),
(1902000,'2019-10-08','2019-10-08',Null,Null,'TGO',9659028,5,2),
(1902066,'2019-10-16','2019-10-17',Null,Null,'TGO',9659028,6,3),
(1902142,'2019-10-24','2019-10-25',Null,Null,'TGO',9659028,6,3),
(1902206,'2019-11-02','2019-11-05',Null,Null,'TGO',9659028,4,4),
(1900525,'2019-03-15','2019-03-17',Null,Null,'HUMANN T',9898511,4,5),
(1902301,'2019-11-14','2019-11-16',Null,Null,'FASA',9311493,4,1),
(1901465,'2019-07-24','2019-07-26',Null,Null,'SI NANTES',9557641,4,3),
(1900112,'2019-01-16','2019-01-19',Null,Null,'SOGEBRAS',9867474,3,3),
(1902175,'2019-10-24','2019-11-04',Null,Null,'STOCALOIRE',9867474,1,1),
(1902311,'2019-11-15','2019-11-19',Null,Null,'SI NANTES',9208318,4,2),
(1901312,'2019-07-04','2019-07-13',Null,Null,'SI NANTES',9208318,1,1),
(1900537,'2019-03-18','2019-03-21',Null,Null,'SI NANTES',9720186,2,2),
(1900394,'2019-02-27','2019-02-28',Null,Null,'STOCALOIRE',9668430,6,2),
(1900769,'2019-04-15','2019-04-20',Null,Null,'SISA',9668430,3,2),
(1900672,'2019-04-05','2019-04-08',Null,Null,'SI NANTES',9668430,2,3),
(1900044,'2019-01-07','2019-01-09',Null,Null,'SI NANTES',9342835,2,2),
(1900669,'2019-04-03','2019-04-05',Null,Null,'STOCALOIRE',9342835,5,1),
(1901804,'2019-09-12','2019-09-18',Null,Null,'STOCALOIRE',9186901,4,4),
(1902454,'2019-12-05','2019-12-16',Null,Null,'STOCALOIRE',9186901,2,3),
(1901042,'2019-05-22','2019-05-29',Null,Null,'FASA',9186901,4,1),
(1901573,'2019-08-07','2019-08-09',Null,Null,'SISA',9299795,1,2),
(1901239,'2019-06-25','2019-06-26',Null,Null,'HUMANN T',9820786,1,1),
(1900277,'2019-02-08','2019-02-13',Null,Null,'HUMANN T',9243094,6,1),
(1900658,'2019-04-04','2019-04-06',Null,Null,'HUMANN T',9962706,6,1),
(1902512,'2019-12-14','2019-12-16',Null,Null,'SISA',9477168,4,3),
(1901597,'2019-08-12','2019-08-14',Null,Null,'HUMANN T',9362149,2,3),
(1901864,'2019-09-19','2019-09-19',Null,Null,'WORMS',9874120,2,3),
(1902108,'2019-10-21','2019-10-21',Null,Null,'WORMS',9874120,4,3),
(1901745,'2019-09-04','2019-09-04',Null,Null,'WORMS',9874120,4,1),
(1901970,'2019-10-04','2019-10-05',Null,Null,'WORMS',9874120,1,3),
(1902185,'2019-10-28','2019-11-03',Null,Null,'WORMS',9947996,1,2),
(1901870,'2019-09-19','2019-09-25',Null,Null,'SISA',9413097,5,2),
(1901553,'2019-08-05','2019-08-14',Null,Null,'FASA',9638860,5,1),
(1900987,'2019-05-20','2019-05-21',Null,Null,'HUMANN T',9166344,4,1),
(1900620,'2019-03-29','2019-04-04',Null,Null,'SOGEBRAS',9243674,4,4),
(1900542,'2019-03-19','2019-03-22',Null,Null,'SI NANTES',9243674,5,2),
(1901581,'2019-08-09','2019-08-12',Null,Null,'TGO',9448701,6,1),
(1900842,'2019-04-28','2019-05-01',Null,Null,'SISA',9613672,5,2),
(1900599,'2019-03-27','2019-03-28',Null,Null,'SISA',9122764,4,2),
(1902441,'2019-12-02','2019-12-08',Null,Null,'FASA',9527444,6,4),
(1901233,'2019-06-24','2019-06-24',Null,Null,'WORMS',9278584,6,3),
(1902043,'2019-10-13','2019-10-15',Null,Null,'FASA',9278584,2,4),
(1901078,'2019-06-02','2019-06-06',Null,Null,'HUMANN T',9502529,5,2),
(1901281,'2019-06-29','2019-06-30',Null,Null,'SI NANTES',9502529,3,2),
(1900484,'2019-03-08','2019-03-12',Null,Null,'HUMANN T',9502529,4,1),
(1901709,'2019-08-28','2019-08-30',Null,Null,'HUMANN T',9502529,4,5),
(1902039,'2019-10-08','2019-10-13',Null,Null,'SISA',9502529,2,4),
(1900628,'2019-03-29','2019-04-01',Null,Null,'HUMANN T',9849758,4,1),
(1900317,'2019-02-12','2019-02-17',Null,Null,'HUMANN T',9849758,6,2),
(1902327,'2019-11-17','2019-11-18',Null,Null,'WORMS',9849758,4,4),
(1901640,'2019-08-14','2019-08-21',Null,Null,'SISA',9849758,2,1),
(1902592,'2019-12-31','2020-01-01',Null,Null,'WORMS',9849758,3,1),
(1902198,'2019-10-23','2019-11-03',Null,Null,'HUMANN T',9296458,1,3),
(1901612,'2019-08-15','2019-08-16',Null,Null,'WORMS',9296458,6,2),
(1902375,'2019-11-21','2019-11-23',Null,Null,'SISA',9296458,6,3),
(1900915,'2019-05-09','2019-05-15',Null,Null,'STOCALOIRE',9646607,5,2),
(1900557,'2019-03-12','2019-03-23',Null,Null,'SISA',9991850,4,3),
(1901883,'2019-09-21','2019-09-26',Null,Null,'SOGEBRAS',9324549,2,2),
(1901411,'2019-07-18','2019-07-23',Null,Null,'WORMS',9796407,4,5),
(1900152,'2019-01-23','2019-01-28',Null,Null,'SI NANTES',9744685,2,2),
(1901268,'2019-06-26','2019-07-01',Null,Null,'SI NANTES',9490172,5,2),
(1902077,'2019-10-17','2019-10-20',Null,Null,'SI NANTES',9287911,4,2),
(1900085,'2019-01-12','2019-01-16',Null,Null,'SI NANTES',9646729,5,2),
(1902540,'2019-12-18','2019-12-26',Null,Null,'SI NANTES',9646729,5,1),
(1902264,'2019-11-06','2019-11-13',Null,Null,'SI NANTES',9646729,6,1),
(1901488,'2019-07-27','2019-07-30',Null,Null,'SI NANTES',9865616,1,3),
(1902334,'2019-11-18','2019-11-21',Null,Null,'SI NANTES',9865616,5,1),
(1901683,'2019-08-25','2019-08-27',Null,Null,'SI NANTES',9860832,1,1),
(1900671,'2019-04-05','2019-04-10',Null,Null,'SI NANTES',9120885,4,5),
(1901236,'2019-06-24','2019-06-26',Null,Null,'SI NANTES',9120885,6,2),
(1902241,'2019-10-31','2019-11-08',Null,Null,'HUMANN T',9410588,6,4),
(1900756,'2019-04-17','2019-04-20',Null,Null,'FASA',9807072,2,3),
(1902481,'2019-12-09','2019-12-10',Null,Null,'SISA',9282197,1,2),
(1901099,'2019-06-05','2019-06-07',Null,Null,'SISA',9838161,6,2),
(1900997,'2019-05-21','2019-05-22',Null,Null,'DRCH',9769185,4,5),
(1900330,'2019-02-16','2019-02-18',Null,Null,'DRCH',9769185,1,3),
(1902096,'2019-10-20','2019-10-21',Null,Null,'DRCH',9769185,3,2),
(1901758,'2019-09-05','2019-09-06',Null,Null,'DRCH',9769185,6,2),
(1902094,'2019-10-19','2019-10-20',Null,Null,'DRCH',9769185,5,1),
(1901199,'2019-06-02','2019-06-21',Null,Null,'HUMANN T',9699104,4,5),
(1900726,'2019-04-10','2019-04-15',Null,Null,'SISA',9678634,2,2),
(1900881,'2019-05-03','2019-05-06',Null,Null,'SISA',9678634,2,1),
(1902464,'2019-12-06','2019-12-09',Null,Null,'SISA',9678634,6,4),
(1900106,'2019-01-14','2019-01-20',Null,Null,'SISA',9678634,2,1),
(1901976,'2019-10-01','2019-10-08',Null,Null,'SISA',9678634,5,1),
(1901213,'2019-06-20','2019-06-29',Null,Null,'SISA',9903635,2,2),
(1901468,'2019-07-24','2019-07-28',Null,Null,'SISA',9903635,3,3),
(1902158,'2019-10-22','2019-10-31',Null,Null,'SISA',9903635,2,1),
(1900686,'2019-04-07','2019-04-07',Null,Null,'SOGEBRAS',9808454,4,4),
(1900711,'2019-04-10','2019-04-12',Null,Null,'FASA',9657660,6,1),
(1900704,'2019-04-10','2019-04-11',Null,Null,'WORMS',9525754,4,5),
(1900904,'2019-05-08','2019-05-09',Null,Null,'WORMS',9525754,1,1),
(1901311,'2019-07-04','2019-07-04',Null,Null,'WORMS',9525754,2,3),
(1901518,'2019-08-01','2019-08-02',Null,Null,'WORMS',9525754,1,1),
(1901963,'2019-10-03','2019-10-05',Null,Null,'WORMS',9525754,6,2),
(1902019,'2019-10-10','2019-10-10',Null,Null,'WORMS',9525754,6,1),
(1901733,'2019-09-02','2019-09-05',Null,Null,'WORMS',9525754,3,3),
(1902251,'2019-11-07','2019-11-14',Null,Null,'WORMS',9525754,3,2),
(1902563,'2019-12-26','2019-12-26',Null,Null,'WORMS',9525754,2,2),
(1902408,'2019-11-28','2019-11-29',Null,Null,'WORMS',9525754,2,4),
(1901106,'2019-06-06','2019-06-06',Null,Null,'WORMS',9525754,6,2),
(1901339,'2019-07-08','2019-07-12',Null,Null,'STOCALOIRE',9171382,3,1),
(1901201,'2019-06-13','2019-06-25',Null,Null,'SI NANTES',9897080,3,3),
(1901713,'2019-08-14','2019-09-02',Null,Null,'STOCALOIRE',9706904,2,2),
(1902153,'2019-10-23','2019-10-27',Null,Null,'SISA',9869542,2,3),
(1902410,'2019-11-23','2019-11-30',Null,Null,'SISA',9469330,3,2),
(1901197,'2019-06-18','2019-06-22',Null,Null,'SI NANTES',9162153,4,3),
(1900946,'2019-05-12','2019-05-15',Null,Null,'STOCALOIRE',9162153,1,3),
(1901006,'2019-05-21','2019-05-23',Null,Null,'TGO',9229397,2,1),
(1900189,'2019-01-26','2019-01-30',Null,Null,'SISA',9746313,4,5),
(1900226,'2019-02-03','2019-02-27',Null,Null,'GPM',9552772,4,2),
(1900708,'2019-04-10','2019-04-11',Null,Null,'MSC',9962440,5,1),
(1900840,'2019-04-28','2019-04-30',Null,Null,'MSC',9962440,3,2),
(1901911,'2019-09-26','2019-09-27',Null,Null,'MSC',9962440,4,1),
(1902316,'2019-11-16','2019-11-17',Null,Null,'MSC',9962440,4,1),
(1902573,'2019-12-28','2019-12-30',Null,Null,'MSC',9962440,3,2),
(1901805,'2019-09-12','2019-09-13',Null,Null,'MSC',9962440,4,2),
(1902020,'2019-10-10','2019-10-11',Null,Null,'MSC',9962440,3,1),
(1902136,'2019-10-24','2019-10-25',Null,Null,'MSC',9962440,6,2),
(1902246,'2019-11-07','2019-11-07',Null,Null,'MSC',9962440,3,1),
(1902403,'2019-11-26','2019-11-29',Null,Null,'MSC',9962440,3,3),
(1900935,'2019-05-12','2019-05-13',Null,Null,'MSC',9962440,3,1),
(1901721,'2019-08-31','2019-10-31',Null,Null,'CDT',9651193,4,2),
(1901549,'2019-08-04','2019-08-06',Null,Null,'MSC',9378517,3,1),
(1901708,'2019-08-29','2019-08-30',Null,Null,'MSC',9378517,3,2),
(1901214,'2019-06-21','2019-06-22',Null,Null,'MSC',9378517,4,1),
(1901316,'2019-07-04','2019-07-05',Null,Null,'MSC',9378517,1,1),
(1901413,'2019-07-18','2019-07-20',Null,Null,'MSC',9378517,6,1),
(1901012,'2019-05-23','2019-05-24',Null,Null,'MSC',9378517,2,1),
(1901110,'2019-06-06','2019-06-07',Null,Null,'MSC',9378517,2,3),
(1901964,'2019-10-03','2019-10-04',Null,Null,'MSC',9378517,6,3),
(1902072,'2019-10-17','2019-10-18',Null,Null,'MSC',9378517,3,1),
(1902188,'2019-10-31','2019-10-31',Null,Null,'MSC',9378517,2,1),
(1901861,'2019-09-19','2019-09-20',Null,Null,'MSC',9378517,4,4),
(1902371,'2019-11-22','2019-11-23',Null,Null,'MSC',9378517,2,2),
(1902461,'2019-12-06','2019-12-07',Null,Null,'MSC',9378517,6,1),
(1901605,'2019-08-14','2019-08-16',Null,Null,'MSC',9378517,2,3),
(1900585,'2019-03-25','2019-03-26',Null,Null,'MSC',9341617,3,2),
(1900040,'2019-01-06','2019-01-07',Null,Null,'MSC',9260849,6,1),
(1900168,'2019-01-25','2019-01-28',Null,Null,'MSC',9260849,6,1),
(1900248,'2019-02-05','2019-02-08',Null,Null,'MSC',9260849,2,3),
(1900447,'2019-03-06','2019-03-07',Null,Null,'MSC',9260849,4,2),
(1900363,'2019-02-23','2019-02-23',Null,Null,'MSC',9260849,2,4),
(1900319,'2019-02-16','2019-02-16',Null,Null,'MSC',9579651,3,2),
(1900388,'2019-02-26','2019-02-26',Null,Null,'MSC',9579651,6,1),
(1900516,'2019-03-15','2019-03-16',Null,Null,'MSC',9579651,4,5),
(1900193,'2019-01-28','2019-01-29',Null,Null,'MSC',9579651,6,1),
(1900595,'2019-03-26','2019-03-27',Null,Null,'MSC',9579651,6,2),
(1902133,'2019-10-24','2020-09-16',Null,Null,'CDT',9531598,4,4),
(1902596,'2019-01-01','2022-06-15',Null,Null,'GPM',9924680,1,3),
(1901160,'2019-06-13','2019-06-14',Null,Null,'CDT',9435538,1,1),
(1901529,'2019-08-02','2019-08-02',Null,Null,'CDT',9541117,4,4),
(1901820,'2019-09-13','2019-09-13',Null,Null,'HUMANN T',9727047,1,2),
(1901090,'2019-05-30','2019-06-05',Null,Null,'SI NANTES',9729861,6,3),
(1902574,'2019-12-25','2020-01-02',Null,Null,'HUMANN T',9729861,1,1),
(1901753,'2019-09-05','2019-09-06',Null,Null,'STOCALOIRE',9367286,4,3),
(1900976,'2019-05-18','2019-05-19',Null,Null,'FASA',9218398,2,3),
(1900012,'2019-01-02','2019-01-05',Null,Null,'SOGEBRAS',9261295,6,4),
(1900893,'2019-05-06','2019-05-07',Null,Null,'HUMANN T',9368040,5,1),
(1901335,'2019-07-06','2019-07-09',Null,Null,'SISA',9949456,4,5),
(1900949,'2019-05-14','2019-05-17',Null,Null,'HUMANN T',9894620,2,4),
(1900204,'2019-01-28','2019-02-02',Null,Null,'HUMANN T',9576451,2,3),
(1902434,'2019-11-30','2019-12-03',Null,Null,'HUMANN T',9809103,4,4),
(1900627,'2019-03-30','2019-04-02',Null,Null,'HUMANN T',9591473,2,4),
(1901984,'2019-10-05','2019-10-08',Null,Null,'HUMANN T',9591473,5,1),
(1900246,'2019-02-07','2019-02-09',Null,Null,'HUMANN T',9131010,1,1),
(1901584,'2019-08-09','2019-08-12',Null,Null,'HUMANN T',9131010,5,2),
(1902424,'2019-11-29','2019-12-05',Null,Null,'SOGEBRAS',9850322,4,3),
(1901496,'2019-07-27','2019-07-30',Null,Null,'SI NANTES',9936683,6,4),
(1902328,'2019-11-17','2019-11-21',Null,Null,'SI NANTES',9380133,4,3),
(1900157,'2019-01-24','2019-01-24',Null,Null,'MSC',9768979,3,3),
(1900262,'2019-02-08','2019-02-09',Null,Null,'MSC',9768979,3,3),
(1900090,'2019-01-13','2019-01-15',Null,Null,'MSC',9768979,3,1),
(1900475,'2019-03-09','2019-03-10',Null,Null,'MSC',9768979,4,3),
(1900538,'2019-03-18','2019-03-19',Null,Null,'MSC',9768979,6,3),
(1900349,'2019-02-21','2019-02-22',Null,Null,'MSC',9768979,5,2),
(1900369,'2019-02-23','2019-02-24',Null,Null,'SISA',9980221,2,4),
(1901321,'2019-07-05','2019-07-09',Null,Null,'STOCALOIRE',9713893,4,3),
(1902376,'2019-11-22','2019-11-24',Null,Null,'SISA',9566951,2,1),
(1901416,'2019-07-16','2019-07-20',Null,Null,'SISA',9694865,4,3),
(1902534,'2019-12-20','2019-12-22',Null,Null,'SISA',9454209,6,3),
(1900545,'2019-03-19','2019-03-21',Null,Null,'HUMANN T',9163441,6,4),
(1900641,'2019-04-01','2019-04-05',Null,Null,'SISA',9126755,4,4),
(1902356,'2019-11-19','2019-11-27',Null,Null,'TGO',9464722,6,4),
(1901451,'2019-07-23','2019-07-24',Null,Null,'SISA',9465111,5,2),
(1900653,'2019-04-03','2019-04-04',Null,Null,'HUMANN T',9265168,3,1),
(1901476,'2019-07-26','2019-07-27',Null,Null,'HUMANN T',9265168,6,3),
(1902518,'2019-12-17','2019-12-18',Null,Null,'HUMANN T',9265168,2,2),
(1901834,'2019-09-14','2019-09-16',Null,Null,'HUMANN T',9265168,6,2),
(1900214,'2019-02-01','2019-02-03',Null,Null,'SISA',9133329,6,2),
(1902345,'2019-11-19','2019-12-13',Null,Null,'CDT',9748468,2,3),
(1902110,'2019-10-20','2019-10-25',Null,Null,'SOGEBRAS',9953624,3,3),
(1902545,'2019-12-22','2019-12-23',Null,Null,'TGO',9953624,6,4),
(1901653,'2019-08-18','2019-08-23',Null,Null,'HUMANN T',9568054,4,4),
(1902067,'2019-10-16','2019-10-18',Null,Null,'HUMANN T',9648377,3,3),
(1901913,'2019-09-25','2019-09-28',Null,Null,'HUMANN T',9103338,1,3),
(1900928,'2019-05-07','2019-05-14',Null,Null,'WORMS',9661083,2,3),
(1900422,'2019-03-02','2019-03-05',Null,Null,'SI NANTES',9668962,1,1),
(1900637,'2019-04-01','2019-04-02',Null,Null,'SI NANTES',9668962,6,4),
(1901908,'2019-09-25','2019-10-01',Null,Null,'SI NANTES',9811177,4,4),
(1901302,'2019-07-02','2019-07-04',Null,Null,'STOCALOIRE',9761017,4,2),
(1902109,'2019-10-16','2019-10-23',Null,Null,'STOCALOIRE',9440484,4,1),
(1901485,'2019-07-27','2019-08-01',Null,Null,'SISA',9992608,6,1),
(1901992,'2019-10-06','2019-10-07',Null,Null,'HUMANN T',9393012,2,2),
(1902445,'2019-12-01','2019-12-04',Null,Null,'SISA',9101501,4,4),
(1900283,'2019-02-11','2019-02-13',Null,Null,'HUMANN T',9211281,2,4),
(1901989,'2019-10-07','2019-10-08',Null,Null,'SOGEBRAS',9454863,6,2),
(1901153,'2019-06-12','2019-06-14',Null,Null,'HUMANN T',9661091,4,1),
(1900436,'2019-03-02','2019-03-13',Null,Null,'HUMANN T',9304032,5,1),
(1900380,'2019-02-24','2019-02-25',Null,Null,'HUMANN T',9304032,3,1),
(1901340,'2019-07-08','2019-07-09',Null,Null,'HUMANN T',9304032,6,3),
(1900062,'2019-01-10','2019-01-11',Null,Null,'WORMS',9468260,5,2),
(1900640,'2019-04-01','2019-04-02',Null,Null,'WORMS',9468260,1,2),
(1901479,'2019-07-26','2019-07-29',Null,Null,'HUMANN T',9141950,5,1),
(1900417,'2019-03-01','2019-03-03',Null,Null,'SISA',9377377,3,2),
(1901522,'2019-07-30','2019-08-05',Null,Null,'SISA',9905037,3,3),
(1900681,'2019-04-05','2019-04-07',Null,Null,'SISA',9906678,2,4),
(1901448,'2019-07-22','2019-07-31',Null,Null,'TGO',9742024,6,4),
(1902060,'2019-10-15','2019-10-31',Null,Null,'FASA',9742024,1,2),
(1900604,'2019-03-28','2019-03-28',Null,Null,'TGO',9570945,4,5),
(1900986,'2019-05-19','2019-05-21',Null,Null,'HUMANN T',9710525,2,3),
(1902423,'2019-11-30','2019-12-01',Null,Null,'HUMANN T',9866766,1,2),
(1900995,'2019-05-21','2019-05-21',Null,Null,'WORMS',9564026,2,2),
(1900766,'2019-04-18','2019-04-18',Null,Null,'WORMS',9404688,2,1),
(1900866,'2019-05-02','2019-05-02',Null,Null,'WORMS',9895170,3,3),
(1902205,'2019-11-02','2019-11-05',Null,Null,'SOGEBRAS',9966348,6,3),
(1900481,'2019-03-10','2019-03-11',Null,Null,'WORMS',9952955,5,1),
(1900374,'2019-02-23','2019-02-24',Null,Null,'SISA',9327203,2,3),
(1900402,'2019-02-27','2019-02-28',Null,Null,'SISA',9327203,1,1),
(1901694,'2019-08-27','2019-08-28',Null,Null,'SISA',9327203,4,3),
(1902503,'2019-12-11','2019-12-18',Null,Null,'SISA',9327203,6,3),
(1900621,'2019-03-30','2019-03-30',Null,Null,'SISA',9213335,6,1),
(1900259,'2019-02-08','2019-02-09',Null,Null,'HUMANN T',9213335,3,3),
(1900476,'2019-03-09','2019-03-10',Null,Null,'SISA',9213335,3,2),
(1901188,'2019-06-17','2019-06-18',Null,Null,'HUMANN T',9561595,5,1),
(1901985,'2019-10-06','2019-10-07',Null,Null,'SISA',9561595,1,3),
(1901029,'2019-05-25','2019-05-26',Null,Null,'SISA',9500666,4,5),
(1900916,'2019-05-09','2019-05-10',Null,Null,'HUMANN T',9500666,2,2),
(1901871,'2019-09-20','2019-09-22',Null,Null,'SISA',9500666,4,3),
(1902164,'2019-10-26','2019-10-29',Null,Null,'SISA',9500666,2,2),
(1902106,'2019-10-20','2019-10-23',Null,Null,'SISA',9500666,3,3),
(1902282,'2019-11-12','2019-11-13',Null,Null,'SISA',9500666,3,1),
(1902433,'2019-12-01','2019-12-02',Null,Null,'SISA',9500666,1,2),
(1901540,'2019-08-03','2019-08-04',Null,Null,'SOGEBRAS',9925184,4,5),
(1902055,'2019-10-15','2019-10-15',Null,Null,'SISA',9925184,2,3),
(1900198,'2019-01-29','2019-01-30',Null,Null,'HUMANN T',9381213,2,4),
(1902227,'2019-11-05','2019-11-07',Null,Null,'SISA',9381213,2,1),
(1901821,'2019-09-11','2019-09-13',Null,Null,'SISA',9381213,2,3),
(1902346,'2019-11-19','2019-11-21',Null,Null,'SISA',9381213,1,2),
(1900021,'2019-01-04','2019-01-05',Null,Null,'SISA',9368058,4,3),
(1900143,'2019-01-22','2019-01-24',Null,Null,'SISA',9368058,1,2),
(1900480,'2019-03-10','2019-03-12',Null,Null,'SISA',9368058,4,4),
(1900644,'2019-04-02','2019-04-03',Null,Null,'SISA',9368058,2,1),
(1902276,'2019-11-10','2019-11-12',Null,Null,'SISA',9368058,2,1),
(1900013,'2019-01-01','2019-01-03',Null,Null,'SISA',9826638,6,1),
(1900488,'2019-03-11','2019-03-12',Null,Null,'SISA',9826638,2,3),
(1900517,'2019-03-15','2019-03-16',Null,Null,'SISA',9826638,3,1),
(1902524,'2019-12-18','2019-12-22',Null,Null,'SISA',9826638,2,4),
(1901604,'2019-08-14','2019-08-15',Null,Null,'HUMANN T',9826638,2,2),
(1900079,'2019-01-12','2019-01-13',Null,Null,'SISA',9826638,3,1),
(1900952,'2019-05-14','2019-05-15',Null,Null,'SISA',9826638,6,3),
(1900162,'2019-01-24','2019-01-25',Null,Null,'HUMANN T',9988572,1,1),
(1902579,'2019-12-29','2019-12-30',Null,Null,'SISA',9988572,4,2),
(1901823,'2019-09-13','2019-09-20',Null,Null,'TGO',9810165,6,3),
(1902215,'2019-11-02','2019-11-09',Null,Null,'FASA',9883250,2,1),
(1902068,'2019-10-16','2019-10-18',Null,Null,'HUMANN T',9324939,4,2),
(1900859,'2019-05-01','2019-05-02',Null,Null,'HUMANN T',9354072,4,5),
(1900696,'2019-04-08','2019-04-10',Null,Null,'SISA',9408093,4,5),
(1902336,'2019-11-16','2019-11-19',Null,Null,'HUMANN T',9710666,4,2),
(1902576,'2019-12-29','2019-12-30',Null,Null,'SOMALOIR',9854993,4,1),
(1901030,'2019-05-22','2019-05-29',Null,Null,'SI NANTES',9521229,3,3),
(1901933,'2019-09-25','2019-10-01',Null,Null,'SISA',9269424,4,5),
(1901613,'2019-08-15','2019-08-16',Null,Null,'SISA',9269424,3,1),
(1901827,'2019-09-13','2019-09-17',Null,Null,'SISA',9205586,6,3),
(1901812,'2019-09-12','2019-09-13',Null,Null,'SI NANTES',9936354,6,1),
(1901048,'2019-05-27','2019-05-29',Null,Null,'HUMANN T',9207905,4,5),
(1901748,'2019-09-04','2019-09-06',Null,Null,'SISA',9682354,2,4),
(1901251,'2019-06-24','2019-06-27',Null,Null,'HUMANN T',9401095,2,4),
(1901714,'2019-08-29','2019-09-02',Null,Null,'SISA',9818416,3,2),
(1901483,'2019-07-27','2019-07-29',Null,Null,'TGO',9809082,2,3),
(1901395,'2019-07-15','2019-07-19',Null,Null,'TGO',9809082,3,3),
(1900194,'2019-01-25','2019-01-30',Null,Null,'TGO',9402405,6,2),
(1900266,'2019-02-05','2019-02-12',Null,Null,'STOCALOIRE',9704855,2,3),
(1902565,'2019-12-25','2020-01-07',Null,Null,'STOCALOIRE',9704855,6,3),
(1902032,'2019-10-11','2019-10-12',Null,Null,'SISA',9593814,2,2),
(1900603,'2019-03-23','2019-03-29',Null,Null,'SOGEBRAS',9962787,4,3),
(1901386,'2019-07-11','2019-07-16',Null,Null,'SISA',9962787,2,3),
(1900748,'2019-04-16','2019-04-17',Null,Null,'SISA',9475310,2,1),
(1902536,'2019-12-17','2019-12-24',Null,Null,'WORMS',9987378,4,5),
(1900900,'2019-05-07','2019-05-16',Null,Null,'FASA',9260211,3,1),
(1900405,'2019-02-28','2019-03-01',Null,Null,'TGO',9780298,6,2),
(1900549,'2019-03-19','2019-03-20',Null,Null,'TGO',9143975,4,2),
(1900101,'2019-01-14','2019-01-17',Null,Null,'TGO',9363744,6,3),
(1900891,'2019-05-05','2019-05-07',Null,Null,'SI NANTES',9382255,5,2),
(1902168,'2019-10-24','2019-11-06',Null,Null,'STOCALOIRE',9419448,4,2),
(1902012,'2019-10-09','2019-10-11',Null,Null,'HUMANN T',9211250,1,3),
(1900036,'2019-01-06','2019-01-10',Null,Null,'STOCALOIRE',9110278,4,2),
(1900412,'2019-02-28','2019-03-07',Null,Null,'SI NANTES',9197916,1,3),
(1900779,'2019-04-19','2019-05-01',Null,Null,'SOGEBRAS',9197916,4,1),
(1900692,'2019-04-07','2019-04-09',Null,Null,'HUMANN T',9894364,1,3),
(1900749,'2019-04-13','2019-04-30',Null,Null,'STOCALOIRE',9834466,5,1),
(1900838,'2019-04-19','2019-05-03',Null,Null,'HUMANN T',9814737,6,3),
(1901473,'2019-07-23','2019-07-30',Null,Null,'HUMANN T',9837892,2,2),
(1900849,'2019-04-30','2019-05-01',Null,Null,'SISA',9269502,4,5),
(1902289,'2019-11-13','2019-11-15',Null,Null,'SOGEBRAS',9479975,6,3),
(1901135,'2019-06-10','2019-06-16',Null,Null,'SOGEBRAS',9413172,1,1),
(1900379,'2019-02-24','2019-02-25',Null,Null,'SOGEBRAS',9413172,6,3),
(1900292,'2019-02-13','2019-02-13',Null,Null,'SOGEBRAS',9184955,6,4),
(1902058,'2019-10-10','2019-10-16',Null,Null,'HUMANN T',9981002,2,3),
(1902287,'2019-11-13','2019-11-14',Null,Null,'HUMANN T',9823728,1,2),
(1900034,'2019-01-06','2019-01-10',Null,Null,'SISA',9242612,2,1),
(1902322,'2019-11-11','2019-11-18',Null,Null,'HUMANN T',9117721,4,3),
(1901068,'2019-05-28','2019-06-05',Null,Null,'SISA',9520980,4,1),
(1902380,'2019-11-23','2019-11-26',Null,Null,'SISA',9531536,2,4),
(1902260,'2019-11-08','2019-11-13',Null,Null,'SISA',9531536,4,2),
(1900192,'2019-01-26','2019-01-29',Null,Null,'SISA',9545369,6,1),
(1900441,'2019-03-06','2019-03-07',Null,Null,'SISA',9545369,5,2),
(1900663,'2019-04-02','2019-04-06',Null,Null,'SISA',9545369,2,1),
(1901228,'2019-06-19','2019-06-24',Null,Null,'SISA',9545369,5,2),
(1901774,'2019-09-06','2019-09-09',Null,Null,'HUMANN T',9708010,6,1),
(1900039,'2019-01-05','2019-01-09',Null,Null,'SI NANTES',9307575,3,2),
(1902492,'2019-12-08','2019-12-14',Null,Null,'FASA',9153765,4,1),
(1900178,'2019-01-24','2019-01-28',Null,Null,'TGO',9153765,5,2),
(1902041,'2019-10-13','2019-10-14',Null,Null,'HUMANN T',9413080,5,2),
(1901982,'2019-10-04','2019-10-06',Null,Null,'HUMANN T',9413080,6,3),
(1901373,'2019-07-12','2019-07-15',Null,Null,'CDT',9501326,3,3),
(1902258,'2019-11-08','2019-11-11',Null,Null,'CDT',9501326,1,1),
(1900690,'2019-04-08','2019-04-08',Null,Null,'WORMS',9581310,3,1),
(1900185,'2019-01-27','2019-01-28',Null,Null,'WORMS',9679548,5,1),
(1900249,'2019-02-07','2019-02-07',Null,Null,'WORMS',9836217,4,3),
(1900523,'2019-03-16','2019-03-16',Null,Null,'WORMS',9419689,4,5),
(1900814,'2019-04-25','2019-04-25',Null,Null,'WORMS',9846477,2,2),
(1901037,'2019-05-26','2019-05-26',Null,Null,'WORMS',9643360,2,3),
(1900914,'2019-05-09','2019-05-10',Null,Null,'WORMS',9616925,6,4),
(1900038,'2019-01-07','2019-01-07',Null,Null,'WORMS',9930182,6,2),
(1900856,'2019-04-18','2019-05-02',Null,Null,'SISA',9709087,1,1),
(1901108,'2019-06-06','2019-06-08',Null,Null,'FASA',9584273,4,4),
(1902218,'2019-11-01','2019-11-07',Null,Null,'SI NANTES',9484282,6,4),
(1902525,'2019-12-18','2019-12-24',Null,Null,'SI NANTES',9975081,4,3),
(1901813,'2019-09-10','2019-09-13',Null,Null,'FASA',9922896,4,4),
(1901923,'2019-09-27','2019-09-27',Null,Null,'SOGEBRAS',9802254,3,2),
(1900750,'2019-04-16','2019-04-17',Null,Null,'SI NANTES',9782688,4,2),
(1902495,'2019-12-11','2019-12-14',Null,Null,'SI NANTES',9505142,3,3),
(1901519,'2019-07-31','2019-08-02',Null,Null,'SI NANTES',9505142,2,3),
(1900713,'2019-04-11','2019-04-12',Null,Null,'TGO',9648819,4,4),
(1901689,'2019-08-24','2019-08-29',Null,Null,'SI NANTES',9319377,4,5),
(1901898,'2019-09-24','2019-09-29',Null,Null,'SOGEBRAS',9640655,2,4),
(1900536,'2019-03-18','2019-04-04',Null,Null,'GPM',9945734,6,2),
(1900647,'2019-04-02','2019-04-02',Null,Null,'GPM',9315048,2,2),
(1901567,'2019-08-01','2019-08-08',Null,Null,'SISA',9699409,2,4),
(1901661,'2019-08-21','2019-08-27',Null,Null,'SISA',9960392,3,3),
(1902439,'2019-12-02','2019-12-04',Null,Null,'SISA',9908053,6,2),
(1901470,'2019-07-25','2019-07-25',Null,Null,'CDT',9732813,2,3),
(1901192,'2019-06-18','2019-06-19',Null,Null,'CDT',9732813,2,2),
(1901186,'2019-06-17','2019-06-18',Null,Null,'DRCH',9972372,1,2),
(1901205,'2019-06-18','2019-06-22',Null,Null,'DRCH',9972372,2,2),
(1901184,'2019-06-16','2019-06-17',Null,Null,'DRCH',9972372,1,3),
(1901421,'2019-07-19','2019-07-20',Null,Null,'DRCH',9972372,4,2),
(1901601,'2019-08-13','2019-08-13',Null,Null,'DRCH',9972372,3,2),
(1901693,'2019-08-27','2019-08-27',Null,Null,'DRCH',9972372,3,2),
(1902002,'2019-10-08','2019-10-08',Null,Null,'DRCH',9972372,4,4),
(1901450,'2019-07-23','2019-07-23',Null,Null,'DRCH',9972372,1,1),
(1901559,'2019-08-06','2019-08-07',Null,Null,'DRCH',9972372,6,1),
(1901994,'2019-10-07','2019-10-07',Null,Null,'DRCH',9972372,2,4),
(1901506,'2019-07-30','2019-07-30',Null,Null,'DRCH',9972372,4,2),
(1901624,'2019-08-17','2019-08-17',Null,Null,'DRCH',9972372,3,3),
(1901947,'2019-10-01','2019-10-02',Null,Null,'DRCH',9972372,4,2),
(1901637,'2019-08-19','2019-08-23',Null,Null,'DRCH',9972372,3,1),
(1902029,'2019-10-11','2019-10-11',Null,Null,'DRCH',9972372,3,3),
(1901974,'2019-10-04','2019-10-04',Null,Null,'DRCH',9972372,2,1),
(1901298,'2019-07-01','2019-07-18',Null,Null,'DRCH',9972372,2,1),
(1901229,'2019-06-23','2019-06-26',Null,Null,'DRCH',9972372,3,3),
(1902051,'2019-10-14','2020-02-05',Null,Null,'DRCH',9972372,2,2),
(1901456,'2019-07-24','2019-07-24',Null,Null,'DRCH',9972372,5,2),
(1901966,'2019-10-03','2019-10-03',Null,Null,'DRCH',9972372,5,1),
(1902537,'2019-12-17','2019-12-23',Null,Null,'SISA',9190981,5,2),
(1900045,'2019-01-07','2019-01-08',Null,Null,'SISA',9630139,6,2),
(1901292,'2019-06-23','2019-07-02',Null,Null,'SISA',9630139,6,2),
(1900273,'2019-02-10','2019-02-14',Null,Null,'SISA',9630139,1,3),
(1900439,'2019-03-05','2019-03-06',Null,Null,'SISA',9630139,2,4),
(1900624,'2019-03-30','2019-03-31',Null,Null,'SISA',9630139,2,1),
(1901363,'2019-07-11','2019-07-12',Null,Null,'SISA',9630139,6,1),
(1901691,'2019-08-26','2019-08-28',Null,Null,'SISA',9630139,1,2),
(1901552,'2019-08-03','2019-08-06',Null,Null,'SISA',9630139,3,3),
(1901788,'2019-09-09','2019-09-10',Null,Null,'SISA',9630139,4,3),
(1900553,'2019-03-19','2019-03-22',Null,Null,'SISA',9434543,1,2),
(1901682,'2019-08-25','2019-08-26',Null,Null,'WORMS',9146858,6,1),
(1902054,'2019-10-07','2019-10-15',Null,Null,'HUMANN T',9299685,6,2),
(1900114,'2019-01-12','2019-01-18',Null,Null,'SISA',9902224,4,1),
(1900052,'2019-01-08','2019-01-10',Null,Null,'SISA',9902224,2,4),
(1900144,'2019-01-21','2019-01-23',Null,Null,'SISA',9902224,1,1),
(1900229,'2019-01-31','2019-02-06',Null,Null,'SISA',9902224,1,2),
(1900376,'2019-02-18','2019-02-25',Null,Null,'SISA',9902224,4,1),
(1900677,'2019-04-04','2019-04-08',Null,Null,'SISA',9902224,1,3),
(1900982,'2019-05-16','2019-05-20',Null,Null,'SISA',9902224,3,2),
(1901055,'2019-05-25','2019-05-30',Null,Null,'SISA',9902224,6,4),
(1900268,'2019-02-08','2019-02-11',Null,Null,'SISA',9902224,6,1),
(1900572,'2019-03-21','2019-03-25',Null,Null,'SISA',9902224,6,1),
(1900183,'2019-01-25','2019-01-27',Null,Null,'SISA',9902224,5,1),
(1900318,'2019-02-13','2019-02-18',Null,Null,'SISA',9902224,1,3),
(1900428,'2019-03-03','2019-03-04',Null,Null,'SISA',9902224,6,4),
(1900469,'2019-03-09','2019-03-11',Null,Null,'SISA',9902224,6,1),
(1900501,'2019-03-13','2019-03-14',Null,Null,'SISA',9902224,6,3),
(1900736,'2019-04-13','2019-04-15',Null,Null,'SISA',9902224,1,3),
(1900532,'2019-03-17','2019-03-19',Null,Null,'SISA',9902224,2,1),
(1901347,'2019-07-04','2019-07-10',Null,Null,'SISA',9902224,4,3),
(1901486,'2019-07-27','2019-07-31',Null,Null,'SISA',9902224,2,1),
(1901447,'2019-07-21','2019-07-23',Null,Null,'SISA',9902224,2,4),
(1901888,'2019-09-22','2019-09-24',Null,Null,'SISA',9902224,6,2),
(1902529,'2019-12-18','2019-12-21',Null,Null,'SISA',9902224,1,3),
(1901744,'2019-09-03','2019-09-05',Null,Null,'SISA',9902224,3,3),
(1902098,'2019-10-19','2019-10-21',Null,Null,'SISA',9902224,6,2),
(1902442,'2019-12-02','2019-12-04',Null,Null,'SISA',9902224,3,2),
(1901631,'2019-08-14','2019-08-19',Null,Null,'SISA',9902224,6,1),
(1901712,'2019-08-28','2019-09-01',Null,Null,'SISA',9902224,5,1),
(1902052,'2019-10-11','2019-10-16',Null,Null,'SISA',9902224,3,1),
(1902472,'2019-12-07','2019-12-09',Null,Null,'SISA',9902224,2,2),
(1901543,'2019-08-03','2019-08-05',Null,Null,'SISA',9902224,1,3),
(1901576,'2019-08-08','2019-08-10',Null,Null,'SISA',9902224,6,3),
(1901671,'2019-08-21','2019-08-25',Null,Null,'SISA',9902224,5,1),
(1901783,'2019-09-07','2019-09-10',Null,Null,'SISA',9902224,4,3),
(1901829,'2019-09-14','2019-09-15',Null,Null,'SISA',9902224,6,1),
(1901958,'2019-09-27','2019-10-04',Null,Null,'SISA',9902224,2,2),
(1902300,'2019-11-13','2019-11-15',Null,Null,'SISA',9902224,3,1),
(1902405,'2019-11-27','2019-11-29',Null,Null,'SISA',9902224,6,2),
(1902004,'2019-10-06','2019-10-10',Null,Null,'SISA',9902224,4,4),
(1902167,'2019-10-27','2019-10-30',Null,Null,'SISA',9902224,4,3),
(1902502,'2019-12-13','2019-12-14',Null,Null,'SISA',9902224,6,4),
(1900613,'2019-03-27','2019-04-01',Null,Null,'SISA',9902224,6,2),
(1901848,'2019-09-17','2019-09-18',Null,Null,'SISA',9902224,5,2),
(1902125,'2019-10-23','2019-10-25',Null,Null,'SISA',9902224,4,1),
(1902219,'2019-11-04','2019-11-05',Null,Null,'SISA',9902224,3,2),
(1902279,'2019-11-10','2019-11-12',Null,Null,'SISA',9902224,2,4),
(1900023,'2019-01-01','2019-01-06',Null,Null,'SISA',9902224,4,4),
(1900782,'2019-04-19','2019-04-22',Null,Null,'SISA',9902224,4,2),
(1900816,'2019-04-25','2019-04-26',Null,Null,'SISA',9902224,2,3),
(1900134,'2019-01-20','2019-01-21',Null,Null,'CMA CGM',9735414,6,3),
(1900929,'2019-05-11','2019-05-12',Null,Null,'CMA CGM',9735414,2,2),
(1901129,'2019-06-09','2019-06-10',Null,Null,'CMA CGM',9735414,2,1),
(1900734,'2019-04-14','2019-04-14',Null,Null,'CMA CGM',9735414,4,3),
(1900325,'2019-02-16','2019-02-17',Null,Null,'CMA CGM',9735414,6,3),
(1900528,'2019-03-17','2019-03-18',Null,Null,'CMA CGM',9735414,6,2),
(1900414,'2019-02-28','2019-03-16',Null,Null,'SISA',9693237,4,2),
(1900019,'2019-01-03','2019-01-05',Null,Null,'SISA',9168201,4,5),
(1901364,'2019-07-11','2019-07-12',Null,Null,'SISA',9168201,2,2),
(1901265,'2019-06-27','2019-06-29',Null,Null,'SISA',9168201,4,1),
(1901396,'2019-07-15','2019-07-17',Null,Null,'SISA',9168201,4,1),
(1902343,'2019-11-19','2019-11-26',Null,Null,'SISA',9168201,1,1),
(1901565,'2019-08-05','2019-08-07',Null,Null,'SISA',9168201,6,3),
(1902429,'2019-12-01','2019-12-02',Null,Null,'SISA',9168201,4,5),
(1901897,'2019-09-20','2019-09-25',Null,Null,'SISA',9168201,6,4),
(1902255,'2019-11-07','2019-11-12',Null,Null,'SISA',9168201,3,2),
(1902552,'2019-12-21','2019-12-26',Null,Null,'SISA',9168201,4,1),
(1902059,'2019-10-15','2019-10-20',Null,Null,'SISA',9168201,2,1),
(1900438,'2019-03-04','2019-03-07',Null,Null,'HUMANN T',9201371,2,4),
(1901288,'2019-06-30','2019-07-02',Null,Null,'WORMS',9377225,3,3),
(1900937,'2019-05-11','2019-05-13',Null,Null,'WORMS',9653190,3,2),
(1901808,'2019-09-12','2019-09-13',Null,Null,'HUMANN T',9653190,1,3),
(1900722,'2019-04-10','2019-04-13',Null,Null,'HUMANN T',9814006,3,2),
(1902444,'2019-12-03','2019-12-04',Null,Null,'HUMANN T',9814006,1,2),
(1901331,'2019-07-07','2019-07-08',Null,Null,'SISA',9939088,6,1),
(1902014,'2019-10-09','2019-10-12',Null,Null,'SOGEBRAS',9355393,2,3),
(1901295,'2019-07-01','2019-07-01',Null,Null,'WORMS',9306536,5,1),
(1901787,'2019-09-09','2019-09-10',Null,Null,'TGO',9420136,1,3),
(1901841,'2019-09-15','2019-09-18',Null,Null,'TGO',9420136,5,2),
(1900354,'2019-02-21','2019-02-22',Null,Null,'SISA',9990528,2,4),
(1902474,'2019-12-07','2019-12-09',Null,Null,'HUMANN T',9650441,4,5),
(1900302,'2019-02-11','2019-02-15',Null,Null,'STOCALOIRE',9688107,4,1),
(1901324,'2019-06-29','2019-07-07',Null,Null,'SISA',9651392,3,3),
(1900307,'2019-02-14','2019-02-15',Null,Null,'HUMANN T',9185052,6,3),
(1901801,'2019-09-08','2019-09-13',Null,Null,'SISA',9208599,5,2),
(1902544,'2019-12-20','2019-12-25',Null,Null,'SISA',9665613,3,3),
(1901986,'2019-09-30','2019-10-07',Null,Null,'HUMANN T',9101630,6,3),
(1900659,'2019-04-03','2019-04-06',Null,Null,'SISA',9657005,1,3),
(1900818,'2019-04-20','2019-04-30',Null,Null,'SISA',9100609,2,1),
(1901701,'2019-08-27','2019-08-29',Null,Null,'SISA',9486812,2,1),
(1902050,'2019-10-13','2019-10-23',Null,Null,'TGO',9923493,2,2),
(1902373,'2019-11-20','2019-11-25',Null,Null,'SISA',9510839,1,1),
(1901299,'2019-07-01','2019-07-08',Null,Null,'HUMANN T',9357827,6,2),
(1900589,'2019-03-23','2019-03-27',Null,Null,'HUMANN T',9918263,4,3),
(1901422,'2019-07-19','2019-07-21',Null,Null,'HUMANN T',9110152,2,3),
(1902487,'2019-12-11','2019-12-13',Null,Null,'HUMANN T',9110152,2,4),
(1900651,'2019-04-03','2019-04-05',Null,Null,'HUMANN T',9862395,4,1),
(1900123,'2019-01-15','2019-01-21',Null,Null,'SISA',9132769,4,4),
(1900862,'2019-04-26','2019-05-09',Null,Null,'HUMANN T',9132769,1,3),
(1901902,'2019-09-21','2019-09-28',Null,Null,'SISA',9315834,2,2),
(1901467,'2019-07-24','2019-07-26',Null,Null,'SISA',9541387,4,2),
(1901953,'2019-10-02','2019-10-03',Null,Null,'SISA',9489048,2,2),
(1901501,'2019-07-29','2019-08-02',Null,Null,'SOGEBRAS',9249976,4,2),
(1901254,'2019-06-26','2019-07-11',Null,Null,'STOCALOIRE',9333760,1,2),
(1901907,'2019-09-24','2019-09-26',Null,Null,'SISA',9527081,5,1),
(1901957,'2019-10-02','2019-10-11',Null,Null,'STOCALOIRE',9160654,4,4),
(1902354,'2019-11-19','2019-11-22',Null,Null,'SISA',9418987,5,2),
(1900367,'2019-02-22','2019-02-23',Null,Null,'HUMANN T',9767779,4,1),
(1900504,'2019-03-13','2019-03-14',Null,Null,'HUMANN T',9767779,5,1),
(1900269,'2019-02-09','2019-02-10',Null,Null,'HUMANN T',9767779,5,2),
(1901688,'2019-08-25','2019-08-27',Null,Null,'HUMANN T',9767779,3,1),
(1901802,'2019-09-11','2019-09-12',Null,Null,'HUMANN T',9767779,4,1),
(1901949,'2019-09-30','2019-10-02',Null,Null,'HUMANN T',9767779,4,4),
(1901678,'2019-08-25','2019-08-26',Null,Null,'SISA',9659646,1,3),
(1901185,'2019-06-12','2019-06-19',Null,Null,'HUMANN T',9975189,2,3),
(1901674,'2019-08-24','2019-09-02',Null,Null,'FASA',9238763,6,1),
(1900847,'2019-04-29','2019-05-07',Null,Null,'SISA',9146735,2,3),
(1901137,'2019-06-10','2019-06-21',Null,Null,'SISA',9846784,4,2),
(1902359,'2019-11-18','2019-11-30',Null,Null,'STOCALOIRE',9571862,2,2),
(1900815,'2019-04-24','2019-04-27',Null,Null,'HUMANN T',9257002,1,1),
(1900868,'2019-04-28','2019-05-04',Null,Null,'HUMANN T',9805817,4,3),
(1901151,'2019-06-08','2019-06-14',Null,Null,'HUMANN T',9650487,4,1),
(1900110,'2019-01-16','2019-01-17',Null,Null,'SISA',9338798,4,3),
(1901832,'2019-09-15','2019-09-15',Null,Null,'SISA',9305884,1,1),
(1901053,'2019-05-27','2019-05-29',Null,Null,'SISA',9305884,1,3),
(1900850,'2019-04-30','2019-04-30',Null,Null,'SI NANTES',9895666,1,3),
(1900629,'2019-03-31','2019-04-06',Null,Null,'SI NANTES',9714331,5,1),
(1901431,'2019-07-20','2019-07-21',Null,Null,'SISA',9714331,3,2),
(1901975,'2019-10-04','2019-10-05',Null,Null,'SI NANTES',9872438,5,2),
(1901230,'2019-06-23','2019-06-24',Null,Null,'SISA',9919997,2,3),
(1902538,'2019-12-21','2019-12-23',Null,Null,'SISA',9919997,6,4),
(1900142,'2019-01-19','2019-02-01',Null,Null,'STOCALOIRE',9313378,3,1),
(1901074,'2019-06-01','2019-06-05',Null,Null,'STOCALOIRE',9313378,6,3),
(1900446,'2019-03-06','2019-03-08',Null,Null,'STOCALOIRE',9313378,1,3),
(1900770,'2019-04-18','2019-04-23',Null,Null,'STOCALOIRE',9313378,5,2),
(1901290,'2019-06-29','2019-07-02',Null,Null,'STOCALOIRE',9313378,1,1),
(1900978,'2019-05-17','2019-05-21',Null,Null,'STOCALOIRE',9313378,3,2),
(1900931,'2019-05-10','2019-05-14',Null,Null,'STOCALOIRE',9313378,6,2),
(1901191,'2019-06-18','2019-06-20',Null,Null,'STOCALOIRE',9313378,4,1),
(1901370,'2019-07-11','2019-07-16',Null,Null,'STOCALOIRE',9313378,1,2),
(1901685,'2019-08-20','2019-08-27',Null,Null,'STOCALOIRE',9313378,2,4),
(1901765,'2019-09-05','2019-09-09',Null,Null,'STOCALOIRE',9313378,6,3),
(1901569,'2019-08-06','2019-08-09',Null,Null,'STOCALOIRE',9313378,2,2),
(1902239,'2019-10-31','2019-11-08',Null,Null,'STOCALOIRE',9313378,6,3),
(1902513,'2019-12-15','2019-12-19',Null,Null,'STOCALOIRE',9313378,2,2),
(1901960,'2019-10-01','2019-10-04',Null,Null,'STOCALOIRE',9313378,1,2),
(1902367,'2019-11-21','2019-11-23',Null,Null,'STOCALOIRE',9313378,3,1),
(1901525,'2019-07-26','2019-08-02',Null,Null,'STOCALOIRE',9313378,4,4),
(2000027,'2019-12-29','2020-01-07',Null,Null,'STOCALOIRE',9313378,1,1),
(1902069,'2019-10-16','2019-10-18',Null,Null,'STOCALOIRE',9313378,2,4),
(1900639,'2019-04-01','2019-04-04',Null,Null,'SISA',9780967,4,2),
(1901852,'2019-09-17','2019-09-19',Null,Null,'AGSM',9537588,4,1),
(1900073,'2019-01-06','2019-01-13',Null,Null,'SISA',9849994,3,1),
(1900747,'2019-04-15','2019-04-19',Null,Null,'HUMANN T',9772358,2,2),
(1901261,'2019-06-27','2019-06-28',Null,Null,'SISA',9772358,2,2),
(1901206,'2019-06-20','2019-06-21',Null,Null,'SISA',9772358,4,1),
(1901346,'2019-07-08','2019-07-10',Null,Null,'SISA',9772358,4,1),
(1900470,'2019-03-09','2019-03-10',Null,Null,'SISA',9772358,6,3),
(1900844,'2019-04-29','2019-04-30',Null,Null,'SISA',9772358,6,3),
(1900451,'2019-03-07','2019-03-07',Null,Null,'WORMS',9743622,1,3),
(1900360,'2019-02-21','2019-02-23',Null,Null,'SISA',9667108,4,4),
(1902226,'2019-11-05','2019-11-06',Null,Null,'SISA',9667108,4,3),
(1902425,'2019-12-01','2019-12-02',Null,Null,'SISA',9667108,6,3),
(1900130,'2019-01-19','2019-01-22',Null,Null,'SISA',9674027,5,1),
(1900080,'2019-01-08','2019-01-14',Null,Null,'SISA',9674027,4,2),
(1900328,'2019-02-12','2019-02-19',Null,Null,'SISA',9674027,2,2),
(1900654,'2019-04-03','2019-04-06',Null,Null,'SISA',9674027,6,2),
(1901077,'2019-06-01','2019-06-03',Null,Null,'SISA',9674027,4,4),
(1900169,'2019-01-25','2019-01-27',Null,Null,'SISA',9674027,4,5),
(1900212,'2019-01-30','2019-02-03',Null,Null,'SISA',9674027,2,4),
(1900254,'2019-02-06','2019-02-10',Null,Null,'SISA',9674027,5,2),
(1900358,'2019-02-21','2019-02-23',Null,Null,'SISA',9674027,6,3),
(1900544,'2019-03-18','2019-03-22',Null,Null,'SISA',9674027,2,2),
(1900715,'2019-04-11','2019-04-14',Null,Null,'SISA',9674027,3,1),
(1900892,'2019-05-04','2019-05-07',Null,Null,'SISA',9674027,1,3),
(1901368,'2019-07-08','2019-07-13',Null,Null,'SISA',9674027,6,1),
(1900400,'2019-02-26','2019-03-02',Null,Null,'SISA',9674027,3,1),
(1900483,'2019-03-08','2019-03-12',Null,Null,'SISA',9674027,2,3),
(1900515,'2019-03-15','2019-03-16',Null,Null,'SISA',9674027,4,4),
(1900845,'2019-04-26','2019-05-01',Null,Null,'SISA',9674027,6,1),
(1900435,'2019-03-04','2019-03-06',Null,Null,'SISA',9674027,1,1),
(1901643,'2019-08-15','2019-08-21',Null,Null,'SISA',9674027,3,1),
(1901932,'2019-09-26','2019-10-01',Null,Null,'SISA',9674027,2,3),
(1902417,'2019-11-28','2019-12-01',Null,Null,'SISA',9674027,2,2),
(1902473,'2019-12-04','2019-12-09',Null,Null,'SISA',9674027,6,4),
(1902586,'2019-12-30','2020-01-01',Null,Null,'SISA',9674027,1,3),
(1901464,'2019-07-24','2019-07-26',Null,Null,'SISA',9674027,1,3),
(1902075,'2019-10-17','2019-10-19',Null,Null,'SISA',9674027,2,2),
(1901530,'2019-08-01','2019-08-03',Null,Null,'SISA',9674027,3,1),
(1901587,'2019-08-11','2019-08-12',Null,Null,'SISA',9674027,1,2),
(1901564,'2019-08-06','2019-08-08',Null,Null,'SISA',9674027,5,1),
(1901677,'2019-08-24','2019-08-26',Null,Null,'SISA',9674027,5,1),
(1901736,'2019-08-30','2019-09-03',Null,Null,'SISA',9674027,3,1),
(1901776,'2019-09-07','2019-09-08',Null,Null,'SISA',9674027,1,2),
(1901842,'2019-09-12','2019-09-18',Null,Null,'SISA',9674027,6,3),
(1901878,'2019-09-20','2019-09-22',Null,Null,'SISA',9674027,1,3),
(1901980,'2019-10-04','2019-10-05',Null,Null,'SISA',9674027,1,2),
(1902017,'2019-10-08','2019-10-11',Null,Null,'SISA',9674027,1,2),
(1902507,'2019-12-14','2019-12-16',Null,Null,'SISA',9674027,4,3),
(1902248,'2019-11-07','2019-11-08',Null,Null,'SISA',9674027,6,4),
(1900610,'2019-03-25','2019-03-30',Null,Null,'SISA',9674027,1,1),
(1901204,'2019-06-15','2019-06-21',Null,Null,'SISA',9674027,6,1),
(1902330,'2019-11-17','2019-11-19',Null,Null,'SISA',9674027,2,4),
(1902302,'2019-11-14','2019-11-15',Null,Null,'SISA',9674027,4,3),
(1902559,'2019-12-19','2019-12-26',Null,Null,'SISA',9674027,6,4),
(1901434,'2019-07-16','2019-07-21',Null,Null,'SISA',9674027,2,4),
(1902199,'2019-11-01','2019-11-02',Null,Null,'SISA',9674027,6,3),
(1900789,'2019-04-18','2019-04-23',Null,Null,'SISA',9674027,3,3),
(1902152,'2019-10-22','2019-10-27',Null,Null,'SISA',9674027,1,1),
(1900765,'2019-04-17','2019-04-21',Null,Null,'SISA',9238247,5,1),
(1900636,'2019-03-29','2019-04-05',Null,Null,'SISA',9238247,1,3),
(1901818,'2019-09-13','2019-10-30',Null,Null,'HUMANN T',9584841,4,5),
(1901232,'2019-06-21','2019-06-27',Null,Null,'SISA',9334508,5,1),
(1902076,'2019-10-16','2019-10-18',Null,Null,'TGO',9797513,2,1),
(1900739,'2019-04-14','2019-04-15',Null,Null,'WORMS',9207709,3,3),
(1902392,'2019-11-20','2019-11-30',Null,Null,'FASA',9565269,2,3),
(1901195,'2019-06-19','2019-06-20',Null,Null,'WORMS',9443451,2,3),
(1901830,'2019-09-14','2019-09-16',Null,Null,'HUMANN T',9252925,2,1),
(1900706,'2019-04-09','2019-04-11',Null,Null,'WORMS',9239935,4,1),
(1901474,'2019-07-26','2019-07-27',Null,Null,'WORMS',9239935,3,2),
(1902419,'2019-11-29','2019-12-01',Null,Null,'WORMS',9239935,2,2),
(1902382,'2019-11-20','2019-11-25',Null,Null,'SISA',9239935,1,1),
(1902157,'2019-10-25','2019-10-31',Null,Null,'WORMS',9239935,2,1),
(1900499,'2019-03-09','2019-03-13',Null,Null,'WORMS',9239867,3,3),
(1902317,'2019-11-15','2019-11-18',Null,Null,'HUMANN T',9239867,2,4),
(1900261,'2019-02-08','2019-02-09',Null,Null,'WORMS',9239867,1,2),
(1900147,'2019-01-23','2019-01-23',Null,Null,'SI NANTES',9391911,1,1),
(1901304,'2019-07-03','2019-07-03',Null,Null,'SISA',9391911,2,1),
(1900182,'2019-01-26','2019-01-28',Null,Null,'SISA',9696416,5,2),
(1901189,'2019-06-18','2019-06-25',Null,Null,'HUMANN T',9794593,6,4),
(1900403,'2019-02-26','2019-03-02',Null,Null,'SISA',9675091,4,4),
(1900687,'2019-04-04','2019-04-09',Null,Null,'SISA',9675091,6,2),
(1901620,'2019-08-16','2019-08-20',Null,Null,'SISA',9675091,1,2),
(1902263,'2019-11-08','2019-11-11',Null,Null,'SISA',9675091,2,1),
(1901909,'2019-09-25','2019-09-27',Null,Null,'WORMS',9649638,1,3),
(1900936,'2019-05-07','2019-05-22',Null,Null,'SISA',9517457,6,4),
(1901397,'2019-07-16','2019-07-16',Null,Null,'WORMS',9907743,4,5),
(1902088,'2019-10-18','2019-10-23',Null,Null,'FASA',9573254,4,5),
(1901951,'2019-10-02','2019-10-03',Null,Null,'STOCALOIRE',9343870,3,1),
(1902281,'2019-11-06','2019-11-14',Null,Null,'SISA',9578579,1,2),
(1901342,'2019-07-08','2019-07-09',Null,Null,'HUMANN T',9870428,2,4),
(1901427,'2019-07-19','2019-07-20',Null,Null,'HUMANN T',9870428,3,1),
(1901619,'2019-08-15','2019-08-17',Null,Null,'HUMANN T',9870428,2,3),
(1902385,'2019-11-24','2019-11-25',Null,Null,'HUMANN T',9870428,4,3),
(1902044,'2019-10-13','2019-10-15',Null,Null,'SISA',9371103,3,2),
(1902138,'2019-10-24','2019-10-26',Null,Null,'SISA',9371103,4,3),
(1900343,'2019-02-20','2019-02-21',Null,Null,'WORMS',9190358,6,1),
(1901049,'2019-05-28','2019-05-29',Null,Null,'WORMS',9190358,6,4),
(1901148,'2019-06-12','2019-06-12',Null,Null,'WORMS',9190358,2,4),
(1900852,'2019-04-30','2019-05-02',Null,Null,'WORMS',9190358,6,2),
(1900955,'2019-05-15','2019-05-15',Null,Null,'WORMS',9190358,3,2),
(1900104,'2019-01-12','2019-01-17',Null,Null,'WORMS',9190358,2,3),
(1900303,'2019-02-14','2019-02-14',Null,Null,'WORMS',9190358,6,2),
(1900450,'2019-03-07','2019-03-07',Null,Null,'WORMS',9190358,5,2),
(1900556,'2019-03-21','2019-03-21',Null,Null,'WORMS',9190358,1,1),
(1900661,'2019-04-04','2019-04-04',Null,Null,'WORMS',9190358,3,1),
(1901246,'2019-06-26','2019-06-27',Null,Null,'WORMS',9190358,1,1),
(1901353,'2019-07-10','2019-07-10',Null,Null,'WORMS',9190358,6,2),
(1901469,'2019-07-25','2019-08-07',Null,Null,'WORMS',9190358,3,2),
(1902485,'2019-12-10','2019-12-11',Null,Null,'WORMS',9190358,4,1),
(1902550,'2019-12-24','2019-12-24',Null,Null,'WORMS',9190358,4,2),
(1902402,'2019-11-26','2019-11-27',Null,Null,'WORMS',9190358,2,2),
(1901650,'2019-08-21','2019-08-29',Null,Null,'WORMS',9190358,3,2),
(1900757,'2019-04-17','2019-04-17',Null,Null,'WORMS',9190358,2,2),
(1901906,'2019-09-25','2019-09-26',Null,Null,'WORMS',9190358,6,2),
(1902189,'2019-10-28','2019-10-31',Null,Null,'WORMS',9190358,2,4),
(1900066,'2019-01-11','2019-01-12',Null,Null,'WORMS',9190358,2,2),
(1902132,'2019-10-24','2019-10-24',Null,Null,'WORMS',9190358,6,2),
(1900057,'2019-01-10','2019-01-10',Null,Null,'STFMO',9948787,5,1),
(1900068,'2019-01-11','2019-01-11',Null,Null,'STFMO',9948787,6,2),
(1900155,'2019-01-24','2019-01-24',Null,Null,'STFMO',9948787,6,3),
(1900063,'2019-01-10','2019-01-10',Null,Null,'STFMO',9948787,5,1),
(1900072,'2019-01-11','2019-01-11',Null,Null,'STFMO',9948787,4,2),
(1900083,'2019-01-12','2019-01-12',Null,Null,'STFMO',9948787,3,3),
(1900087,'2019-01-13','2019-01-13',Null,Null,'STFMO',9948787,6,3),
(1900125,'2019-01-18','2019-01-18',Null,Null,'STFMO',9948787,4,1),
(1900095,'2019-01-14','2019-01-15',Null,Null,'STFMO',9948787,4,5),
(1900111,'2019-01-17','2019-01-17',Null,Null,'STFMO',9948787,3,2),
(1900115,'2019-01-17','2019-01-17',Null,Null,'STFMO',9948787,1,1),
(1900132,'2019-01-19','2019-01-22',Null,Null,'STFMO',9948787,6,4),
(1900148,'2019-01-23','2019-01-23',Null,Null,'STFMO',9948787,3,2),
(1900179,'2019-01-26','2019-01-28',Null,Null,'STFMO',9948787,4,4),
(1900197,'2019-01-29','2019-01-30',Null,Null,'STFMO',9948787,6,2),
(1900203,'2019-01-31','2019-01-31',Null,Null,'STFMO',9948787,4,3),
(1900340,'2019-02-19','2019-02-19',Null,Null,'STFMO',9948787,4,2),
(1900348,'2019-02-21','2019-02-21',Null,Null,'STFMO',9948787,1,3),
(1900386,'2019-02-26','2019-02-26',Null,Null,'STFMO',9948787,5,2),
(1900491,'2019-03-12','2019-03-13',Null,Null,'STFMO',9948787,2,1),
(1900521,'2019-03-16','2019-03-16',Null,Null,'STFMO',9948787,4,3),
(1900642,'2019-04-01','2019-04-02',Null,Null,'STFMO',9948787,2,1),
(1900835,'2019-04-28','2019-04-28',Null,Null,'STFMO',9948787,2,4),
(1900867,'2019-05-02','2019-05-02',Null,Null,'STFMO',9948787,2,1),
(1900879,'2019-05-04','2019-05-04',Null,Null,'STFMO',9948787,2,1),
(1900943,'2019-05-13','2019-05-13',Null,Null,'STFMO',9948787,3,1),
(1900947,'2019-05-13','2019-05-14',Null,Null,'STFMO',9948787,2,3),
(1900967,'2019-05-17','2019-05-17',Null,Null,'STFMO',9948787,3,1),
(1900993,'2019-05-21','2019-05-21',Null,Null,'STFMO',9948787,4,5),
(1901052,'2019-05-29','2019-05-29',Null,Null,'STFMO',9948787,4,2),
(1901211,'2019-06-21','2019-06-21',Null,Null,'STFMO',9948787,6,3),
(1900196,'2019-01-28','2019-01-29',Null,Null,'STFMO',9948787,4,3),
(1900218,'2019-02-02','2019-02-02',Null,Null,'STFMO',9948787,2,2),
(1900241,'2019-02-06','2019-02-07',Null,Null,'STFMO',9948787,4,1),
(1900334,'2019-02-18','2019-02-18',Null,Null,'STFMO',9948787,1,1),
(1900355,'2019-02-22','2019-02-22',Null,Null,'STFMO',9948787,4,2),
(1900364,'2019-02-23','2019-02-23',Null,Null,'STFMO',9948787,5,1),
(1900415,'2019-03-02','2019-03-02',Null,Null,'STFMO',9948787,4,2),
(1900472,'2019-03-09','2019-03-09',Null,Null,'STFMO',9948787,5,2),
(1900567,'2019-03-22','2019-03-22',Null,Null,'STFMO',9948787,4,4),
(1900580,'2019-03-25','2019-03-25',Null,Null,'STFMO',9948787,3,2),
(1900617,'2019-03-29','2019-03-29',Null,Null,'STFMO',9948787,6,3),
(1900851,'2019-04-30','2019-04-30',Null,Null,'STFMO',9948787,6,3),
(1900925,'2019-05-11','2019-05-11',Null,Null,'STFMO',9948787,6,3),
(1900964,'2019-05-17','2019-05-17',Null,Null,'STFMO',9948787,5,1),
(1900975,'2019-05-18','2019-05-18',Null,Null,'STFMO',9948787,5,2),
(1901083,'2019-06-02','2019-06-04',Null,Null,'STFMO',9948787,1,3),
(1901073,'2019-06-01','2019-06-01',Null,Null,'STFMO',9948787,5,2),
(1901120,'2019-06-08','2019-06-14',Null,Null,'STFMO',9948787,3,2),
(1901098,'2019-06-05','2019-06-08',Null,Null,'STFMO',9948787,4,4),
(1901177,'2019-06-15','2019-06-18',Null,Null,'STFMO',9948787,6,4),
(1901221,'2019-06-22','2019-06-25',Null,Null,'STFMO',9948787,4,1),
(1901207,'2019-06-20','2019-06-20',Null,Null,'STFMO',9948787,2,2),
(1901358,'2019-07-10','2019-07-11',Null,Null,'STFMO',9948787,5,1),
(1900206,'2019-01-31','2019-01-31',Null,Null,'STFMO',9948787,1,1),
(1900211,'2019-02-01','2019-02-02',Null,Null,'STFMO',9948787,6,4),
(1900255,'2019-02-08','2019-02-11',Null,Null,'STFMO',9948787,5,1),
(1900316,'2019-02-15','2019-02-16',Null,Null,'STFMO',9948787,4,5),
(1900421,'2019-03-02','2019-03-05',Null,Null,'STFMO',9948787,3,2),
(1900485,'2019-03-11','2019-03-11',Null,Null,'STFMO',9948787,6,2),
(1900519,'2019-03-15','2019-03-16',Null,Null,'STFMO',9948787,3,3),
(1900587,'2019-03-26','2019-03-26',Null,Null,'STFMO',9948787,6,2),
(1900607,'2019-03-28','2019-03-28',Null,Null,'STFMO',9948787,2,3),
(1900614,'2019-03-28','2019-03-28',Null,Null,'STFMO',9948787,3,2),
(1900678,'2019-04-06','2019-04-06',Null,Null,'STFMO',9948787,4,3),
(1900800,'2019-04-23','2019-04-23',Null,Null,'STFMO',9948787,6,2),
(1900804,'2019-04-23','2019-04-24',Null,Null,'STFMO',9948787,3,1),
(1900897,'2019-05-07','2019-05-07',Null,Null,'STFMO',9948787,4,5),
(1900981,'2019-05-19','2019-05-19',Null,Null,'STFMO',9948787,2,4),
(1901033,'2019-05-25','2019-05-25',Null,Null,'STFMO',9948787,4,3),
(1901035,'2019-05-25','2019-05-28',Null,Null,'STFMO',9948787,3,1),
(1901061,'2019-05-30','2019-05-31',Null,Null,'STFMO',9948787,2,2),
(1901092,'2019-06-04','2019-06-04',Null,Null,'STFMO',9948787,6,3),
(1901173,'2019-06-14','2019-06-15',Null,Null,'STFMO',9948787,5,2),
(1901168,'2019-06-14','2019-06-14',Null,Null,'STFMO',9948787,4,5),
(1901216,'2019-06-21','2019-06-21',Null,Null,'STFMO',9948787,3,3),
(1901244,'2019-06-25','2019-06-26',Null,Null,'STFMO',9948787,3,1),
(1901253,'2019-06-26','2019-06-28',Null,Null,'STFMO',9948787,5,1),
(1901269,'2019-06-28','2019-07-02',Null,Null,'STFMO',9948787,4,4),
(1901301,'2019-07-02','2019-07-02',Null,Null,'STFMO',9948787,2,4),
(1901341,'2019-07-08','2019-07-09',Null,Null,'STFMO',9948787,6,2),
(1901349,'2019-07-09','2019-07-09',Null,Null,'STFMO',9948787,5,1),
(1901355,'2019-07-10','2019-07-10',Null,Null,'STFMO',9948787,1,2),
(1901381,'2019-07-14','2019-07-14',Null,Null,'STFMO',9948787,5,2),
(1901394,'2019-07-15','2019-07-16',Null,Null,'STFMO',9948787,1,3),
(1900170,'2019-01-25','2019-01-26',Null,Null,'STFMO',9948787,6,1),
(1900231,'2019-02-05','2019-02-05',Null,Null,'STFMO',9948787,4,4),
(1900282,'2019-02-12','2019-02-12',Null,Null,'STFMO',9948787,4,4),
(1900289,'2019-02-12','2019-02-13',Null,Null,'STFMO',9948787,1,2),
(1900326,'2019-02-17','2019-02-17',Null,Null,'STFMO',9948787,4,1),
(1900395,'2019-02-27','2019-02-27',Null,Null,'STFMO',9948787,3,2),
(1900411,'2019-03-01','2019-03-01',Null,Null,'STFMO',9948787,3,1),
(1900507,'2019-03-14','2019-03-15',Null,Null,'STFMO',9948787,2,2),
(1900541,'2019-03-19','2019-03-19',Null,Null,'STFMO',9948787,1,3),
(1900618,'2019-03-29','2019-03-30',Null,Null,'STFMO',9948787,4,3),
(1900673,'2019-04-05','2019-04-05',Null,Null,'STFMO',9948787,2,2),
(1900828,'2019-04-27','2019-04-27',Null,Null,'STFMO',9948787,2,3),
(1900882,'2019-05-04','2019-05-04',Null,Null,'STFMO',9948787,4,2),
(1900930,'2019-05-11','2019-05-11',Null,Null,'STFMO',9948787,1,3),
(1900923,'2019-05-10','2019-05-11',Null,Null,'STFMO',9948787,4,4),
(1900934,'2019-05-12','2019-05-12',Null,Null,'STFMO',9948787,5,1),
(1900908,'2019-05-08','2019-05-10',Null,Null,'STFMO',9948787,6,1),
(1900939,'2019-05-12','2019-05-12',Null,Null,'STFMO',9948787,3,2),
(1900954,'2019-05-14','2019-05-15',Null,Null,'STFMO',9948787,4,5),
(1900999,'2019-05-21','2019-05-21',Null,Null,'STFMO',9948787,3,1),
(1901022,'2019-05-23','2019-05-24',Null,Null,'STFMO',9948787,1,2),
(1901025,'2019-05-24','2019-05-24',Null,Null,'STFMO',9948787,2,2),
(1901097,'2019-06-05','2019-06-05',Null,Null,'STFMO',9948787,1,1),
(1901190,'2019-06-18','2019-06-20',Null,Null,'STFMO',9948787,5,1),
(1901249,'2019-06-26','2019-06-26',Null,Null,'STFMO',9948787,6,1),
(1901334,'2019-07-07','2019-07-08',Null,Null,'STFMO',9948787,5,2),
(1901463,'2019-07-24','2019-07-26',Null,Null,'STFMO',9948787,4,5),
(1901338,'2019-07-08','2019-07-08',Null,Null,'STFMO',9948787,4,4),
(1901449,'2019-07-23','2019-07-23',Null,Null,'STFMO',9948787,1,1),
(1901457,'2019-07-24','2019-07-24',Null,Null,'STFMO',9948787,2,3),
(1901652,'2019-08-21','2019-08-21',Null,Null,'STFMO',9948787,1,3),
(1901686,'2019-08-26','2019-08-27',Null,Null,'STFMO',9948787,1,2),
(1901716,'2019-08-30','2019-08-30',Null,Null,'STFMO',9948787,6,3),
(1901702,'2019-08-28','2019-08-29',Null,Null,'STFMO',9948787,1,2),
(1901846,'2019-09-17','2019-09-17',Null,Null,'STFMO',9948787,2,4),
(1901922,'2019-09-27','2019-09-27',Null,Null,'STFMO',9948787,6,1),
(1902030,'2019-10-11','2019-10-11',Null,Null,'STFMO',9948787,5,1),
(1902073,'2019-10-17','2019-10-17',Null,Null,'STFMO',9948787,6,4),
(1902118,'2019-10-23','2019-10-27',Null,Null,'STFMO',9948787,4,2),
(1902137,'2019-10-24','2019-10-24',Null,Null,'STFMO',9948787,6,1),
(1902242,'2019-11-06','2019-11-08',Null,Null,'STFMO',9948787,4,5),
(1902262,'2019-11-08','2019-11-09',Null,Null,'STFMO',9948787,5,1),
(1902389,'2019-11-24','2019-11-25',Null,Null,'STFMO',9948787,6,1),
(1902489,'2019-12-10','2019-12-12',Null,Null,'STFMO',9948787,6,1),
(1902520,'2019-12-17','2019-12-18',Null,Null,'STFMO',9948787,2,1),
(1901490,'2019-07-28','2019-07-28',Null,Null,'STFMO',9948787,6,2),
(1901526,'2019-08-01','2019-08-01',Null,Null,'STFMO',9948787,5,2),
(1901542,'2019-08-03','2019-08-03',Null,Null,'STFMO',9948787,2,1),
(1901514,'2019-07-31','2019-07-31',Null,Null,'STFMO',9948787,6,2),
(1901548,'2019-08-04','2019-08-04',Null,Null,'STFMO',9948787,4,5),
(1901651,'2019-08-21','2019-08-21',Null,Null,'STFMO',9948787,1,3),
(1901657,'2019-08-22','2019-08-23',Null,Null,'STFMO',9948787,2,3),
(1901656,'2019-08-22','2019-08-22',Null,Null,'STFMO',9948787,6,2),
(1901720,'2019-08-31','2019-08-31',Null,Null,'STFMO',9948787,6,1),
(1901791,'2019-09-09','2019-09-11',Null,Null,'STFMO',9948787,3,2),
(1901856,'2019-09-18','2019-09-18',Null,Null,'STFMO',9948787,6,1),
(1902008,'2019-10-09','2019-10-09',Null,Null,'STFMO',9948787,4,5),
(1902140,'2019-10-25','2019-10-25',Null,Null,'STFMO',9948787,1,1),
(1902156,'2019-10-27','2019-10-31',Null,Null,'STFMO',9948787,6,4),
(1902272,'2019-11-10','2019-11-10',Null,Null,'STFMO',9948787,1,1),
(1902286,'2019-11-13','2019-11-13',Null,Null,'STFMO',9948787,6,1),
(1902422,'2019-11-30','2019-11-30',Null,Null,'STFMO',9948787,6,4),
(1902440,'2019-12-01','2019-12-03',Null,Null,'STFMO',9948787,2,1),
(1902446,'2019-12-03','2019-12-03',Null,Null,'STFMO',9948787,3,2),
(1902449,'2019-12-04','2019-12-04',Null,Null,'STFMO',9948787,4,5),
(1902467,'2019-12-07','2019-12-07',Null,Null,'STFMO',9948787,2,1),
(1902468,'2019-12-07','2019-12-07',Null,Null,'STFMO',9948787,5,2),
(1902477,'2019-12-08','2019-12-11',Null,Null,'STFMO',9948787,3,3),
(1901401,'2019-07-16','2019-07-16',Null,Null,'STFMO',9948787,1,3),
(1901437,'2019-07-21','2019-07-21',Null,Null,'STFMO',9948787,6,3),
(1901452,'2019-07-23','2019-07-23',Null,Null,'STFMO',9948787,4,1),
(1901487,'2019-07-28','2019-07-28',Null,Null,'STFMO',9948787,6,2),
(1901478,'2019-07-26','2019-07-27',Null,Null,'STFMO',9948787,1,1),
(1901495,'2019-07-29','2019-07-29',Null,Null,'STFMO',9948787,6,3),
(1901503,'2019-07-29','2019-07-30',Null,Null,'STFMO',9948787,4,5),
(1901511,'2019-07-31','2019-07-31',Null,Null,'STFMO',9948787,2,4),
(1901558,'2019-08-05','2019-08-20',Null,Null,'STFMO',9948787,3,1),
(1901722,'2019-08-31','2019-09-03',Null,Null,'STFMO',9948787,6,3),
(1901740,'2019-09-03','2019-09-06',Null,Null,'STFMO',9948787,4,1),
(1901779,'2019-09-08','2019-09-08',Null,Null,'STFMO',9948787,4,3),
(1901772,'2019-09-06','2019-09-06',Null,Null,'STFMO',9948787,3,3),
(1901817,'2019-09-13','2019-09-13',Null,Null,'STFMO',9948787,6,4),
(1901939,'2019-09-30','2019-10-01',Null,Null,'STFMO',9948787,4,3),
(1902087,'2019-10-18','2019-10-18',Null,Null,'STFMO',9948787,4,2),
(1902187,'2019-10-31','2019-10-31',Null,Null,'STFMO',9948787,4,1),
(1902265,'2019-11-09','2019-11-10',Null,Null,'STFMO',9948787,2,4),
(1902384,'2019-11-24','2019-11-24',Null,Null,'STFMO',9948787,1,1),
(1902396,'2019-11-25','2019-11-29',Null,Null,'STFMO',9948787,6,3),
(1902431,'2019-12-01','2019-12-02',Null,Null,'STFMO',9948787,2,4),
(1902499,'2019-12-12','2019-12-18',Null,Null,'STFMO',9948787,4,5),
(1901537,'2019-08-03','2019-08-03',Null,Null,'STFMO',9948787,2,3),
(1901673,'2019-08-24','2019-08-24',Null,Null,'STFMO',9948787,1,1),
(1901775,'2019-09-07','2019-09-07',Null,Null,'STFMO',9948787,3,2),
(1901824,'2019-09-13','2019-09-13',Null,Null,'STFMO',9948787,3,3),
(1901837,'2019-09-15','2019-09-15',Null,Null,'STFMO',9948787,6,3),
(1901843,'2019-09-16','2019-09-16',Null,Null,'STFMO',9948787,6,3),
(1901811,'2019-09-12','2019-09-12',Null,Null,'STFMO',9948787,1,3),
(1901851,'2019-09-18','2019-09-18',Null,Null,'STFMO',9948787,3,1),
(1901862,'2019-09-19','2019-09-19',Null,Null,'STFMO',9948787,4,5),
(1901875,'2019-09-21','2019-09-21',Null,Null,'STFMO',9948787,4,5),
(1901928,'2019-09-28','2019-09-28',Null,Null,'STFMO',9948787,2,2),
(1901912,'2019-09-26','2019-09-26',Null,Null,'STFMO',9948787,4,2),
(1901916,'2019-09-27','2019-09-27',Null,Null,'STFMO',9948787,4,4),
(1901948,'2019-10-01','2019-10-02',Null,Null,'STFMO',9948787,4,4),
(1902034,'2019-10-12','2019-10-12',Null,Null,'STFMO',9948787,4,5),
(1902036,'2019-10-12','2019-10-15',Null,Null,'STFMO',9948787,1,2),
(1902061,'2019-10-15','2019-10-17',Null,Null,'STFMO',9948787,3,3),
(1902071,'2019-10-17','2019-10-17',Null,Null,'STFMO',9948787,2,1),
(1902081,'2019-10-18','2019-10-18',Null,Null,'STFMO',9948787,1,2),
(1902180,'2019-10-30','2019-10-30',Null,Null,'STFMO',9948787,2,2),
(1902305,'2019-11-15','2019-11-15',Null,Null,'STFMO',9948787,3,1),
(1902320,'2019-11-16','2019-11-16',Null,Null,'STFMO',9948787,5,2),
(1902362,'2019-11-21','2019-11-21',Null,Null,'STFMO',9948787,5,2),
(1902426,'2019-11-30','2019-12-01',Null,Null,'STFMO',9948787,4,2),
(1902460,'2019-12-06','2019-12-06',Null,Null,'STFMO',9948787,2,4),
(1902517,'2019-12-16','2019-12-17',Null,Null,'STFMO',9948787,1,1),
(1902277,'2019-11-10','2019-11-13',Null,Null,'STFMO',9948787,2,3),
(1902324,'2019-11-17','2019-11-19',Null,Null,'STFMO',9948787,1,1),
(1902313,'2019-11-15','2019-11-15',Null,Null,'STFMO',9948787,2,2),
(1902315,'2019-11-16','2019-11-16',Null,Null,'STFMO',9948787,4,1),
(1902337,'2019-11-18','2019-11-19',Null,Null,'STFMO',9948787,6,1),
(1901075,'2019-06-02','2019-06-02',Null,Null,'STFMO',9948787,2,3),
(1900788,'2019-04-21','2019-04-21',Null,Null,'STFMO',9948787,2,1),
(1900092,'2019-01-13','2019-01-14',Null,Null,'STFMO',9948787,5,1),
(1901376,'2019-07-12','2019-07-13',Null,Null,'STFMO',9948787,2,1),
(1901379,'2019-07-13','2019-07-13',Null,Null,'STFMO',9948787,5,2),
(1901383,'2019-07-14','2019-07-14',Null,Null,'STFMO',9948787,4,1),
(1901956,'2019-10-02','2019-10-03',Null,Null,'STFMO',9948787,6,4),
(1901962,'2019-10-03','2019-10-03',Null,Null,'STFMO',9948787,1,3),
(1901973,'2019-10-04','2019-10-04',Null,Null,'STFMO',9948787,4,1),
(1902235,'2019-11-06','2019-11-06',Null,Null,'STFMO',9948787,5,2),
(1901967,'2019-10-03','2019-10-04',Null,Null,'STFMO',9948787,2,2),
(1901978,'2019-10-04','2019-10-08',Null,Null,'STFMO',9948787,2,1),
(1902100,'2019-10-20','2019-10-22',Null,Null,'STFMO',9948787,6,2),
(1902150,'2019-10-26','2019-10-26',Null,Null,'STFMO',9948787,5,2),
(1902178,'2019-10-30','2019-10-30',Null,Null,'STFMO',9948787,2,3),
(1902191,'2019-10-31','2019-10-31',Null,Null,'STFMO',9948787,3,1),
(1902201,'2019-10-31','2019-11-06',Null,Null,'STFMO',9948787,3,2),
(1902196,'2019-11-01','2019-11-01',Null,Null,'STFMO',9948787,6,2),
(1902299,'2019-11-14','2019-11-17',Null,Null,'STFMO',9948787,4,1),
(1900791,'2019-04-21','2019-04-21',Null,Null,'STFMO',9948787,6,2),
(1900794,'2019-04-22','2019-04-22',Null,Null,'STFMO',9948787,5,2),
(1900105,'2019-01-16','2019-01-16',Null,Null,'STFMO',9948787,6,4),
(1900576,'2019-03-24','2019-03-24',Null,Null,'STFMO',9948787,2,3),
(1902393,'2019-11-25','2019-11-25',Null,Null,'STFMO',9948787,6,2),
(1900099,'2019-01-15','2019-01-16',Null,Null,'STFMO',9948787,4,2),
(1900863,'2019-05-02','2019-05-02',Null,Null,'STFMO',9948787,3,3),
(1900871,'2019-05-03','2019-05-03',Null,Null,'STFMO',9948787,6,2),
(1902128,'2019-10-24','2019-10-24',Null,Null,'STFMO',9948787,4,5),
(1902526,'2019-12-18','2020-01-09',Null,Null,'STFMO',9948787,6,4),
(1900833,'2019-04-28','2019-04-28',Null,Null,'STFMO',9948787,3,1),
(1901892,'2019-09-23','2019-09-26',Null,Null,'STFMO',9948787,5,2),
(1902022,'2019-10-10','2019-10-11',Null,Null,'STFMO',9948787,4,3),
(1902155,'2019-10-26','2019-10-26',Null,Null,'STFMO',9948787,2,4),
(1900821,'2019-04-26','2019-04-27',Null,Null,'STFMO',9948787,2,1),
(1901869,'2019-09-20','2019-09-20',Null,Null,'STFMO',9948787,4,3),
(1902016,'2019-10-10','2019-10-10',Null,Null,'STFMO',9948787,4,1),
(1900127,'2019-01-19','2019-01-19',Null,Null,'STFMO',9948787,5,2),
(1900807,'2019-04-24','2019-04-24',Null,Null,'STFMO',9948787,4,5),
(1901058,'2019-05-29','2019-05-30',Null,Null,'STFMO',9948787,2,4),
(1901306,'2019-07-03','2019-07-05',Null,Null,'STFMO',9948787,4,5),
(1902348,'2019-11-19','2019-11-21',Null,Null,'STFMO',9948787,3,3),
(1902379,'2019-11-23','2019-11-24',Null,Null,'STFMO',9948787,4,5),
(1901277,'2019-06-29','2019-06-30',Null,Null,'HUMANN T',9670032,2,2),
(1901119,'2019-06-08','2019-06-09',Null,Null,'HUMANN T',9670032,1,1),
(1901512,'2019-07-29','2019-08-01',Null,Null,'HUMANN T',9670032,1,1),
(1901771,'2019-09-06','2019-09-08',Null,Null,'HUMANN T',9670032,1,3),
(1900137,'2019-01-20','2019-01-21',Null,Null,'HUMANN T',9670032,4,4),
(1900825,'2019-04-26','2019-04-29',Null,Null,'SISA',9198739,4,3),
(1902332,'2019-11-18','2019-11-18',Null,Null,'WORMS',9519201,2,3),
(1901127,'2019-06-04','2019-06-13',Null,Null,'AGSM',9633267,2,4),
(1900913,'2019-05-09','2019-05-11',Null,Null,'HUMANN T',9673521,1,1),
(1902463,'2019-12-05','2019-12-08',Null,Null,'SISA',9392087,1,3),
(1902224,'2019-11-03','2019-11-05',Null,Null,'HUMANN T',9392087,3,1),
(1900126,'2019-01-18','2019-01-30',Null,Null,'STOCALOIRE',9875526,6,4),
(1901572,'2019-08-08','2019-08-09',Null,Null,'TGO',9773085,6,2),
(1900994,'2019-05-20','2019-05-22',Null,Null,'HUMANN T',9625757,4,2),
(1901366,'2019-07-11','2019-07-12',Null,Null,'HUMANN T',9625757,4,3),
(1902250,'2019-11-07','2019-11-08',Null,Null,'HUMANN T',9625757,2,2),
(1901313,'2019-07-04','2019-07-04',Null,Null,'HUMANN T',9625757,1,2),
(1900161,'2019-01-24','2019-01-25',Null,Null,'HUMANN T',9723798,6,1),
(1901178,'2019-06-15','2019-06-16',Null,Null,'HUMANN T',9723798,2,2),
(1901235,'2019-06-24','2019-06-25',Null,Null,'HUMANN T',9723798,1,1),
(1901718,'2019-08-30','2019-08-31',Null,Null,'HUMANN T',9723798,4,1),
(1902184,'2019-10-30','2019-10-31',Null,Null,'HUMANN T',9723798,2,1),
(1900069,'2019-01-11','2019-01-11',Null,Null,'DTM',9797765,3,3),
(1900107,'2019-01-16','2019-01-16',Null,Null,'DTM',9797765,2,3),
(1900416,'2019-03-02','2019-03-02',Null,Null,'DTM',9797765,4,3),
(1900449,'2019-03-07','2019-03-07',Null,Null,'DTM',9797765,2,1),
(1900461,'2019-03-08','2019-03-08',Null,Null,'DTM',9797765,6,1),
(1901224,'2019-06-22','2019-06-23',Null,Null,'DTM',9797765,2,3),
(1900372,'2019-02-23','2019-02-23',Null,Null,'DTM',9797765,1,2),
(1900463,'2019-03-08','2019-03-08',Null,Null,'DTM',9797765,1,3),
(1901026,'2019-05-24','2019-05-24',Null,Null,'DTM',9797765,5,2),
(1901020,'2019-05-24','2019-05-24',Null,Null,'DTM',9797765,4,2),
(1901080,'2019-06-02','2019-06-02',Null,Null,'DTM',9797765,2,3),
(1901131,'2019-06-09','2019-06-10',Null,Null,'DTM',9797765,4,1),
(1900026,'2019-01-05','2019-01-05',Null,Null,'DTM',9797765,2,1),
(1900030,'2019-01-06','2019-01-06',Null,Null,'DTM',9797765,6,1),
(1900118,'2019-01-18','2019-01-18',Null,Null,'DTM',9797765,1,1),
(1900327,'2019-02-17','2019-02-17',Null,Null,'DTM',9797765,3,3),
(1900368,'2019-02-23','2019-02-23',Null,Null,'DTM',9797765,4,2),
(1900396,'2019-02-27','2019-02-27',Null,Null,'DTM',9797765,6,1),
(1900725,'2019-04-12','2019-04-13',Null,Null,'DTM',9797765,3,1),
(1901010,'2019-05-23','2019-05-23',Null,Null,'DTM',9797765,4,5),
(1901181,'2019-06-16','2019-06-16',Null,Null,'DTM',9797765,4,5),
(1901217,'2019-06-21','2019-06-21',Null,Null,'DTM',9797765,6,3),
(1901274,'2019-06-29','2019-06-29',Null,Null,'DTM',9797765,4,1),
(1900336,'2019-02-18','2019-02-18',Null,Null,'DTM',9797765,2,1),
(1900338,'2019-02-18','2019-02-18',Null,Null,'DTM',9797765,4,4),
(1900413,'2019-03-01','2019-03-01',Null,Null,'DTM',9797765,4,4),
(1900457,'2019-03-07','2019-03-07',Null,Null,'DTM',9797765,5,1),
(1900754,'2019-04-17','2019-04-17',Null,Null,'DTM',9797765,1,1),
(1900790,'2019-04-21','2019-04-21',Null,Null,'DTM',9797765,2,2),
(1901117,'2019-06-08','2019-06-08',Null,Null,'DTM',9797765,2,4),
(1901136,'2019-06-10','2019-06-10',Null,Null,'DTM',9797765,6,2),
(1901499,'2019-07-29','2019-07-29',Null,Null,'DTM',9797765,4,4),
(1901535,'2019-08-02','2019-08-02',Null,Null,'DTM',9797765,2,2),
(1901438,'2019-07-21','2019-07-22',Null,Null,'DTM',9797765,2,3),
(1901633,'2019-08-18','2019-08-18',Null,Null,'DTM',9797765,2,2),
(1901669,'2019-08-23','2019-08-24',Null,Null,'DTM',9797765,1,2),
(1902383,'2019-11-24','2019-11-24',Null,Null,'DTM',9797765,6,4),
(1901482,'2019-07-27','2019-07-27',Null,Null,'DTM',9797765,4,1),
(1901516,'2019-07-31','2019-07-31',Null,Null,'DTM',9797765,4,1),
(1901531,'2019-08-02','2019-08-02',Null,Null,'DTM',9797765,2,3),
(1901538,'2019-08-03','2019-08-03',Null,Null,'DTM',9797765,1,1),
(1901589,'2019-08-11','2019-08-11',Null,Null,'DTM',9797765,4,3),
(1901626,'2019-08-17','2019-08-17',Null,Null,'DTM',9797765,5,1),
(1901889,'2019-09-23','2019-09-23',Null,Null,'DTM',9797765,1,3),
(1902037,'2019-10-12','2019-10-12',Null,Null,'DTM',9797765,2,1),
(1902042,'2019-10-13','2019-10-13',Null,Null,'DTM',9797765,6,1),
(1902141,'2019-10-25','2019-10-25',Null,Null,'DTM',9797765,2,2),
(1902455,'2019-12-05','2019-12-05',Null,Null,'DTM',9797765,5,1),
(1902470,'2019-12-07','2019-12-07',Null,Null,'DTM',9797765,3,1),
(1901983,'2019-10-05','2019-10-06',Null,Null,'DTM',9797765,1,1),
(1902312,'2019-11-15','2019-11-15',Null,Null,'DTM',9797765,2,3),
(1902325,'2019-11-17','2019-11-17',Null,Null,'DTM',9797765,4,5),
(1902366,'2019-11-22','2019-11-22',Null,Null,'DTM',9797765,4,4),
(1902404,'2019-11-27','2019-12-01',Null,Null,'DTM',9797765,2,3),
(1901618,'2019-08-16','2019-08-16',Null,Null,'DTM',9797765,4,1),
(1901629,'2019-08-18','2019-08-18',Null,Null,'DTM',9797765,6,2),
(1901717,'2019-08-30','2019-08-30',Null,Null,'DTM',9797765,5,1),
(1901755,'2019-09-05','2019-09-05',Null,Null,'DTM',9797765,4,1),
(1901882,'2019-09-22','2019-09-22',Null,Null,'DTM',9797765,4,1),
(1901894,'2019-09-23','2019-09-23',Null,Null,'DTM',9797765,1,3),
(1901988,'2019-10-06','2019-10-07',Null,Null,'DTM',9797765,4,5),
(1902310,'2019-11-14','2019-11-18',Null,Null,'DTM',9797765,3,3),
(1902363,'2019-11-21','2019-11-22',Null,Null,'DTM',9797765,1,2),
(1902372,'2019-11-22','2019-11-22',Null,Null,'DTM',9797765,4,3),
(1900664,'2019-04-04','2019-04-04',Null,Null,'DTM',9797765,3,1),
(1901126,'2019-06-09','2019-06-09',Null,Null,'DTM',9797765,5,2),
(1901921,'2019-09-27','2019-09-27',Null,Null,'DTM',9797765,5,2),
(1901959,'2019-10-02','2019-10-03',Null,Null,'DTM',9797765,1,1),
(1900777,'2019-04-19','2019-04-19',Null,Null,'DTM',9797765,4,1),
(1900880,'2019-05-04','2019-05-04',Null,Null,'DTM',9797765,1,3),
(1902144,'2019-10-25','2019-10-25',Null,Null,'DTM',9797765,3,1),
(1902321,'2019-11-16','2019-11-17',Null,Null,'DTM',9797765,6,1),
(1901167,'2019-06-14','2019-06-14',Null,Null,'DTM',9797765,5,1),
(1900075,'2019-01-11','2019-01-12',Null,Null,'DTM',9797765,1,1),
(1901176,'2019-06-15','2019-06-15',Null,Null,'DTM',9797765,4,4),
(1902102,'2019-10-20','2019-10-21',Null,Null,'DTM',9797765,4,5),
(1900775,'2019-04-19','2019-04-19',Null,Null,'DTM',9797765,4,1),
(1902229,'2019-11-05','2019-11-06',Null,Null,'HUMANN T',9178759,3,1),
(1901759,'2019-09-04','2019-09-12',Null,Null,'SISA',9388415,6,4),
(1900103,'2019-01-16','2019-01-21',Null,Null,'WORMS',9784104,4,3),
(1900156,'2019-01-21','2019-01-24',Null,Null,'WORMS',9784104,4,4),
(1900244,'2019-02-07','2019-02-07',Null,Null,'WORMS',9784104,4,1),
(1901905,'2019-09-25','2019-09-30',Null,Null,'SISA',9473277,5,1),
(1901628,'2019-08-14','2019-08-20',Null,Null,'SISA',9479858,1,3),
(1900772,'2019-04-18','2019-04-21',Null,Null,'HUMANN T',9317946,4,4),
(1900527,'2019-03-16','2019-03-19',Null,Null,'HUMANN T',9317946,2,1),
(1901895,'2019-09-21','2019-09-29',Null,Null,'HUMANN T',9980145,6,2),
(1900563,'2019-03-21','2019-03-26',Null,Null,'SISA',9918731,6,3),
(1900383,'2019-02-24','2019-02-27',Null,Null,'HUMANN T',9667690,1,1),
(1901144,'2019-06-11','2019-06-14',Null,Null,'HUMANN T',9667690,2,4),
(1901520,'2019-07-28','2019-08-06',Null,Null,'SISA',9667690,3,3),
(1902049,'2019-10-14','2019-10-18',Null,Null,'SISA',9921737,6,4),
(1901876,'2019-09-21','2019-09-22',Null,Null,'HUMANN T',9562963,6,3),
(1901741,'2019-09-02','2019-09-04',Null,Null,'HUMANN T',9562963,6,3),
(1901819,'2019-09-12','2019-09-13',Null,Null,'HUMANN T',9562963,1,2),
(1900329,'2019-02-16','2019-02-18',Null,Null,'HUMANN T',9865944,5,2),
(1902532,'2019-12-20','2019-12-21',Null,Null,'SI NANTES',9865944,3,3),
(1900817,'2019-04-25','2019-04-27',Null,Null,'SI NANTES',9315105,5,1),
(1901125,'2019-06-09','2019-06-10',Null,Null,'SI NANTES',9315105,6,2),
(1900150,'2019-01-21','2019-01-24',Null,Null,'SISA',9315105,2,3),
(1901854,'2019-09-15','2019-09-19',Null,Null,'HUMANN T',9315105,6,2),
(1901952,'2019-10-01','2019-10-03',Null,Null,'HUMANN T',9811489,2,1),
(1901219,'2019-06-22','2019-06-22',Null,Null,'HUMANN T',9881005,5,2),
(1902338,'2019-11-18','2019-11-22',Null,Null,'HUMANN T',9887129,4,4),
(1900049,'2019-01-08','2019-01-12',Null,Null,'SISA',9613178,4,4),
(1900149,'2019-01-23','2019-01-25',Null,Null,'SISA',9817394,2,4),
(1900304,'2019-02-14','2019-02-15',Null,Null,'SISA',9817394,4,2),
(1900365,'2019-02-22','2019-02-23',Null,Null,'SISA',9817394,6,1),
(1901286,'2019-06-28','2019-07-02',Null,Null,'SISA',9817394,6,1),
(1901407,'2019-07-17','2019-07-19',Null,Null,'SISA',9817394,1,1),
(1900493,'2019-03-10','2019-03-13',Null,Null,'SISA',9817394,2,2),
(1901154,'2019-06-12','2019-06-28',Null,Null,'HUMANN T',9817394,2,2),
(1900560,'2019-03-21','2019-03-22',Null,Null,'SISA',9817394,1,3),
(1901034,'2019-05-24','2019-05-28',Null,Null,'SISA',9817394,5,2),
(1902129,'2019-10-23','2019-10-24',Null,Null,'SISA',9817394,6,4),
(1902475,'2019-12-07','2019-12-10',Null,Null,'SISA',9817394,1,1),
(1902564,'2019-12-23','2019-12-27',Null,Null,'SISA',9817394,4,4),
(1901551,'2019-08-04','2019-08-11',Null,Null,'HUMANN T',9817394,6,1),
(1901746,'2019-09-04','2019-09-05',Null,Null,'SISA',9817394,5,1),
(1901859,'2019-09-15','2019-09-20',Null,Null,'SISA',9817394,1,1),
(1901997,'2019-10-07','2019-10-08',Null,Null,'SISA',9817394,6,4),
(1902197,'2019-10-31','2019-11-05',Null,Null,'SISA',9817394,4,1),
(1900802,'2019-04-23','2019-05-01',Null,Null,'SISA',9817394,1,3),
(1901644,'2019-08-20','2019-08-27',Null,Null,'TGO',9620046,2,3),
(1900064,'2019-01-10','2019-01-12',Null,Null,'SOMALOIR',9292786,3,2),
(1900035,'2019-01-06','2019-01-07',Null,Null,'SOMALOIR',9292786,5,2),
(1900163,'2019-01-25','2019-01-26',Null,Null,'SOMALOIR',9292786,1,3),
(1900098,'2019-01-15','2019-01-16',Null,Null,'SOMALOIR',9292786,2,4),
(1900227,'2019-02-04','2019-02-04',Null,Null,'SOMALOIR',9292786,4,4),
(1900353,'2019-02-21','2019-02-23',Null,Null,'SOMALOIR',9292786,3,3),
(1900668,'2019-04-04','2019-04-06',Null,Null,'SOMALOIR',9292786,1,3),
(1900771,'2019-04-18','2019-04-20',Null,Null,'SOMALOIR',9292786,2,2),
(1900839,'2019-04-28','2019-04-29',Null,Null,'SOMALOIR',9292786,2,2),
(1901002,'2019-05-21','2019-05-22',Null,Null,'SOMALOIR',9292786,3,1),
(1901094,'2019-06-04','2019-06-05',Null,Null,'SOMALOIR',9292786,6,1),
(1901333,'2019-07-07','2019-07-08',Null,Null,'SOMALOIR',9292786,4,3),
(1901400,'2019-07-16','2019-07-18',Null,Null,'SOMALOIR',9292786,6,4),
(1901439,'2019-07-21','2019-07-22',Null,Null,'SOMALOIR',9292786,5,1),
(1900256,'2019-02-08','2019-02-09',Null,Null,'SOMALOIR',9292786,2,1),
(1900391,'2019-02-26','2019-02-27',Null,Null,'SOMALOIR',9292786,4,1),
(1900431,'2019-03-03','2019-03-04',Null,Null,'SOMALOIR',9292786,3,3),
(1900458,'2019-03-07','2019-03-09',Null,Null,'SOMALOIR',9292786,1,2),
(1900500,'2019-03-12','2019-03-13',Null,Null,'SOMALOIR',9292786,6,1),
(1900531,'2019-03-17','2019-03-18',Null,Null,'SOMALOIR',9292786,2,3),
(1900561,'2019-03-21','2019-03-23',Null,Null,'SOMALOIR',9292786,3,2),
(1900596,'2019-03-26','2019-03-27',Null,Null,'SOMALOIR',9292786,3,2),
(1900632,'2019-03-31','2019-04-01',Null,Null,'SOMALOIR',9292786,4,1),
(1900702,'2019-04-09','2019-04-10',Null,Null,'SOMALOIR',9292786,2,3),
(1900737,'2019-04-14','2019-04-15',Null,Null,'SOMALOIR',9292786,3,2),
(1900805,'2019-04-23','2019-04-24',Null,Null,'SOMALOIR',9292786,4,4),
(1900877,'2019-05-03','2019-05-04',Null,Null,'SOMALOIR',9292786,6,2),
(1901231,'2019-06-23','2019-06-24',Null,Null,'SOMALOIR',9292786,3,2),
(1901303,'2019-07-02','2019-07-03',Null,Null,'SOMALOIR',9292786,6,3),
(1901578,'2019-08-08','2019-08-14',Null,Null,'SOMALOIR',9292786,2,1),
(1900938,'2019-05-12','2019-05-13',Null,Null,'SOMALOIR',9292786,6,2),
(1900960,'2019-05-16','2019-05-18',Null,Null,'SOMALOIR',9292786,1,3),
(1901063,'2019-05-30','2019-06-01',Null,Null,'SOMALOIR',9292786,4,4),
(1901158,'2019-06-13','2019-06-15',Null,Null,'SOMALOIR',9292786,2,2),
(1901550,'2019-08-04','2019-08-05',Null,Null,'SOMALOIR',9292786,4,1),
(1901634,'2019-08-18','2019-08-19',Null,Null,'SOMALOIR',9292786,1,1),
(1901662,'2019-08-22','2019-08-24',Null,Null,'SOMALOIR',9292786,3,2),
(1901700,'2019-08-27','2019-08-28',Null,Null,'SOMALOIR',9292786,1,3),
(1900901,'2019-05-07','2019-05-08',Null,Null,'SOMALOIR',9292786,3,1),
(1901040,'2019-05-26','2019-05-27',Null,Null,'SOMALOIR',9292786,4,2),
(1901130,'2019-06-09','2019-06-10',Null,Null,'SOMALOIR',9292786,6,3),
(1901262,'2019-06-27','2019-06-29',Null,Null,'SOMALOIR',9292786,4,5),
(1901365,'2019-07-11','2019-07-13',Null,Null,'SOMALOIR',9292786,2,3),
(1901471,'2019-07-25','2019-07-27',Null,Null,'SOMALOIR',9292786,6,3),
(1901510,'2019-07-31','2019-07-31',Null,Null,'SOMALOIR',9292786,3,1),
(1901764,'2019-09-05','2019-09-07',Null,Null,'SOMALOIR',9292786,2,1),
(1902163,'2019-10-27','2019-10-28',Null,Null,'SOMALOIR',9292786,4,2),
(1902303,'2019-11-14','2019-11-16',Null,Null,'SOMALOIR',9292786,5,1),
(1902500,'2019-12-12','2019-12-14',Null,Null,'SOMALOIR',9292786,4,5),
(1901732,'2019-09-01','2019-09-02',Null,Null,'SOMALOIR',9292786,5,2),
(1901798,'2019-09-10','2019-09-11',Null,Null,'SOMALOIR',9292786,3,3),
(1902274,'2019-11-10','2019-11-11',Null,Null,'SOMALOIR',9292786,2,2),
(1902349,'2019-11-19','2019-11-20',Null,Null,'SOMALOIR',9292786,2,3),
(1901866,'2019-09-19','2019-09-21',Null,Null,'SOMALOIR',9292786,5,1),
(1901899,'2019-09-24','2019-09-25',Null,Null,'SOMALOIR',9292786,4,1),
(1901968,'2019-10-03','2019-10-05',Null,Null,'SOMALOIR',9292786,4,5),
(1902007,'2019-10-08','2019-10-09',Null,Null,'SOMALOIR',9292786,6,3),
(1902047,'2019-10-13','2019-10-14',Null,Null,'SOMALOIR',9292786,6,4),
(1902078,'2019-10-17','2019-10-19',Null,Null,'SOMALOIR',9292786,2,4),
(1902116,'2019-10-22','2019-10-23',Null,Null,'SOMALOIR',9292786,4,3),
(1902192,'2019-10-31','2019-11-01',Null,Null,'SOMALOIR',9292786,5,1),
(1902521,'2019-12-17','2019-12-19',Null,Null,'SOMALOIR',9292786,5,1),
(1901839,'2019-09-15','2019-09-16',Null,Null,'SOMALOIR',9292786,6,4),
(1901936,'2019-09-29','2019-09-30',Null,Null,'SOMALOIR',9292786,2,1),
(1902479,'2019-12-09','2019-12-10',Null,Null,'SOMALOIR',9292786,3,2),
(1900006,'2019-01-01','2019-01-02',Null,Null,'SOMALOIR',9292786,2,1),
(1900290,'2019-02-12','2019-02-13',Null,Null,'SOMALOIR',9292786,3,1),
(1900332,'2019-02-17','2019-02-18',Null,Null,'SOMALOIR',9292786,4,1),
(1901194,'2019-06-18','2019-06-19',Null,Null,'SOMALOIR',9292786,2,4),
(1902233,'2019-11-06','2019-11-06',Null,Null,'SOMALOIR',9292786,4,5),
(1902388,'2019-11-24','2019-11-25',Null,Null,'SOMALOIR',9292786,1,2),
(1902432,'2019-12-01','2019-12-02',Null,Null,'SOMALOIR',9292786,1,3),
(1900136,'2019-01-20','2019-01-21',Null,Null,'SOMALOIR',9292786,4,2),
(1900200,'2019-01-30','2019-01-31',Null,Null,'SOMALOIR',9292786,2,1),
(1902456,'2019-12-05','2019-12-06',Null,Null,'SOMALOIR',9292786,6,3),
(1902171,'2019-10-29','2019-10-31',Null,Null,'SISA',9843843,1,3),
(1902498,'2019-12-12','2019-12-13',Null,Null,'SISA',9843843,6,2),
(1902543,'2019-12-19','2019-12-24',Null,Null,'SISA',9843843,1,3),
(1902588,'2019-12-30','2020-01-03',Null,Null,'SISA',9843843,2,4),
(1900300,'2019-02-13','2019-02-14',Null,Null,'HUMANN T',9363989,4,3),
(1900059,'2019-01-10','2019-01-11',Null,Null,'SOGEBRAS',9363989,6,3),
(1901385,'2019-07-14','2019-07-18',Null,Null,'FASA',9403134,4,4),
(1900520,'2019-03-11','2019-03-21',Null,Null,'HUMANN T',9882978,4,1),
(1902531,'2019-12-20','2019-12-27',Null,Null,'SISA',9381448,6,1),
(1900586,'2019-03-25','2019-03-27',Null,Null,'WORMS',9830218,1,3),
(1900051,'2019-01-08','2019-01-09',Null,Null,'HUMANN T',9774685,6,2),
(1900680,'2019-04-05','2019-04-07',Null,Null,'HUMANN T',9774685,1,2),
(1901263,'2019-06-28','2019-06-28',Null,Null,'HUMANN T',9774685,2,4),
(1901041,'2019-05-26','2019-05-27',Null,Null,'HUMANN T',9774685,6,3),
(1901867,'2019-09-20','2019-09-20',Null,Null,'HUMANN T',9774685,5,2),
(1901527,'2019-07-30','2019-08-02',Null,Null,'HUMANN T',9774685,6,1),
(1900883,'2019-05-04','2019-05-05',Null,Null,'HUMANN T',9774685,4,2),
(1902057,'2019-10-13','2019-10-15',Null,Null,'HUMANN T',9774685,5,2),
(1902162,'2019-10-27','2019-10-28',Null,Null,'HUMANN T',9774685,2,4),
(1900799,'2019-04-22','2019-04-23',Null,Null,'HUMANN T',9774685,4,1),
(1900513,'2019-03-15','2019-03-18',Null,Null,'TGO',9991506,6,4),
(1900324,'2019-02-16','2019-02-19',Null,Null,'STOCALOIRE',9133441,2,4),
(1900667,'2019-04-04','2019-04-06',Null,Null,'SISA',9788018,6,2),
(1900812,'2019-04-21','2019-04-26',Null,Null,'SISA',9788018,1,2),
(1901248,'2019-06-24','2019-06-27',Null,Null,'SISA',9788018,5,1),
(1900109,'2019-01-16','2019-01-17',Null,Null,'TGO',9878943,6,3),
(1902245,'2019-11-07','2019-11-09',Null,Null,'HUMANN T',9159733,4,1),
(1900781,'2019-04-20','2019-04-24',Null,Null,'WORMS',9387481,6,2),
(1902497,'2019-12-12','2019-12-14',Null,Null,'SOGEBRAS',9329269,3,3),
(1902254,'2019-11-07','2019-11-12',Null,Null,'WORMS',9329269,2,3),
(1900786,'2019-04-21','2019-04-21',Null,Null,'WORMS',9785083,2,3),
(1901557,'2019-08-05','2019-08-06',Null,Null,'SOGEBRAS',9570237,2,3),
(1901084,'2019-06-02','2019-06-03',Null,Null,'CMA CGM',9668022,2,2),
(1900885,'2019-05-04','2019-05-05',Null,Null,'CMA CGM',9668022,4,2),
(1900691,'2019-04-08','2019-04-08',Null,Null,'CMA CGM',9668022,2,1),
(1902319,'2019-11-16','2019-11-22',Null,Null,'CDT',9256180,5,1),
(1901443,'2019-07-22','2019-07-23',Null,Null,'SI NANTES',9526700,2,3),
(1901995,'2019-10-07','2019-10-08',Null,Null,'SISA',9526700,4,2),
(1901881,'2019-09-21','2019-09-24',Null,Null,'SI NANTES',9313663,5,1),
(1900093,'2019-01-13','2019-01-14',Null,Null,'SISA',9205856,6,4),
(1901013,'2019-05-23','2019-05-24',Null,Null,'SISA',9205856,5,1),
(1901157,'2019-06-13','2019-06-14',Null,Null,'SISA',9205856,3,2),
(1901071,'2019-06-01','2019-06-02',Null,Null,'SISA',9205856,6,2),
(1900151,'2019-01-23','2019-01-25',Null,Null,'SISA',9205856,1,2),
(1901225,'2019-06-22','2019-06-23',Null,Null,'SISA',9205856,3,1),
(1901480,'2019-07-27','2019-07-28',Null,Null,'SISA',9205856,2,4),
(1902451,'2019-12-04','2019-12-06',Null,Null,'SISA',9205856,2,3),
(1902086,'2019-10-11','2019-10-19',Null,Null,'SISA',9205856,6,2),
(1902214,'2019-10-29','2019-11-04',Null,Null,'SISA',9517222,6,1),
(1900201,'2019-01-30','2019-01-31',Null,Null,'SOMALOIR',9338060,2,2),
(1900502,'2019-03-13','2019-03-14',Null,Null,'SOMALOIR',9338060,5,2),
(1900398,'2019-02-27','2019-02-28',Null,Null,'SOMALOIR',9338060,4,2),
(1900612,'2019-03-28','2019-03-30',Null,Null,'SOMALOIR',9338060,6,3),
(1902358,'2019-11-20','2019-11-24',Null,Null,'SOMALOIR',9338060,6,3),
(1900299,'2019-02-13','2019-02-14',Null,Null,'SOMALOIR',9338060,4,4),
(1902247,'2019-11-07','2019-11-07',Null,Null,'SOMALOIR',9338060,5,2),
(1901635,'2019-08-18','2019-08-19',Null,Null,'SOGEBRAS',9963804,5,1),
(1900592,'2019-03-26','2019-03-28',Null,Null,'CDT',9951279,4,2),
(1901725,'2019-09-01','2019-09-03',Null,Null,'CDT',9951279,3,2),
(1902202,'2019-11-01','2019-11-05',Null,Null,'CDT',9951279,6,3),
(1901698,'2019-08-27','2019-08-29',Null,Null,'CDT',9951279,3,1),
(1902170,'2019-10-29','2019-10-31',Null,Null,'CDT',9951279,4,1),
(1900551,'2019-03-20','2019-03-22',Null,Null,'CDT',9951279,1,2),
(1900333,'2019-02-17','2019-02-20',Null,Null,'SISA',9293668,2,4),
(1900310,'2019-02-12','2019-02-18',Null,Null,'SI NANTES',9219743,1,1),
(1900352,'2019-02-21','2019-02-21',Null,Null,'WORMS',9611645,4,2),
(1901410,'2019-07-18','2019-07-19',Null,Null,'HUMANN T',9771656,3,2),
(1901477,'2019-07-26','2019-07-28',Null,Null,'HUMANN T',9771656,1,3),
(1900222,'2019-02-01','2019-02-04',Null,Null,'HUMANN T',9388848,6,1),
(1901259,'2019-06-25','2019-06-29',Null,Null,'SISA',9449417,5,2),
(1902236,'2019-11-06','2019-11-07',Null,Null,'HUMANN T',9473701,2,4),
(1901141,'2019-06-11','2019-06-14',Null,Null,'SOGEBRAS',9485245,6,3),
(1901391,'2019-07-14','2019-07-16',Null,Null,'AGSM',9465164,5,2),
(1900514,'2019-03-15','2019-03-16',Null,Null,'FASA',9341339,5,1),
(1900562,'2019-03-21','2019-03-23',Null,Null,'STOCALOIRE',9912690,6,2),
(1900694,'2019-04-08','2019-04-09',Null,Null,'TGO',9326128,2,1),
(1900841,'2019-04-29','2019-05-04',Null,Null,'SOGEBRAS',9850704,2,1),
(1901062,'2019-05-29','2019-06-02',Null,Null,'SISA',9720207,4,1),
(1900345,'2019-02-20','2019-02-26',Null,Null,'STOCALOIRE',9478665,3,2),
(1901409,'2019-07-18','2019-07-19',Null,Null,'SISA',9877700,6,3),
(1900089,'2019-01-11','2019-01-14',Null,Null,'HUMANN T',9828242,2,4),
(1900409,'2019-03-01','2019-03-02',Null,Null,'FASA',9759943,6,3),
(1900977,'2019-05-18','2019-05-18',Null,Null,'CDT',9224636,4,5),
(1900731,'2019-04-13','2019-04-13',Null,Null,'CDT',9903305,4,4),
(1902415,'2019-11-29','2019-11-30',Null,Null,'AGSM',9128178,4,4),
(1900070,'2019-01-10','2019-01-15',Null,Null,'TGO',9864742,2,3),
(1902026,'2019-10-05','2019-10-15',Null,Null,'SISA',9612938,5,1),
(1900787,'2019-04-20','2019-04-23',Null,Null,'SOGEBRAS',9380373,2,3),
(1900961,'2019-05-17','2019-05-21',Null,Null,'TGO',9380373,4,4),
(1900060,'2019-01-10','2019-03-22',Null,Null,'CLT',9801585,4,4),
(1900602,'2019-03-26','2019-03-28',Null,Null,'HUMANN T',9724918,6,3),
(1901803,'2019-09-10','2019-09-12',Null,Null,'HUMANN T',9724918,6,1),
(1900927,'2019-05-11','2019-05-17',Null,Null,'SOGEBRAS',9866747,1,2),
(1900423,'2019-03-02','2019-03-04',Null,Null,'WORMS',9265472,3,1),
(1901858,'2019-09-16','2019-09-21',Null,Null,'TGO',9969286,4,4),
(1901561,'2019-08-06','2019-08-08',Null,Null,'SISA',9866362,4,2),
(1901179,'2019-06-14','2019-06-17',Null,Null,'SI NANTES',9866362,3,2),
(1902243,'2019-11-03','2019-11-12',Null,Null,'FASA',9588831,4,5),
(1900809,'2019-04-24','2019-05-03',Null,Null,'TGO',9588831,4,1),
(1900138,'2019-01-20','2019-01-21',Null,Null,'HUMANN T',9203863,4,1),
(1902084,'2019-10-18','2019-10-19',Null,Null,'SISA',9649737,2,3),
(1901008,'2019-05-23','2019-05-23',Null,Null,'SOMALOIR',9709832,4,2),
(1900806,'2019-04-24','2019-04-25',Null,Null,'SOMALOIR',9709832,6,1),
(1901599,'2019-08-13','2019-08-13',Null,Null,'SOMALOIR',9709832,2,2),
(1901424,'2019-07-17','2019-07-21',Null,Null,'SOMALOIR',9709832,1,1),
(1901860,'2019-09-19','2019-09-19',Null,Null,'SOMALOIR',9709832,5,1),
(1902296,'2019-11-14','2019-11-14',Null,Null,'SOMALOIR',9709832,2,1),
(1902509,'2019-12-15','2019-12-16',Null,Null,'SOMALOIR',9709832,6,1),
(1900337,'2019-02-18','2019-02-19',Null,Null,'WORMS',9306106,4,1),
(1900190,'2019-01-28','2019-01-29',Null,Null,'WORMS',9306106,2,4),
(1900041,'2019-01-07','2019-01-08',Null,Null,'WORMS',9306106,3,1),
(1900094,'2019-01-14','2019-01-15',Null,Null,'WORMS',9306106,5,2),
(1900535,'2019-03-18','2019-03-19',Null,Null,'WORMS',9306106,4,4),
(1900695,'2019-04-08','2019-04-09',Null,Null,'WORMS',9306106,2,4),
(1900743,'2019-04-15','2019-04-16',Null,Null,'WORMS',9306106,4,2),
(1900793,'2019-04-22','2019-04-23',Null,Null,'WORMS',9306106,6,1),
(1901293,'2019-07-01','2019-07-02',Null,Null,'WORMS',9306106,2,1),
(1901392,'2019-07-15','2019-07-16',Null,Null,'WORMS',9306106,1,1),
(1901441,'2019-07-22','2019-07-23',Null,Null,'WORMS',9306106,2,1),
(1901497,'2019-07-29','2019-07-30',Null,Null,'WORMS',9306106,6,3),
(1900843,'2019-04-29','2019-04-30',Null,Null,'WORMS',9306106,2,4),
(1900894,'2019-05-06','2019-05-07',Null,Null,'WORMS',9306106,2,3),
(1900942,'2019-05-13','2019-05-14',Null,Null,'WORMS',9306106,4,5),
(1900989,'2019-05-20','2019-05-21',Null,Null,'WORMS',9306106,6,1),
(1901044,'2019-05-27','2019-05-28',Null,Null,'WORMS',9306106,2,3),
(1901234,'2019-06-24','2019-06-25',Null,Null,'WORMS',9306106,4,5),
(1901337,'2019-07-08','2019-07-09',Null,Null,'WORMS',9306106,2,4),
(1901554,'2019-08-05','2019-08-06',Null,Null,'WORMS',9306106,3,1),
(1900228,'2019-02-04','2019-02-06',Null,Null,'WORMS',9306106,2,3),
(1900274,'2019-02-11','2019-02-12',Null,Null,'WORMS',9306106,2,2),
(1900381,'2019-02-25','2019-02-26',Null,Null,'WORMS',9306106,5,1),
(1900482,'2019-03-11','2019-03-12',Null,Null,'WORMS',9306106,2,3),
(1900581,'2019-03-25','2019-03-27',Null,Null,'WORMS',9306106,5,2),
(1900645,'2019-04-02','2019-04-02',Null,Null,'WORMS',9306106,6,1),
(1901088,'2019-06-03','2019-06-04',Null,Null,'WORMS',9306106,2,2),
(1901139,'2019-06-17','2019-06-18',Null,Null,'WORMS',9306106,6,4),
(1900432,'2019-03-04','2019-03-05',Null,Null,'WORMS',9306106,3,2),
(1900635,'2019-04-01','2019-04-01',Null,Null,'WORMS',9306106,6,2),
(1901138,'2019-06-11','2019-06-11',Null,Null,'WORMS',9306106,4,4),
(1901638,'2019-08-19','2019-08-20',Null,Null,'WORMS',9306106,4,4),
(1901594,'2019-08-12','2019-08-13',Null,Null,'WORMS',9306106,2,4),
(1901692,'2019-08-27','2019-08-27',Null,Null,'WORMS',9306106,2,4),
(1902514,'2019-12-16','2019-12-16',Null,Null,'WORMS',9306106,4,1),
(1902546,'2019-12-23','2019-12-27',Null,Null,'WORMS',9306106,1,1),
(1901838,'2019-09-15','2019-09-16',Null,Null,'WORMS',9306106,3,2),
(1902283,'2019-11-12','2019-11-12',Null,Null,'WORMS',9306106,1,1),
(1902391,'2019-11-25','2019-11-26',Null,Null,'WORMS',9306106,6,3),
(1902080,'2019-10-18','2019-10-18',Null,Null,'WORMS',9306106,4,3),
(1902437,'2019-12-02','2019-12-03',Null,Null,'WORMS',9306106,4,1),
(1901739,'2019-09-03','2019-09-03',Null,Null,'WORMS',9306106,6,3),
(1902179,'2019-10-30','2019-10-30',Null,Null,'WORMS',9306106,6,2),
(1902331,'2019-11-18','2019-11-19',Null,Null,'WORMS',9306106,2,4),
(1900140,'2019-01-21','2019-01-22',Null,Null,'WORMS',9306106,2,3),
(1902480,'2019-12-09','2019-12-09',Null,Null,'WORMS',9306106,3,1),
(1902035,'2019-10-11','2019-10-12',Null,Null,'WORMS',9306106,1,2),
(1900202,'2019-01-30','2019-02-01',Null,Null,'HUMANN T',9404771,3,2),
(1901198,'2019-06-17','2019-06-20',Null,Null,'SISA',9916590,6,2),
(1902411,'2019-11-26','2019-11-30',Null,Null,'SISA',9916590,2,2),
(1901872,'2019-09-20','2019-09-22',Null,Null,'SISA',9778490,4,4),
(1902569,'2019-12-25','2019-12-28',Null,Null,'SISA',9778490,2,4),
(1901857,'2019-09-18','2019-09-19',Null,Null,'SISA',9556040,5,1),
(1901675,'2019-08-24','2019-08-26',Null,Null,'SISA',9556040,4,4),
(1902003,'2019-10-08','2019-10-08',Null,Null,'CDT',9588464,1,1),
(1901142,'2019-06-11','2019-06-12',Null,Null,'AGENA TR',9588464,2,4),
(1902121,'2019-10-22','2019-10-30',Null,Null,'SISA',9300778,2,3),
(1902591,'2019-12-27','2020-01-03',Null,Null,'SI NANTES',9422459,4,2),
(1902090,'2019-10-18','2019-10-23',Null,Null,'SISA',9375010,4,4),
(1900238,'2019-02-02','2019-02-14',Null,Null,'SOGEBRAS',9390262,4,1),
(1900490,'2019-03-12','2019-03-15',Null,Null,'WORMS',9390262,4,3),
(1900744,'2019-04-13','2019-04-18',Null,Null,'HUMANN T',9982015,2,2),
(1902230,'2019-11-05','2019-11-20',Null,Null,'SISA',9767979,2,1),
(1901727,'2019-09-01','2019-09-01',Null,Null,'SOGEBRAS',9943600,4,2),
(1902584,'2019-12-30','2019-12-30',Null,Null,'AGSM',9338296,2,2),
(1901814,'2019-09-12','2019-09-14',Null,Null,'STOCALOIRE',9720403,6,2),
(1901734,'2019-09-01','2019-09-05',Null,Null,'SI NANTES',9972371,6,4),
(1900245,'2019-02-06','2019-02-08',Null,Null,'SI NANTES',9465507,4,4),
(1902436,'2019-12-01','2019-12-04',Null,Null,'SI NANTES',9911253,1,1),
(1901245,'2019-06-25','2019-06-28',Null,Null,'WORMS',9372248,3,3),
(1902147,'2019-10-21','2019-10-29',Null,Null,'WORMS',9536126,1,3),
(1900020,'2019-01-03','2019-01-08',Null,Null,'SI NANTES',9250622,2,3),
(1901536,'2019-07-28','2019-08-05',Null,Null,'STOCALOIRE',9250622,4,3),
(1901893,'2019-09-23','2019-09-28',Null,Null,'WORMS',9250622,5,2),
(1902009,'2019-10-08','2019-10-12',Null,Null,'SI NANTES',9934366,1,2),
(1902555,'2019-12-19','2019-12-28',Null,Null,'WORMS',9983808,3,1),
(1900854,'2019-04-30','2019-05-03',Null,Null,'SI NANTES',9486498,2,2),
(1902018,'2019-10-10','2019-10-11',Null,Null,'FASA',9670478,6,4),
(1901351,'2019-07-09','2019-07-11',Null,Null,'SI NANTES',9802435,2,3),
(1900160,'2019-01-24','2019-01-25',Null,Null,'SI NANTES',9516925,1,3),
(1902177,'2019-10-21','2019-11-01',Null,Null,'SI NANTES',9849055,1,3),
(1900442,'2019-03-06','2019-03-07',Null,Null,'SOGEBRAS',9724788,6,1),
(1902395,'2019-11-25','2019-11-29',Null,Null,'TGO',9506092,4,4),
(1901756,'2019-09-04','2019-09-07',Null,Null,'HUMANN T',9629632,5,2),
(1902103,'2019-10-20','2019-10-26',Null,Null,'SI NANTES',9387754,3,2),
(1902595,'2019-10-09','2021-08-20',Null,Null,'CDT',9170486,2,4),
(1900408,'2019-02-28','2019-03-03',Null,Null,'SISA',9889730,3,2),
(1900907,'2019-05-06','2019-05-10',Null,Null,'SISA',9889730,3,3),
(1901795,'2019-09-09','2019-09-12',Null,Null,'SISA',9889730,6,4),
(1900471,'2019-03-08','2019-03-16',Null,Null,'TGO',9386160,5,2),
(1901900,'2019-09-24','2019-09-25',Null,Null,'SISA',9945760,4,5),
(1902223,'2019-11-04','2019-11-05',Null,Null,'SISA',9945760,2,3),
(1901309,'2019-07-03','2019-07-04',Null,Null,'SISA',9319721,5,1),
(1900759,'2019-04-17','2019-04-18',Null,Null,'SISA',9319721,6,4),
(1901103,'2019-06-06','2019-06-07',Null,Null,'SISA',9319721,4,5),
(1901517,'2019-07-31','2019-08-01',Null,Null,'SISA',9319721,5,2),
(1900230,'2019-02-03','2019-02-05',Null,Null,'SISA',9550408,3,2),
(1900529,'2019-03-17','2019-03-18',Null,Null,'SISA',9550408,5,1),
(1901586,'2019-08-10','2019-08-11',Null,Null,'SISA',9550408,6,3),
(1902547,'2019-12-21','2019-12-24',Null,Null,'SISA',9550408,3,1),
(1902120,'2019-10-22','2019-10-24',Null,Null,'SISA',9550408,6,3),
(1900676,'2019-04-04','2019-04-07',Null,Null,'SISA',9461804,3,2),
(1900047,'2019-01-04','2019-01-09',Null,Null,'SISA',9461804,4,4),
(1900347,'2019-02-21','2019-02-22',Null,Null,'SISA',9461804,6,2),
(1900479,'2019-03-10','2019-03-11',Null,Null,'SISA',9461804,4,3),
(1901369,'2019-07-11','2019-07-12',Null,Null,'SISA',9461804,2,4),
(1901630,'2019-08-18','2019-08-19',Null,Null,'SISA',9461804,2,4),
(1901790,'2019-09-09','2019-09-13',Null,Null,'SISA',9461804,4,3),
(1902374,'2019-11-21','2019-11-23',Null,Null,'SISA',9461804,6,1),
(1900252,'2019-02-07','2019-02-08',Null,Null,'SISA',9461804,3,1),
(1901164,'2019-06-13','2019-06-19',Null,Null,'STOCALOIRE',9578740,6,2),
(1900298,'2019-02-13','2019-02-16',Null,Null,'SISA',9847897,6,2),
(1902093,'2019-10-19','2019-10-20',Null,Null,'SISA',9847897,6,1),
(1901723,'2019-08-31','2019-09-05',Null,Null,'SI NANTES',9297953,3,3),
(1900633,'2019-03-29','2019-04-03',Null,Null,'HUMANN T',9422691,4,3),
(1901896,'2019-09-24','2019-09-24',Null,Null,'WORMS',9744105,1,1),
(1901343,'2019-07-09','2019-07-09',Null,Null,'WORMS',9322965,6,2),
(1901731,'2019-09-01','2019-09-02',Null,Null,'WORMS',9243613,2,2),
(1901632,'2019-08-18','2019-08-19',Null,Null,'WORMS',9321034,3,1),
(1901087,'2019-06-02','2019-06-04',Null,Null,'WORMS',9628450,6,1),
(1901134,'2019-06-10','2019-06-10',Null,Null,'WORMS',9533725,2,1),
(1902558,'2019-12-25','2019-12-27',Null,Null,'WORMS',9533725,4,3),
(1902070,'2019-10-17','2019-10-17',Null,Null,'WORMS',9303955,4,2),
(1902484,'2019-12-11','2019-12-11',Null,Null,'WORMS',9965203,4,3),
(1902225,'2019-11-04','2019-11-05',Null,Null,'WORMS',9726745,4,5),
(1901242,'2019-06-25','2019-06-26',Null,Null,'WORMS',9888441,1,1),
(1902318,'2019-11-15','2019-11-20',Null,Null,'SI NANTES',9168993,2,3),
(1901155,'2019-06-13','2019-06-17',Null,Null,'SISA',9471775,5,1),
(1900186,'2019-01-26','2019-01-28',Null,Null,'HUMANN T',9380720,5,2),
(1901420,'2019-07-18','2019-07-25',Null,Null,'STOCALOIRE',9337963,1,3)
;
INSERT INTO AgentConsignataire VALUES
('AGSM','AGSM','ZAC de Cadréan',44550,'Montoir de Bretagne','loire@agsm-shipping.fr',33230794745),
('ALKA','ALKA MARINE','18, Boulevard Paul PERRIN',44600,'Saint-Nazaire',Null,Null),
('CAN','COMPAGNIE ARMORICAINE DE NAVIGATION','B.P. 65Zone industrielle',22260,'PONTRIEUX','can@roullier.com',33296953116),
('CCI-56','CCI du Morbihan','Null',Null,Null,Null,Null),
('CDT','COMMANDANT','3 bis, bd de Verdun',44600,'SAINT-NAZAIRE','kstm@nantes.port.fr',33240453900),
('CETRA','CETRA','Zone portuaire',44550,'DE BRETAGNE','ddsr@groupecdd.fr',33240453333),
('CEU','CROISIEUROPE','75, Quai de La Fosse',44100,' NANTES','bamand@croisieurope.com',33240690817),
('CHARIER','CHARIER GC NANTES','2, rue des Meuniers',44220,'Couëron',Null,33240171414),
('CLT','CLT','Null',Null,Null,'clt_exploit@ligerienne.fr',33240737373),
('CMA CGM','CMA CGM','ZAC de Cadréan - Bâtiment G',44550,'DE BRETAGNE','mrg.opsmontoir@cma-cgm.com',33240452454),
('DRCH','DR-CHANTIERS','Quai Boulay-Paty',44560,'Paty44560 PAIMBOEUF',Null,33240275019),
('DTM','DRAGAGE TRANSPORT TRAVAUX MARITIMES','29, rue du Duc',17000,'LA ROCHELLE','MLERAT@dtm-granulats.fr',33546426059),
('FASA','FRENCH ATLANTIC SHIP AGENCY','Rue de la Lambarde',44550,'Montoir de Bretagne','agency@frenchatlantic.fr',33982457920),
('FBELEM','FONDATION BELEM','Null',Null,Null,Null,Null),
('FMER','FINIST''MER','Quai Ernest Renaud',44188,'NANTES','armement@finist-mer.fr',33240694040),
('GPMR DR','Grand Port Maritime de Rouen - DR','Null',Null,Null,Null,Null),
('HUMANN T','HUMANN & TACONET','Rue du Galion',44480,'DONGES','donges@humtac.fr',33240453131),
('MSC','Mediterranean Shipping Company','126 bis, rue Henri Gauthier',44550,'Montoir de Bretagne','FR147-ops.montoir@msc.com',33251105815),
('OCEA','OCEA','Quai de la CabaudeCS 50333',85109,'Sables d''Olonne',Null,33251210590),
('SISA','SEA-INVEST SHIPPING AGENCY','Rue des Morées',44550,'DE BRETAGNE','trampsnr@sea-invest.fr',33240171120),
('SOGEBRAS','SOGEBRAS','Boulevard de Cadréan',44550,'Boulevard de Cadréan44550','agency@sogebras.com',33240904142),
('SOMALOIR','SOMALOIR','Boulevard de Cadréan',44550,'Boulevard de Cadréan44550','l.leflohic@somaloir.com',33240900575),
('STFMO','STFMO','87-89 rue Louis Pasteur',44550,'Montoir de Bretagne','capstpierre@charier.fr',33240171414),
('TGO','Terminal du Grand Ouest','Boulevard de Cadréan',44550,'MONTOIR DE BRETAGNE','mtrshipping@tgo-terminal.com',33240459511),
('VINCI','VINCI - Construction Maritime et Fluvial','2 Boulevard de l''Europe',44600,'Saint-Nazaire',Null,33240112900),
('WORMS','WORMS MTTM','Boulevard de Cadréan',44550,'Montoir de Bretagne','agency@wm-shipagency.com',33240907080)
;
INSERT INTO Opération VALUES
('D','Déchargement'),
('C','Chargement')
;
INSERT INTO CompositionCargaison VALUES
(1902138,'D','1899-12-30',68,180),
(1902098,'D','1899-12-30',19,223),
(1900460,'C','1899-12-30',22,168),
(1900233,'D','1899-12-30',217,202),
(1900611,'D','1899-12-30',209,247),
(1900458,'D','1899-12-30',141,72),
(1901227,'D','1899-12-30',51,189),
(1901797,'D','1899-12-30',169,147),
(1902127,'C','1899-12-30',114,172),
(1901213,'D','1899-12-30',4,235),
(1900965,'C','1899-12-30',222,90),
(1900512,'D','1899-12-30',277,25),
(1902469,'D','1899-12-30',191,207),
(1900242,'C','1899-12-30',169,158),
(1902448,'C','1899-12-30',242,146),
(1902015,'C','1899-12-30',2,227),
(1901492,'D','1899-12-30',11,217),
(1900113,'D','1899-12-30',119,237),
(1902113,'D','1899-12-30',64,100),
(1900083,'C','1899-12-30',150,90),
(1902173,'C','1899-12-30',292,39),
(1902264,'C','1899-12-30',174,119),
(1900388,'C','1899-12-30',31,165),
(1900268,'D','1899-12-30',94,125),
(1900055,'C','1899-12-30',155,137),
(1901576,'D','1899-12-30',191,85),
(1901664,'C','1899-12-30',273,229),
(1901467,'C','1899-12-30',242,48),
(1901136,'C','1899-12-30',178,225),
(1901501,'D','1899-12-30',293,209),
(1901081,'D','1899-12-30',130,237),
(1901855,'C','1899-12-30',95,139),
(1901582,'C','1899-12-30',289,248),
(1900020,'C','1899-12-30',210,124),
(1900593,'D','1899-12-30',66,122),
(1901845,'D','1899-12-30',85,161),
(1901582,'D','1899-12-30',266,91),
(1900411,'C','1899-12-30',89,66),
(1901720,'C','1899-12-30',204,49),
(1901559,'C','1899-12-30',165,102),
(1900324,'D','1899-12-30',116,229),
(1900317,'C','1899-12-30',49,198),
(1901810,'D','1899-12-30',170,227),
(1902397,'D','1899-12-30',236,140),
(1901395,'C','1899-12-30',73,241),
(1902275,'C','1899-12-30',234,240),
(1900458,'D','1899-12-30',17,218),
(1900614,'C','1899-12-30',296,215),
(1901291,'D','1899-12-30',237,132),
(1900438,'D','1899-12-30',57,168),
(1901552,'C','1899-12-30',9,179),
(1901465,'C','1899-12-30',45,148),
(1901804,'C','1899-12-30',172,98),
(1900675,'C','1899-12-30',66,95),
(1901886,'D','1899-12-30',289,55),
(1902411,'C','1899-12-30',164,250),
(1901105,'D','1899-12-30',44,85),
(1901413,'D','1899-12-30',146,246),
(1900783,'D','1899-12-30',89,49),
(1900847,'D','1899-12-30',297,208),
(1902242,'C','1899-12-30',286,51),
(1900135,'C','1899-12-30',121,29),
(1901595,'D','1899-12-30',134,208),
(1901293,'D','1899-12-30',217,101),
(1900355,'D','1899-12-30',125,204),
(1900584,'D','1899-12-30',213,126),
(1902298,'D','1899-12-30',163,217),
(1900203,'D','1899-12-30',51,223),
(1900137,'D','1899-12-30',5,191),
(1901153,'C','1899-12-30',14,68),
(1901898,'D','1899-12-30',215,130),
(1901571,'D','1899-12-30',261,73),
(1900251,'D','1899-12-30',24,119),
(1900204,'D','1899-12-30',258,38),
(1901568,'D','1899-12-30',30,106),
(1902155,'C','1899-12-30',73,104),
(1900415,'C','1899-12-30',208,61),
(1902101,'C','1899-12-30',190,196),
(1901510,'D','1899-12-30',33,102),
(1901927,'D','1899-12-30',104,157),
(1900591,'D','1899-12-30',99,216),
(1902234,'C','1899-12-30',122,82),
(1900702,'C','1899-12-30',245,119),
(1901922,'D','1899-12-30',165,224),
(1901856,'C','1899-12-30',291,167),
(1902391,'C','1899-12-30',103,29),
(1902295,'C','1899-12-30',165,238),
(1901187,'D','1899-12-30',5,81),
(1900373,'C','1899-12-30',236,47),
(1900573,'D','1899-12-30',173,134),
(1900790,'C','1899-12-30',40,230),
(1900001,'C','1899-12-30',286,209),
(1900153,'D','1899-12-30',288,181),
(1901045,'C','1899-12-30',132,108),
(1902435,'C','1899-12-30',134,218),
(1900914,'D','1899-12-30',244,77),
(1900800,'C','1899-12-30',295,81),
(1902115,'C','1899-12-30',145,245),
(1901552,'C','1899-12-30',229,29),
(1902118,'D','1899-12-30',95,218),
(1901907,'D','1899-12-30',273,132),
(1900590,'D','1899-12-30',139,220),
(1900541,'C','1899-12-30',100,225),
(1900938,'C','1899-12-30',188,145),
(1900988,'D','1899-12-30',268,214),
(1901383,'D','1899-12-30',192,46),
(1902060,'C','1899-12-30',53,104),
(1902323,'C','1899-12-30',219,140),
(1901814,'D','1899-12-30',73,218),
(1901865,'D','1899-12-30',143,106),
(1900656,'C','1899-12-30',7,181),
(1901852,'D','1899-12-30',198,192),
(1902070,'D','1899-12-30',100,210),
(1900714,'D','1899-12-30',69,81),
(1900277,'C','1899-12-30',30,29),
(1901244,'D','1899-12-30',76,108),
(1902228,'C','1899-12-30',178,170),
(1900863,'D','1899-12-30',274,104),
(1901582,'C','1899-12-30',44,68),
(1901689,'C','1899-12-30',153,191),
(1900021,'C','1899-12-30',196,198),
(1901177,'C','1899-12-30',168,192),
(1900549,'D','1899-12-30',32,26),
(1901188,'D','1899-12-30',174,61),
(1900966,'C','1899-12-30',61,221),
(1901296,'D','1899-12-30',136,79),
(1900734,'D','1899-12-30',95,50),
(1900566,'C','1899-12-30',239,76),
(1901629,'C','1899-12-30',127,176),
(1901900,'D','1899-12-30',137,119),
(1901275,'D','1899-12-30',255,185),
(1900059,'C','1899-12-30',75,55),
(1901719,'D','1899-12-30',38,182),
(1900939,'D','1899-12-30',141,98),
(1901627,'C','1899-12-30',38,145),
(1900883,'D','1899-12-30',173,204),
(1901346,'C','1899-12-30',267,178),
(1901260,'C','1899-12-30',234,188),
(1901688,'C','1899-12-30',262,97),
(1901577,'D','1899-12-30',245,129),
(1901104,'C','1899-12-30',84,57),
(1900331,'C','1899-12-30',201,118),
(1902462,'D','1899-12-30',145,202),
(1900189,'D','1899-12-30',250,105),
(1900301,'C','1899-12-30',51,25),
(1902098,'C','1899-12-30',148,149),
(1900952,'C','1899-12-30',121,82),
(1900269,'D','1899-12-30',94,105),
(1902395,'D','1899-12-30',194,160),
(1900315,'C','1899-12-30',208,84),
(1901094,'D','1899-12-30',208,74),
(1901509,'D','1899-12-30',87,78),
(1900957,'D','1899-12-30',253,211),
(1900518,'C','1899-12-30',127,160),
(1900176,'C','1899-12-30',77,50),
(1901384,'C','1899-12-30',114,159),
(1901655,'D','1899-12-30',64,126),
(1901534,'C','1899-12-30',188,126),
(1902376,'D','1899-12-30',176,78),
(1901596,'D','1899-12-30',192,109),
(1902126,'C','1899-12-30',11,91),
(1902060,'C','1899-12-30',112,111),
(1902185,'D','1899-12-30',284,104),
(1900122,'D','1899-12-30',124,61),
(1902495,'D','1899-12-30',72,60),
(1900177,'C','1899-12-30',78,129),
(1900709,'D','1899-12-30',2,121),
(1901047,'C','1899-12-30',151,27),
(1900852,'C','1899-12-30',43,30),
(1901565,'C','1899-12-30',196,187),
(1901875,'D','1899-12-30',33,208),
(1901584,'D','1899-12-30',117,168),
(1900236,'D','1899-12-30',23,183),
(1901746,'D','1899-12-30',249,51),
(1901035,'C','1899-12-30',78,65),
(1901017,'C','1899-12-30',121,61),
(1902187,'C','1899-12-30',180,242),
(1902030,'D','1899-12-30',240,166),
(1901453,'C','1899-12-30',161,71),
(1902237,'C','1899-12-30',49,33),
(1901390,'D','1899-12-30',119,98),
(1900037,'D','1899-12-30',58,206),
(1901976,'C','1899-12-30',195,27),
(1901927,'C','1899-12-30',120,69),
(1902495,'C','1899-12-30',272,97),
(1901868,'D','1899-12-30',28,151),
(1901742,'C','1899-12-30',142,107),
(1900075,'D','1899-12-30',19,189),
(1901364,'D','1899-12-30',59,198),
(1901461,'D','1899-12-30',96,219),
(1902177,'D','1899-12-30',13,189),
(1900753,'D','1899-12-30',195,236),
(1901250,'C','1899-12-30',292,125),
(1900943,'C','1899-12-30',185,169),
(1900319,'D','1899-12-30',88,41),
(1902587,'C','1899-12-30',134,83),
(1902033,'D','1899-12-30',242,138),
(1901097,'D','1899-12-30',58,66),
(1902583,'C','1899-12-30',134,94),
(1902440,'D','1899-12-30',37,182),
(1901318,'D','1899-12-30',53,105),
(1900656,'D','1899-12-30',199,165),
(1901993,'C','1899-12-30',148,77),
(1901825,'D','1899-12-30',106,38),
(1900917,'D','1899-12-30',64,147),
(1901812,'D','1899-12-30',192,97),
(1900881,'D','1899-12-30',272,61),
(1901859,'C','1899-12-30',279,103),
(1901462,'D','1899-12-30',146,86),
(1900287,'C','1899-12-30',61,125),
(1900097,'D','1899-12-30',226,112),
(1901895,'D','1899-12-30',63,102),
(1901104,'C','1899-12-30',163,41),
(1901195,'C','1899-12-30',137,204),
(1901123,'D','1899-12-30',7,114),
(1901745,'D','1899-12-30',29,113),
(1901342,'C','1899-12-30',81,223),
(1901258,'C','1899-12-30',17,141),
(1900289,'D','1899-12-30',238,196),
(1900147,'C','1899-12-30',32,146),
(1900760,'C','1899-12-30',248,170),
(1901423,'C','1899-12-30',147,233),
(1901705,'D','1899-12-30',253,162),
(1901940,'D','1899-12-30',167,102),
(1901984,'D','1899-12-30',32,184),
(1900182,'D','1899-12-30',204,174),
(1900924,'C','1899-12-30',283,219),
(1901060,'C','1899-12-30',125,46),
(1902099,'C','1899-12-30',283,88),
(1902068,'C','1899-12-30',252,178),
(1902014,'C','1899-12-30',249,157),
(1901191,'C','1899-12-30',124,66),
(1902431,'C','1899-12-30',42,238),
(1900576,'C','1899-12-30',14,175),
(1900568,'C','1899-12-30',185,62),
(1901367,'C','1899-12-30',74,239),
(1901226,'D','1899-12-30',147,224),
(1901716,'C','1899-12-30',159,195),
(1900491,'D','1899-12-30',109,55),
(1901865,'C','1899-12-30',87,50),
(1900448,'D','1899-12-30',259,199),
(1901751,'C','1899-12-30',175,34),
(1902232,'C','1899-12-30',130,170),
(1900535,'D','1899-12-30',11,143),
(1900182,'D','1899-12-30',66,198),
(1901590,'D','1899-12-30',131,202),
(1900547,'D','1899-12-30',191,204),
(1900066,'C','1899-12-30',168,71),
(1901032,'C','1899-12-30',69,198),
(1900822,'C','1899-12-30',270,180),
(1901277,'D','1899-12-30',150,40),
(1901404,'C','1899-12-30',231,112),
(1901369,'C','1899-12-30',214,245),
(1900167,'C','1899-12-30',64,154),
(1900230,'D','1899-12-30',15,161),
(1900048,'D','1899-12-30',282,225),
(1902174,'D','1899-12-30',255,206),
(1900499,'D','1899-12-30',40,213),
(1901230,'C','1899-12-30',61,176),
(1901450,'D','1899-12-30',171,101),
(1901391,'D','1899-12-30',94,138),
(1901329,'D','1899-12-30',4,213),
(1901259,'D','1899-12-30',240,99),
(1902410,'D','1899-12-30',5,55),
(1902260,'C','1899-12-30',163,72),
(1901317,'C','1899-12-30',266,158),
(1900653,'C','1899-12-30',225,95),
(1902353,'D','1899-12-30',88,187),
(1900937,'D','1899-12-30',255,46),
(1900927,'C','1899-12-30',44,121),
(1900032,'D','1899-12-30',119,220),
(1902520,'C','1899-12-30',87,71),
(1901484,'D','1899-12-30',157,181),
(1900752,'D','1899-12-30',176,162),
(1900609,'D','1899-12-30',112,94),
(1900066,'C','1899-12-30',19,204),
(1901366,'D','1899-12-30',63,107),
(1902361,'C','1899-12-30',198,160),
(1900721,'D','1899-12-30',165,223),
(1902396,'C','1899-12-30',264,237),
(1900773,'C','1899-12-30',19,172),
(1901942,'C','1899-12-30',121,238),
(1901897,'C','1899-12-30',206,147),
(1901257,'C','1899-12-30',155,139),
(1901422,'C','1899-12-30',194,245),
(1900354,'D','1899-12-30',230,142),
(1902312,'D','1899-12-30',221,70),
(1902396,'C','1899-12-30',44,138),
(1901214,'D','1899-12-30',8,146),
(1902508,'D','1899-12-30',113,66),
(1900660,'D','1899-12-30',224,25),
(1902475,'C','1899-12-30',32,69),
(1901355,'C','1899-12-30',63,112),
(1901398,'D','1899-12-30',29,190),
(1901782,'D','1899-12-30',150,96),
(1901453,'C','1899-12-30',110,166),
(1901311,'C','1899-12-30',146,68),
(1901049,'C','1899-12-30',193,211),
(1900535,'D','1899-12-30',240,166),
(1902354,'C','1899-12-30',283,77),
(1900939,'D','1899-12-30',265,156),
(1901808,'D','1899-12-30',205,76),
(1901453,'C','1899-12-30',258,249),
(1901202,'C','1899-12-30',177,142),
(1900082,'D','1899-12-30',238,124),
(1900442,'D','1899-12-30',238,110),
(1901449,'C','1899-12-30',195,121),
(1900953,'D','1899-12-30',277,213),
(1900046,'D','1899-12-30',158,50),
(1902092,'C','1899-12-30',291,225),
(1902422,'D','1899-12-30',216,160),
(1901335,'C','1899-12-30',240,60),
(1900282,'D','1899-12-30',248,224),
(1901150,'D','1899-12-30',22,105),
(1902234,'D','1899-12-30',70,108),
(1901231,'D','1899-12-30',185,35),
(1900249,'D','1899-12-30',72,142),
(1900144,'D','1899-12-30',90,156),
(1900729,'D','1899-12-30',81,226),
(1902033,'D','1899-12-30',84,128),
(1900729,'C','1899-12-30',199,236),
(1900720,'D','1899-12-30',105,213),
(1900961,'C','1899-12-30',98,89),
(1900916,'C','1899-12-30',280,93),
(1902106,'C','1899-12-30',215,81),
(1902420,'D','1899-12-30',130,247),
(1900918,'D','1899-12-30',39,99),
(1901460,'D','1899-12-30',113,123),
(1900581,'D','1899-12-30',275,103),
(1900376,'C','1899-12-30',181,171),
(1900057,'C','1899-12-30',68,168),
(1901457,'C','1899-12-30',28,222),
(1900966,'D','1899-12-30',291,45),
(1900130,'D','1899-12-30',287,171),
(1902276,'C','1899-12-30',167,70),
(1902220,'D','1899-12-30',181,220),
(1900931,'C','1899-12-30',71,39),
(1901025,'D','1899-12-30',182,68),
(1902030,'D','1899-12-30',80,103),
(1900697,'D','1899-12-30',193,174),
(1900114,'D','1899-12-30',202,228),
(1900938,'D','1899-12-30',172,236),
(1902570,'C','1899-12-30',97,26),
(1902124,'D','1899-12-30',273,163),
(1902140,'C','1899-12-30',182,125),
(1900169,'D','1899-12-30',158,71),
(1901922,'D','1899-12-30',296,89),
(1901541,'D','1899-12-30',293,242),
(1901705,'D','1899-12-30',199,246),
(1901730,'C','1899-12-30',72,36),
(1901014,'D','1899-12-30',277,51),
(1901979,'C','1899-12-30',237,208),
(1900559,'C','1899-12-30',235,96),
(1902582,'C','1899-12-30',165,151),
(1902113,'D','1899-12-30',209,231),
(1902429,'C','1899-12-30',296,78),
(1900162,'C','1899-12-30',132,207),
(1901677,'D','1899-12-30',166,186),
(1901729,'C','1899-12-30',240,103),
(1901099,'D','1899-12-30',156,196),
(1902016,'D','1899-12-30',292,37),
(1902595,'D','1899-12-30',251,143),
(1902008,'C','1899-12-30',160,178),
(1900807,'D','1899-12-30',127,150),
(1902027,'D','1899-12-30',103,206),
(1900599,'C','1899-12-30',149,221),
(1902387,'D','1899-12-30',44,216),
(1902417,'C','1899-12-30',97,102),
(1900500,'C','1899-12-30',20,201),
(1900984,'D','1899-12-30',127,234),
(1902034,'D','1899-12-30',226,195),
(1901055,'C','1899-12-30',6,60),
(1901759,'C','1899-12-30',11,244),
(1900659,'D','1899-12-30',29,175),
(1902490,'C','1899-12-30',210,133),
(1900026,'D','1899-12-30',32,192),
(1900267,'D','1899-12-30',233,232),
(1901470,'D','1899-12-30',289,219),
(1901552,'D','1899-12-30',93,143),
(1901387,'C','1899-12-30',276,116),
(1901087,'C','1899-12-30',45,211),
(1902008,'D','1899-12-30',124,201),
(1900945,'D','1899-12-30',151,98),
(1901000,'D','1899-12-30',76,143),
(1902224,'C','1899-12-30',1,101),
(1902183,'C','1899-12-30',39,82),
(1901185,'C','1899-12-30',258,77),
(1902116,'C','1899-12-30',128,169),
(1901121,'C','1899-12-30',262,113),
(1900732,'D','1899-12-30',151,219),
(1901583,'C','1899-12-30',15,125),
(1900253,'C','1899-12-30',130,152),
(1902497,'D','1899-12-30',111,70),
(1900269,'C','1899-12-30',37,244),
(1900872,'C','1899-12-30',160,62),
(1901873,'C','1899-12-30',16,60),
(1901772,'D','1899-12-30',165,32),
(1900249,'D','1899-12-30',4,106),
(1900086,'D','1899-12-30',248,235),
(1900917,'D','1899-12-30',119,210),
(1902200,'D','1899-12-30',59,49),
(1901292,'C','1899-12-30',225,176),
(1900353,'C','1899-12-30',207,206),
(1902366,'C','1899-12-30',96,39),
(1902493,'C','1899-12-30',20,109),
(1900294,'C','1899-12-30',49,237),
(1901453,'C','1899-12-30',91,160),
(1902447,'D','1899-12-30',118,189),
(1901676,'C','1899-12-30',159,234),
(1900421,'D','1899-12-30',184,63),
(1900870,'D','1899-12-30',28,232),
(1901103,'C','1899-12-30',68,151),
(1901018,'D','1899-12-30',227,66),
(1901028,'D','1899-12-30',71,155),
(1900545,'C','1899-12-30',231,177),
(1900275,'D','1899-12-30',263,76),
(1901863,'C','1899-12-30',272,81),
(1900700,'D','1899-12-30',210,57),
(1900818,'D','1899-12-30',98,128),
(1901783,'D','1899-12-30',117,174),
(1900846,'D','1899-12-30',185,76),
(1900805,'D','1899-12-30',204,229),
(1901867,'D','1899-12-30',146,181),
(1900333,'C','1899-12-30',199,243),
(1900549,'C','1899-12-30',72,186),
(1901374,'D','1899-12-30',70,30),
(1902023,'C','1899-12-30',145,36),
(1902399,'C','1899-12-30',48,233),
(1900503,'D','1899-12-30',140,191),
(1902266,'C','1899-12-30',199,218),
(1902299,'D','1899-12-30',157,190),
(1901526,'C','1899-12-30',106,196),
(1901532,'D','1899-12-30',52,92),
(1901358,'C','1899-12-30',182,39),
(1901462,'D','1899-12-30',23,65),
(1900377,'C','1899-12-30',223,208),
(1901590,'C','1899-12-30',41,181),
(1901258,'C','1899-12-30',163,198),
(1900247,'C','1899-12-30',292,179),
(1900138,'D','1899-12-30',176,200),
(1901606,'D','1899-12-30',274,81),
(1902130,'D','1899-12-30',249,72),
(1901499,'D','1899-12-30',285,221),
(1902061,'D','1899-12-30',98,104),
(1901351,'D','1899-12-30',220,34),
(1900662,'C','1899-12-30',198,212),
(1901597,'D','1899-12-30',248,98),
(1900321,'C','1899-12-30',127,80),
(1901823,'C','1899-12-30',83,236),
(1902206,'C','1899-12-30',157,222),
(1900605,'D','1899-12-30',214,54),
(1900342,'D','1899-12-30',126,194),
(1900896,'D','1899-12-30',139,111),
(1900682,'D','1899-12-30',291,208),
(1901472,'C','1899-12-30',216,71),
(1900497,'D','1899-12-30',116,154),
(1901181,'C','1899-12-30',285,250),
(1901500,'C','1899-12-30',102,47),
(1901832,'D','1899-12-30',290,173),
(1901815,'C','1899-12-30',290,65),
(1900591,'C','1899-12-30',161,154),
(1901600,'D','1899-12-30',139,141),
(1901480,'D','1899-12-30',10,73),
(1900462,'D','1899-12-30',171,170),
(1901106,'C','1899-12-30',270,32),
(1900013,'D','1899-12-30',212,85),
(1900239,'D','1899-12-30',110,190),
(1902063,'D','1899-12-30',220,103),
(1900344,'C','1899-12-30',192,25),
(1901376,'C','1899-12-30',125,102),
(1900459,'C','1899-12-30',87,86),
(1900625,'C','1899-12-30',151,230),
(1900320,'C','1899-12-30',88,186),
(1902277,'C','1899-12-30',241,187),
(1901146,'C','1899-12-30',229,144),
(1902216,'D','1899-12-30',72,40),
(1901626,'D','1899-12-30',61,178),
(1902027,'D','1899-12-30',47,156),
(1900181,'C','1899-12-30',243,88),
(1902085,'D','1899-12-30',210,41),
(1900949,'C','1899-12-30',68,65),
(1900830,'D','1899-12-30',108,142),
(1902213,'D','1899-12-30',21,52),
(1901936,'D','1899-12-30',282,223),
(1900013,'C','1899-12-30',235,154),
(1901776,'D','1899-12-30',207,114),
(1901647,'D','1899-12-30',7,187),
(1901417,'D','1899-12-30',245,176),
(1901664,'C','1899-12-30',257,127),
(1902320,'D','1899-12-30',264,80),
(1900787,'C','1899-12-30',32,163),
(1901043,'D','1899-12-30',248,49),
(1900792,'D','1899-12-30',51,209),
(1902375,'C','1899-12-30',269,26),
(1901626,'D','1899-12-30',75,113),
(1901186,'C','1899-12-30',210,201),
(1900765,'D','1899-12-30',101,48),
(1901803,'D','1899-12-30',144,97),
(1901832,'C','1899-12-30',233,183),
(1901814,'D','1899-12-30',236,140),
(1901457,'C','1899-12-30',213,175),
(1901272,'D','1899-12-30',22,117),
(1900375,'D','1899-12-30',69,86),
(1901561,'C','1899-12-30',97,114),
(1900458,'D','1899-12-30',210,221),
(1901598,'D','1899-12-30',194,59),
(1900083,'C','1899-12-30',237,70),
(1902288,'D','1899-12-30',17,86),
(1900777,'D','1899-12-30',50,214),
(1901002,'D','1899-12-30',138,100),
(1900461,'C','1899-12-30',14,118),
(1902413,'D','1899-12-30',217,210),
(1901359,'D','1899-12-30',161,152),
(1900128,'D','1899-12-30',72,137),
(1900563,'C','1899-12-30',146,70),
(1902500,'D','1899-12-30',207,223),
(1902328,'C','1899-12-30',91,243),
(1901081,'C','1899-12-30',156,154),
(1900844,'D','1899-12-30',216,26),
(1900594,'D','1899-12-30',120,41),
(1902298,'D','1899-12-30',54,164),
(1902144,'D','1899-12-30',144,207),
(1902382,'C','1899-12-30',137,88),
(1900920,'D','1899-12-30',103,244),
(1901062,'D','1899-12-30',250,27),
(1901583,'D','1899-12-30',185,213),
(1900539,'C','1899-12-30',257,54),
(1901186,'C','1899-12-30',137,192),
(1900402,'C','1899-12-30',236,53),
(1902418,'D','1899-12-30',8,124),
(1902137,'D','1899-12-30',63,179),
(1902258,'D','1899-12-30',285,71),
(1901690,'C','1899-12-30',105,120),
(1901859,'C','1899-12-30',253,83),
(1900341,'D','1899-12-30',196,83),
(1902583,'D','1899-12-30',105,228),
(1901536,'D','1899-12-30',6,161),
(1900723,'C','1899-12-30',246,215),
(1900426,'C','1899-12-30',56,231),
(1901644,'D','1899-12-30',170,233),
(1900291,'C','1899-12-30',212,96),
(1902139,'D','1899-12-30',6,82),
(1901123,'C','1899-12-30',203,94),
(1901213,'C','1899-12-30',272,123),
(1901796,'C','1899-12-30',10,92),
(1901229,'D','1899-12-30',112,40),
(1901010,'C','1899-12-30',2,72),
(1902534,'D','1899-12-30',155,34),
(1901877,'D','1899-12-30',249,225),
(1900761,'D','1899-12-30',14,238),
(1901549,'D','1899-12-30',228,136),
(1902425,'C','1899-12-30',237,29),
(1900473,'C','1899-12-30',264,115),
(1901274,'D','1899-12-30',257,27),
(1900360,'D','1899-12-30',142,80),
(1900314,'D','1899-12-30',161,72),
(1900850,'C','1899-12-30',59,198),
(1902301,'D','1899-12-30',267,171),
(1900813,'C','1899-12-30',134,147),
(1901546,'D','1899-12-30',10,141),
(1902073,'D','1899-12-30',153,90),
(1900014,'C','1899-12-30',55,42),
(1901158,'D','1899-12-30',135,117),
(1901240,'D','1899-12-30',156,110),
(1901293,'C','1899-12-30',105,99),
(1900141,'D','1899-12-30',215,248),
(1900269,'D','1899-12-30',222,45),
(1900118,'C','1899-12-30',71,65),
(1902220,'C','1899-12-30',284,147),
(1901374,'C','1899-12-30',136,59),
(1901040,'D','1899-12-30',100,127),
(1901357,'D','1899-12-30',97,223),
(1901774,'D','1899-12-30',58,197),
(1902325,'C','1899-12-30',160,205),
(1900182,'D','1899-12-30',257,59),
(1901023,'D','1899-12-30',34,118),
(1902068,'C','1899-12-30',238,48),
(1900421,'D','1899-12-30',49,152),
(1902478,'D','1899-12-30',297,51),
(1900599,'D','1899-12-30',132,80),
(1902593,'C','1899-12-30',140,56),
(1901885,'D','1899-12-30',293,85),
(1900451,'C','1899-12-30',234,212),
(1902378,'D','1899-12-30',204,83),
(1900673,'C','1899-12-30',16,220),
(1902558,'D','1899-12-30',263,129),
(1900175,'D','1899-12-30',56,136),
(1900126,'C','1899-12-30',206,241),
(1901060,'D','1899-12-30',266,241),
(1902418,'C','1899-12-30',42,113),
(1901840,'D','1899-12-30',199,114),
(1902384,'C','1899-12-30',265,243),
(1900542,'C','1899-12-30',167,222),
(1902163,'D','1899-12-30',156,143),
(1901026,'C','1899-12-30',147,173),
(1900844,'D','1899-12-30',23,206),
(1901191,'D','1899-12-30',280,101),
(1901431,'D','1899-12-30',32,176),
(1902511,'C','1899-12-30',161,222),
(1902362,'C','1899-12-30',37,63),
(1902102,'D','1899-12-30',204,85),
(1901661,'D','1899-12-30',213,188),
(1900968,'C','1899-12-30',3,91),
(1901857,'C','1899-12-30',16,158),
(1901805,'D','1899-12-30',85,122),
(1902061,'C','1899-12-30',258,134),
(1902055,'D','1899-12-30',138,210),
(1902137,'D','1899-12-30',53,238),
(1900746,'D','1899-12-30',219,107),
(1900748,'C','1899-12-30',259,38),
(1901387,'D','1899-12-30',129,127),
(1902527,'C','1899-12-30',281,182),
(1901192,'C','1899-12-30',128,219),
(1901587,'D','1899-12-30',60,101),
(1900690,'D','1899-12-30',281,240),
(1901920,'C','1899-12-30',23,25),
(1901879,'C','1899-12-30',148,207),
(1902316,'C','1899-12-30',30,96),
(1902552,'C','1899-12-30',35,62),
(1902174,'C','1899-12-30',44,105),
(1900596,'C','1899-12-30',255,32),
(1902459,'C','1899-12-30',159,228),
(1901881,'D','1899-12-30',110,117),
(1900737,'D','1899-12-30',144,99),
(1901683,'D','1899-12-30',282,113),
(1900085,'C','1899-12-30',15,172),
(1901331,'D','1899-12-30',238,77),
(1901240,'C','1899-12-30',83,176),
(1900616,'D','1899-12-30',280,209),
(1902323,'C','1899-12-30',52,195),
(1900169,'C','1899-12-30',4,111),
(1900597,'D','1899-12-30',96,204),
(1901002,'D','1899-12-30',247,209),
(1901074,'D','1899-12-30',166,120),
(1900587,'D','1899-12-30',111,51),
(1901983,'D','1899-12-30',80,217),
(1901963,'C','1899-12-30',75,202),
(1901074,'C','1899-12-30',266,182),
(1902116,'D','1899-12-30',44,101),
(1902358,'C','1899-12-30',38,69),
(1902073,'C','1899-12-30',176,210),
(1901683,'C','1899-12-30',4,147),
(1900307,'C','1899-12-30',128,191),
(1900289,'C','1899-12-30',91,148),
(1902403,'D','1899-12-30',161,68),
(1902277,'C','1899-12-30',123,230),
(1901798,'C','1899-12-30',45,143),
(1901604,'D','1899-12-30',22,28),
(1901398,'C','1899-12-30',231,216),
(1901509,'D','1899-12-30',73,25),
(1900035,'C','1899-12-30',278,138),
(1902031,'D','1899-12-30',264,130),
(1900121,'C','1899-12-30',282,170),
(1900575,'D','1899-12-30',281,100),
(1900937,'C','1899-12-30',253,92),
(1901797,'D','1899-12-30',56,148),
(1900955,'D','1899-12-30',13,201),
(1901902,'C','1899-12-30',36,164),
(1901540,'D','1899-12-30',196,211),
(1902584,'D','1899-12-30',185,55),
(1901028,'D','1899-12-30',216,142),
(1902584,'D','1899-12-30',92,35),
(1901374,'C','1899-12-30',84,165),
(1902247,'D','1899-12-30',98,69),
(1900307,'C','1899-12-30',50,127),
(1901474,'C','1899-12-30',175,170),
(1901961,'C','1899-12-30',85,49),
(1902006,'D','1899-12-30',162,121),
(1901371,'D','1899-12-30',230,154),
(1901862,'C','1899-12-30',205,76),
(1902152,'C','1899-12-30',152,218),
(1900964,'C','1899-12-30',270,104),
(1901029,'D','1899-12-30',40,225),
(1902382,'D','1899-12-30',237,96),
(1901173,'D','1899-12-30',2,216),
(1900077,'C','1899-12-30',176,83),
(1901907,'D','1899-12-30',119,135),
(1901862,'C','1899-12-30',121,120),
(1901885,'D','1899-12-30',102,172),
(1901223,'D','1899-12-30',109,246),
(1900051,'D','1899-12-30',196,40),
(1901422,'D','1899-12-30',274,48),
(1900455,'D','1899-12-30',262,152),
(1900275,'C','1899-12-30',56,213),
(1901636,'C','1899-12-30',170,111),
(1900465,'C','1899-12-30',208,73),
(1901384,'C','1899-12-30',238,128),
(1900798,'D','1899-12-30',284,94),
(1900410,'C','1899-12-30',93,35),
(1902541,'D','1899-12-30',281,50),
(1902084,'C','1899-12-30',191,177),
(1900582,'C','1899-12-30',16,38),
(1901103,'C','1899-12-30',176,158),
(1901469,'D','1899-12-30',95,189),
(1901066,'C','1899-12-30',72,49),
(1901965,'C','1899-12-30',45,84),
(1901739,'D','1899-12-30',23,226),
(1901065,'D','1899-12-30',9,139),
(1902221,'D','1899-12-30',58,122),
(1900362,'D','1899-12-30',215,143),
(1901111,'C','1899-12-30',288,176),
(1901958,'C','1899-12-30',34,41),
(1901190,'D','1899-12-30',207,82),
(1901786,'D','1899-12-30',242,157),
(1900484,'D','1899-12-30',272,48),
(1901002,'D','1899-12-30',234,128),
(1901742,'D','1899-12-30',162,238),
(1901696,'D','1899-12-30',229,207),
(1900655,'C','1899-12-30',265,66),
(1900084,'C','1899-12-30',227,25),
(1900547,'C','1899-12-30',235,161),
(1900103,'D','1899-12-30',232,90),
(1902348,'D','1899-12-30',259,232),
(1901450,'D','1899-12-30',64,104),
(1900253,'D','1899-12-30',3,49),
(1900218,'D','1899-12-30',24,116),
(1901303,'D','1899-12-30',188,31),
(1902427,'C','1899-12-30',264,207),
(1902078,'C','1899-12-30',54,216),
(1901134,'C','1899-12-30',200,191),
(1900959,'C','1899-12-30',272,205),
(1900489,'D','1899-12-30',157,184),
(1901085,'C','1899-12-30',123,76),
(1901934,'C','1899-12-30',96,238),
(1902282,'D','1899-12-30',99,222),
(1900664,'D','1899-12-30',209,211),
(1900166,'D','1899-12-30',176,31),
(1902042,'C','1899-12-30',72,139),
(1900831,'C','1899-12-30',34,42),
(1902005,'D','1899-12-30',249,67),
(1902256,'D','1899-12-30',56,77),
(1900668,'C','1899-12-30',194,91),
(1901742,'D','1899-12-30',63,182),
(1902283,'C','1899-12-30',107,182),
(1901845,'D','1899-12-30',54,207),
(1900463,'D','1899-12-30',195,132),
(1900220,'D','1899-12-30',98,194),
(1900628,'D','1899-12-30',107,131),
(1900694,'D','1899-12-30',248,37),
(1901493,'D','1899-12-30',88,120),
(1901392,'D','1899-12-30',218,38),
(1901569,'D','1899-12-30',181,136),
(1901844,'D','1899-12-30',144,31),
(1902071,'D','1899-12-30',12,61),
(1900190,'C','1899-12-30',83,162),
(1902298,'D','1899-12-30',45,51),
(1901243,'D','1899-12-30',17,105),
(1900798,'C','1899-12-30',220,173),
(1901536,'D','1899-12-30',114,106),
(1902450,'D','1899-12-30',287,97),
(1902519,'D','1899-12-30',255,228),
(1902299,'C','1899-12-30',64,192),
(1900997,'C','1899-12-30',86,73),
(1900820,'D','1899-12-30',295,93),
(1901497,'D','1899-12-30',53,176),
(1900336,'D','1899-12-30',264,59),
(1900343,'C','1899-12-30',172,122),
(1901438,'C','1899-12-30',141,132),
(1900324,'D','1899-12-30',72,235),
(1901286,'D','1899-12-30',175,94),
(1901282,'C','1899-12-30',71,61),
(1900344,'C','1899-12-30',55,223),
(1901621,'D','1899-12-30',228,89),
(1900901,'C','1899-12-30',29,197),
(1902164,'C','1899-12-30',230,124),
(1901030,'C','1899-12-30',240,61),
(1900485,'C','1899-12-30',74,138),
(1901382,'D','1899-12-30',116,122),
(1900694,'D','1899-12-30',59,105),
(1900436,'C','1899-12-30',78,192),
(1902194,'D','1899-12-30',277,126),
(1901610,'C','1899-12-30',299,90),
(1902413,'D','1899-12-30',123,51),
(1901137,'C','1899-12-30',265,204),
(1900607,'D','1899-12-30',191,136),
(1901214,'D','1899-12-30',163,68),
(1902401,'D','1899-12-30',48,53),
(1900328,'C','1899-12-30',186,191),
(1900410,'D','1899-12-30',212,105),
(1902220,'C','1899-12-30',107,237),
(1901454,'D','1899-12-30',77,217),
(1901938,'C','1899-12-30',14,39),
(1900041,'C','1899-12-30',236,163),
(1901583,'D','1899-12-30',160,117),
(1900867,'D','1899-12-30',44,225),
(1900681,'C','1899-12-30',216,43),
(1901975,'C','1899-12-30',294,238),
(1900517,'D','1899-12-30',150,95),
(1901338,'D','1899-12-30',137,148),
(1900677,'C','1899-12-30',123,100),
(1902486,'C','1899-12-30',145,210),
(1900112,'C','1899-12-30',161,66),
(1902408,'C','1899-12-30',20,142),
(1900570,'C','1899-12-30',88,213),
(1900290,'D','1899-12-30',47,140),
(1902488,'C','1899-12-30',213,248),
(1901055,'D','1899-12-30',45,27),
(1900091,'C','1899-12-30',225,164),
(1902260,'C','1899-12-30',175,218),
(1900175,'D','1899-12-30',17,143),
(1902350,'C','1899-12-30',84,198),
(1902458,'D','1899-12-30',76,171),
(1901447,'C','1899-12-30',5,111),
(1900470,'D','1899-12-30',228,111),
(1901151,'D','1899-12-30',292,66),
(1900992,'C','1899-12-30',250,36),
(1900703,'D','1899-12-30',248,218),
(1900645,'C','1899-12-30',4,74),
(1901634,'D','1899-12-30',50,185),
(1901790,'C','1899-12-30',271,140),
(1901887,'C','1899-12-30',268,104),
(1901463,'D','1899-12-30',50,232),
(1901438,'D','1899-12-30',206,149),
(1901372,'C','1899-12-30',209,28),
(1900977,'D','1899-12-30',265,178),
(1901858,'D','1899-12-30',91,202),
(1901873,'D','1899-12-30',158,159),
(1900711,'D','1899-12-30',48,208),
(1900159,'D','1899-12-30',197,204),
(1902003,'C','1899-12-30',147,116),
(1902467,'D','1899-12-30',248,67),
(1900966,'C','1899-12-30',273,36),
(1901348,'D','1899-12-30',130,219),
(1902085,'D','1899-12-30',143,182),
(1902152,'D','1899-12-30',47,166),
(1902299,'D','1899-12-30',91,138),
(1902038,'C','1899-12-30',2,227),
(1900683,'D','1899-12-30',141,64),
(1902035,'D','1899-12-30',289,104),
(1902151,'D','1899-12-30',102,163),
(1900445,'D','1899-12-30',247,130),
(1901620,'C','1899-12-30',86,116),
(1902591,'D','1899-12-30',235,233),
(1901754,'D','1899-12-30',207,208),
(1901004,'C','1899-12-30',247,48),
(1901662,'C','1899-12-30',75,75),
(1901742,'C','1899-12-30',152,197),
(1901524,'C','1899-12-30',80,26),
(1901958,'D','1899-12-30',170,114),
(1902335,'D','1899-12-30',54,182),
(1900097,'D','1899-12-30',209,217),
(1900359,'C','1899-12-30',129,77),
(1902078,'C','1899-12-30',163,228),
(1901002,'C','1899-12-30',237,142),
(1900114,'C','1899-12-30',161,204),
(1900160,'D','1899-12-30',138,218),
(1901762,'C','1899-12-30',218,169),
(1902323,'D','1899-12-30',119,61),
(1901143,'D','1899-12-30',96,147),
(1900714,'C','1899-12-30',52,218),
(1902194,'C','1899-12-30',25,124),
(1900245,'D','1899-12-30',297,138),
(1901926,'C','1899-12-30',21,50),
(1901249,'D','1899-12-30',21,205),
(1902344,'D','1899-12-30',152,221),
(1900682,'D','1899-12-30',210,73),
(1900927,'C','1899-12-30',248,56),
(1901553,'D','1899-12-30',62,87),
(1902339,'D','1899-12-30',152,152),
(1900572,'C','1899-12-30',152,78),
(1900874,'D','1899-12-30',106,128),
(1900747,'C','1899-12-30',106,155),
(1901037,'C','1899-12-30',213,165),
(1901690,'D','1899-12-30',184,114),
(1900444,'C','1899-12-30',185,204),
(1901150,'C','1899-12-30',172,216),
(1900676,'C','1899-12-30',83,146),
(1901077,'D','1899-12-30',178,179),
(1900762,'C','1899-12-30',273,186),
(1900826,'C','1899-12-30',93,121),
(1900532,'C','1899-12-30',245,202),
(1900278,'D','1899-12-30',53,159),
(1900419,'C','1899-12-30',120,212),
(1901139,'C','1899-12-30',279,235),
(1902457,'D','1899-12-30',38,200),
(1901798,'D','1899-12-30',199,250),
(1901627,'C','1899-12-30',285,93),
(1901883,'D','1899-12-30',294,61),
(1900173,'C','1899-12-30',121,137),
(1902359,'C','1899-12-30',98,154),
(1900999,'C','1899-12-30',132,143),
(1900743,'D','1899-12-30',129,162),
(1900741,'D','1899-12-30',166,98),
(1902291,'D','1899-12-30',115,188),
(1901728,'C','1899-12-30',66,68),
(1900072,'D','1899-12-30',144,247),
(1901922,'D','1899-12-30',31,176),
(1902053,'C','1899-12-30',238,40),
(1901995,'C','1899-12-30',9,71),
(1901144,'D','1899-12-30',225,217),
(2000001,'D','1899-12-30',193,46),
(1901545,'D','1899-12-30',248,194),
(1901754,'D','1899-12-30',168,218),
(1902519,'C','1899-12-30',72,194),
(1902006,'C','1899-12-30',295,185),
(1901791,'C','1899-12-30',33,147),
(1902511,'D','1899-12-30',219,102),
(1901065,'C','1899-12-30',114,150),
(1901278,'C','1899-12-30',105,220),
(1902274,'C','1899-12-30',257,161),
(1900277,'D','1899-12-30',85,103),
(1900236,'C','1899-12-30',79,112),
(1901499,'D','1899-12-30',91,39),
(1902203,'C','1899-12-30',280,158),
(1902300,'C','1899-12-30',204,26),
(1902585,'C','1899-12-30',108,157),
(1901326,'D','1899-12-30',2,82),
(1902548,'D','1899-12-30',53,156),
(1900279,'D','1899-12-30',184,121),
(1900748,'D','1899-12-30',290,185),
(1902388,'C','1899-12-30',249,109),
(1901958,'C','1899-12-30',259,101),
(1901190,'D','1899-12-30',77,86),
(1901710,'D','1899-12-30',191,212),
(1901945,'D','1899-12-30',132,248),
(1900932,'C','1899-12-30',162,70),
(1900154,'D','1899-12-30',187,85),
(1902039,'C','1899-12-30',80,77),
(1900283,'C','1899-12-30',204,63),
(1902223,'C','1899-12-30',296,157),
(1900799,'D','1899-12-30',258,225),
(1901390,'C','1899-12-30',226,132),
(1901736,'C','1899-12-30',112,230),
(1900173,'D','1899-12-30',260,137),
(1900328,'C','1899-12-30',242,56),
(1901170,'D','1899-12-30',83,248),
(1901742,'C','1899-12-30',65,168),
(1900818,'D','1899-12-30',245,68),
(1900550,'C','1899-12-30',168,37),
(1901307,'C','1899-12-30',270,166),
(1902058,'C','1899-12-30',188,91),
(1900813,'D','1899-12-30',234,39),
(1900715,'C','1899-12-30',11,145),
(1901948,'D','1899-12-30',183,191),
(1900371,'D','1899-12-30',232,168),
(1900433,'D','1899-12-30',28,60),
(1901185,'C','1899-12-30',78,103),
(1902453,'C','1899-12-30',150,153),
(1901421,'C','1899-12-30',150,200),
(1902357,'D','1899-12-30',236,144),
(1900058,'C','1899-12-30',64,162),
(1900977,'C','1899-12-30',237,91),
(1900132,'D','1899-12-30',113,241),
(1900357,'D','1899-12-30',170,33),
(1901028,'C','1899-12-30',251,197),
(1901116,'C','1899-12-30',252,194),
(1900839,'C','1899-12-30',201,194),
(1902045,'D','1899-12-30',178,86),
(1902235,'D','1899-12-30',99,156),
(1902061,'C','1899-12-30',202,80),
(1900823,'C','1899-12-30',36,117),
(1902170,'D','1899-12-30',283,209),
(1900324,'D','1899-12-30',43,34),
(1901168,'D','1899-12-30',190,122),
(1900890,'D','1899-12-30',125,36),
(1901475,'D','1899-12-30',25,137),
(1901881,'C','1899-12-30',76,184),
(1901071,'D','1899-12-30',23,40),
(1900913,'D','1899-12-30',199,52),
(1901860,'D','1899-12-30',258,117),
(1901918,'D','1899-12-30',180,91),
(1901970,'D','1899-12-30',166,91),
(1900137,'C','1899-12-30',287,104),
(1900350,'D','1899-12-30',172,248),
(1900732,'D','1899-12-30',198,85),
(1900077,'C','1899-12-30',277,154),
(1900197,'C','1899-12-30',249,89),
(1902287,'D','1899-12-30',174,165),
(1901107,'D','1899-12-30',6,124),
(1902042,'C','1899-12-30',97,84),
(1900608,'C','1899-12-30',201,62),
(1901930,'C','1899-12-30',84,86),
(1900722,'D','1899-12-30',158,243),
(1900770,'D','1899-12-30',147,28),
(1901791,'D','1899-12-30',65,115),
(1901625,'D','1899-12-30',175,165),
(1901722,'D','1899-12-30',131,66),
(1900670,'C','1899-12-30',233,57),
(1902044,'D','1899-12-30',161,90),
(1901712,'D','1899-12-30',223,149),
(1900587,'D','1899-12-30',267,151),
(1900509,'D','1899-12-30',138,214),
(1902460,'D','1899-12-30',171,135),
(1901015,'C','1899-12-30',13,168),
(1901702,'D','1899-12-30',256,31),
(1900729,'D','1899-12-30',160,230),
(1902037,'C','1899-12-30',89,42),
(1902409,'D','1899-12-30',198,186),
(1901643,'D','1899-12-30',298,54),
(1902383,'C','1899-12-30',45,156),
(1900194,'C','1899-12-30',265,148),
(1902147,'D','1899-12-30',64,34),
(1900483,'D','1899-12-30',81,241),
(1900636,'C','1899-12-30',226,53),
(1902296,'C','1899-12-30',50,54),
(1900415,'C','1899-12-30',214,56),
(1901333,'C','1899-12-30',150,157),
(1901928,'D','1899-12-30',11,57),
(1901339,'D','1899-12-30',119,79),
(1902091,'D','1899-12-30',119,184),
(1900336,'D','1899-12-30',101,28),
(1900119,'D','1899-12-30',213,46),
(1902249,'D','1899-12-30',288,194),
(1902210,'C','1899-12-30',275,109),
(1900499,'D','1899-12-30',214,209),
(1901618,'D','1899-12-30',50,105),
(1901733,'D','1899-12-30',45,208),
(1900616,'C','1899-12-30',280,76),
(1901567,'D','1899-12-30',110,177),
(1901814,'C','1899-12-30',87,94),
(1901529,'D','1899-12-30',102,238),
(1900870,'D','1899-12-30',215,230),
(1900595,'D','1899-12-30',159,212),
(1900621,'D','1899-12-30',196,169),
(1902432,'C','1899-12-30',148,57),
(1901606,'C','1899-12-30',161,71),
(1901459,'C','1899-12-30',43,94),
(1900194,'C','1899-12-30',194,97),
(1902513,'D','1899-12-30',22,157),
(1900337,'D','1899-12-30',87,154),
(1901092,'C','1899-12-30',34,112),
(1901931,'D','1899-12-30',137,243),
(1900685,'C','1899-12-30',218,156),
(1901883,'C','1899-12-30',164,75),
(1900317,'C','1899-12-30',190,26),
(1901317,'D','1899-12-30',171,92),
(1900378,'C','1899-12-30',19,158),
(1901702,'D','1899-12-30',276,44),
(1900943,'C','1899-12-30',55,50),
(1902098,'C','1899-12-30',264,88),
(1902409,'D','1899-12-30',164,206),
(1901836,'D','1899-12-30',206,26),
(1901719,'D','1899-12-30',139,50),
(1902393,'C','1899-12-30',231,63),
(1900104,'C','1899-12-30',185,189),
(1900907,'D','1899-12-30',200,71),
(1900711,'D','1899-12-30',70,185),
(1901606,'D','1899-12-30',110,54),
(1900741,'D','1899-12-30',10,110),
(1901542,'C','1899-12-30',64,72),
(1902010,'C','1899-12-30',116,115),
(1902326,'D','1899-12-30',76,235),
(1901712,'D','1899-12-30',24,117),
(1900201,'D','1899-12-30',169,186),
(1901498,'C','1899-12-30',287,237),
(1900837,'C','1899-12-30',142,186),
(1900434,'D','1899-12-30',189,59),
(1901014,'C','1899-12-30',105,28),
(1900105,'C','1899-12-30',166,202),
(1901599,'D','1899-12-30',170,160),
(1902060,'D','1899-12-30',122,113),
(1902259,'C','1899-12-30',171,108),
(1900604,'C','1899-12-30',98,236),
(1900347,'D','1899-12-30',66,185),
(1902126,'C','1899-12-30',188,185),
(1902359,'D','1899-12-30',293,37),
(1900249,'D','1899-12-30',186,166),
(1900402,'D','1899-12-30',267,28),
(1902115,'C','1899-12-30',260,100),
(1901391,'D','1899-12-30',250,83),
(1901757,'C','1899-12-30',72,103),
(1901045,'C','1899-12-30',62,162),
(1901143,'D','1899-12-30',11,206),
(1901609,'C','1899-12-30',137,173),
(1901024,'D','1899-12-30',30,192),
(1901441,'C','1899-12-30',51,113),
(1900491,'D','1899-12-30',133,226),
(1900608,'C','1899-12-30',137,90),
(1902311,'D','1899-12-30',222,69),
(1901454,'D','1899-12-30',272,38),
(1900315,'C','1899-12-30',252,174),
(1900764,'D','1899-12-30',227,167),
(1900244,'D','1899-12-30',293,32),
(1900019,'D','1899-12-30',148,29),
(1900188,'D','1899-12-30',104,156),
(1901725,'C','1899-12-30',104,159),
(1901551,'D','1899-12-30',141,90),
(1901427,'C','1899-12-30',108,211),
(1900397,'C','1899-12-30',127,35),
(1900730,'C','1899-12-30',297,64),
(1902528,'C','1899-12-30',68,172),
(1902460,'D','1899-12-30',273,208)
;